reward_mode,gamma,lambda,trace_type,epsilon_schedule,seed,episode,step,state_row,state_column,has_key_before,selected_action,executed_action,reward,next_row,next_column,has_key_after,next_action,done,event,epsilon,alpha,current_old_q,next_action_q,td_target,td_error,trace_row,trace_column,trace_has_key,trace_action,eligibility_before_decay,eligibility_after_decay,trace_old_q,update_amount,trace_new_q,active_traces_before_decay,active_traces_after_decay
sparse,0.9,0.7,replacing,exponential,3,3000,1,1,1,0,right,right,-0.1,1,2,0,down,False,normal_move,0.05,0.1,0.25007573027002855,0.4808008235004825,0.33272074115043426,0.08264501088040571,1,1,0,right,1.0,0.63,0.25007573027002855,0.008264501088040572,0.2583402313580691,1,1
sparse,0.9,0.7,replacing,exponential,3,3000,2,1,2,0,down,down,-0.1,2,2,0,up,False,normal_move,0.05,0.1,0.4808008235004825,-0.24645947176724625,-0.32181352459052165,-0.8026143480910042,1,1,0,right,0.63,0.39690000000000003,0.2583402313580691,-0.050564703929733265,0.20777552742833583,2,2
sparse,0.9,0.7,replacing,exponential,3,3000,2,1,2,0,down,down,-0.1,2,2,0,up,False,normal_move,0.05,0.1,0.4808008235004825,-0.24645947176724625,-0.32181352459052165,-0.8026143480910042,1,2,0,down,1.0,0.63,0.4808008235004825,-0.08026143480910042,0.40053938869138206,2,2
sparse,0.9,0.7,replacing,exponential,3,3000,3,2,2,0,up,left,-0.1,2,1,0,right,False,normal_move,0.05,0.1,-0.24645947176724625,0.5219762126785866,0.369778591410728,0.6162380631779742,1,1,0,right,0.39690000000000003,0.250047,0.20777552742833583,0.0244584887275338,0.23223401615586964,3,3
sparse,0.9,0.7,replacing,exponential,3,3000,3,2,2,0,up,left,-0.1,2,1,0,right,False,normal_move,0.05,0.1,-0.24645947176724625,0.5219762126785866,0.369778591410728,0.6162380631779742,1,2,0,down,0.63,0.39690000000000003,0.40053938869138206,0.03882299798021238,0.43936238667159444,3,3
sparse,0.9,0.7,replacing,exponential,3,3000,3,2,2,0,up,left,-0.1,2,1,0,right,False,normal_move,0.05,0.1,-0.24645947176724625,0.5219762126785866,0.369778591410728,0.6162380631779742,2,2,0,up,1.0,0.63,-0.24645947176724625,0.06162380631779743,-0.18483566544944882,3,3
sparse,0.9,0.7,replacing,exponential,3,3000,4,2,1,0,right,down,-0.1,3,1,0,right,False,normal_move,0.05,0.1,0.5219762126785866,-1.3437868115738458,-1.3094081304164613,-1.8313843430950478,1,1,0,right,0.250047,0.15752961000000001,0.23223401615586964,-0.04579321608378875,0.1864408000720809,4,4
sparse,0.9,0.7,replacing,exponential,3,3000,4,2,1,0,right,down,-0.1,3,1,0,right,False,normal_move,0.05,0.1,0.5219762126785866,-1.3437868115738458,-1.3094081304164613,-1.8313843430950478,1,2,0,down,0.39690000000000003,0.250047,0.43936238667159444,-0.07268764457744246,0.36667474209415196,4,4
sparse,0.9,0.7,replacing,exponential,3,3000,4,2,1,0,right,down,-0.1,3,1,0,right,False,normal_move,0.05,0.1,0.5219762126785866,-1.3437868115738458,-1.3094081304164613,-1.8313843430950478,2,2,0,up,0.63,0.39690000000000003,-0.18483566544944882,-0.11537721361498803,-0.30021287906443683,4,4
sparse,0.9,0.7,replacing,exponential,3,3000,4,2,1,0,right,down,-0.1,3,1,0,right,False,normal_move,0.05,0.1,0.5219762126785866,-1.3437868115738458,-1.3094081304164613,-1.8313843430950478,2,1,0,right,1.0,0.63,0.5219762126785866,-0.1831384343095048,0.3388377783690818,4,4
sparse,0.9,0.7,replacing,exponential,3,3000,5,3,1,0,right,right,-0.1,3,2,0,up,False,normal_move,0.05,0.1,-1.3437868115738458,0.5235137871340958,0.37116240842068626,1.7149492199945322,1,1,0,right,0.15752961000000001,0.09924365430000001,0.1864408000720809,0.027015528179554292,0.21345632825163519,5,5
sparse,0.9,0.7,replacing,exponential,3,3000,5,3,1,0,right,right,-0.1,3,2,0,up,False,normal_move,0.05,0.1,-1.3437868115738458,0.5235137871340958,0.37116240842068626,1.7149492199945322,1,2,0,down,0.250047,0.15752961000000001,0.36667474209415196,0.04288179076119729,0.40955653285534926,5,5
sparse,0.9,0.7,replacing,exponential,3,3000,5,3,1,0,right,right,-0.1,3,2,0,up,False,normal_move,0.05,0.1,-1.3437868115738458,0.5235137871340958,0.37116240842068626,1.7149492199945322,2,2,0,up,0.39690000000000003,0.250047,-0.30021287906443683,0.06806633454158299,-0.23214654452285383,5,5
sparse,0.9,0.7,replacing,exponential,3,3000,5,3,1,0,right,right,-0.1,3,2,0,up,False,normal_move,0.05,0.1,-1.3437868115738458,0.5235137871340958,0.37116240842068626,1.7149492199945322,2,1,0,right,0.63,0.39690000000000003,0.3388377783690818,0.10804180085965553,0.44687957922873733,5,5
sparse,0.9,0.7,replacing,exponential,3,3000,5,3,1,0,right,right,-0.1,3,2,0,up,False,normal_move,0.05,0.1,-1.3437868115738458,0.5235137871340958,0.37116240842068626,1.7149492199945322,3,1,0,right,1.0,0.63,-1.3437868115738458,0.17149492199945324,-1.1722918895743926,5,5
sparse,0.9,0.7,replacing,exponential,3,3000,6,3,2,0,up,up,-0.1,2,2,0,right,False,normal_move,0.05,0.1,0.5235137871340958,0.7673607564126927,0.5906246807714235,0.0671108936373277,1,1,0,right,0.09924365430000001,0.062523502209,0.21345632825163519,0.000666033032790702,0.21412236128442588,6,6
sparse,0.9,0.7,replacing,exponential,3,3000,6,3,2,0,up,up,-0.1,2,2,0,right,False,normal_move,0.05,0.1,0.5235137871340958,0.7673607564126927,0.5906246807714235,0.0671108936373277,1,2,0,down,0.15752961000000001,0.09924365430000001,0.40955653285534926,0.0010571952901439715,0.41061372814549324,6,6
sparse,0.9,0.7,replacing,exponential,3,3000,6,3,2,0,up,up,-0.1,2,2,0,right,False,normal_move,0.05,0.1,0.5235137871340958,0.7673607564126927,0.5906246807714235,0.0671108936373277,2,2,0,up,0.250047,0.15752961000000001,-0.23214654452285383,0.0016780877621332879,-0.23046845676072053,6,6
sparse,0.9,0.7,replacing,exponential,3,3000,6,3,2,0,up,up,-0.1,2,2,0,right,False,normal_move,0.05,0.1,0.5235137871340958,0.7673607564126927,0.5906246807714235,0.0671108936373277,2,1,0,right,0.39690000000000003,0.250047,0.44687957922873733,0.0026636313684655364,0.44954321059720287,6,6
sparse,0.9,0.7,replacing,exponential,3,3000,6,3,2,0,up,up,-0.1,2,2,0,right,False,normal_move,0.05,0.1,0.5235137871340958,0.7673607564126927,0.5906246807714235,0.0671108936373277,3,1,0,right,0.63,0.39690000000000003,-1.1722918895743926,0.004227986299151645,-1.168063903275241,6,6
sparse,0.9,0.7,replacing,exponential,3,3000,6,3,2,0,up,up,-0.1,2,2,0,right,False,normal_move,0.05,0.1,0.5235137871340958,0.7673607564126927,0.5906246807714235,0.0671108936373277,3,2,0,up,1.0,0.63,0.5235137871340958,0.0067110893637327695,0.5302248764978286,6,6
sparse,0.9,0.7,replacing,exponential,3,3000,7,2,2,0,right,down,-0.1,3,2,0,up,False,normal_move,0.05,0.1,0.7673607564126927,0.5302248764978286,0.3772023888480457,-0.39015836756464706,1,1,0,right,0.062523502209,0.03938980639167,0.21412236128442588,-0.002439406755628805,0.21168295452879707,6,6
sparse,0.9,0.7,replacing,exponential,3,3000,7,2,2,0,right,down,-0.1,3,2,0,up,False,normal_move,0.05,0.1,0.7673607564126927,0.5302248764978286,0.3772023888480457,-0.39015836756464706,1,2,0,down,0.09924365430000001,0.062523502209,0.41061372814549324,-0.0038720742152838173,0.40674165393020945,6,6
sparse,0.9,0.7,replacing,exponential,3,3000,7,2,2,0,right,down,-0.1,3,2,0,up,False,normal_move,0.05,0.1,0.7673607564126927,0.5302248764978286,0.3772023888480457,-0.39015836756464706,2,1,0,right,0.250047,0.15752961000000001,0.44954321059720287,-0.009755792933443731,0.4397874176637591,6,6
sparse,0.9,0.7,replacing,exponential,3,3000,7,2,2,0,right,down,-0.1,3,2,0,up,False,normal_move,0.05,0.1,0.7673607564126927,0.5302248764978286,0.3772023888480457,-0.39015836756464706,3,1,0,right,0.39690000000000003,0.250047,-1.168063903275241,-0.015485385608640843,-1.1835492888838817,6,6
sparse,0.9,0.7,replacing,exponential,3,3000,7,2,2,0,right,down,-0.1,3,2,0,up,False,normal_move,0.05,0.1,0.7673607564126927,0.5302248764978286,0.3772023888480457,-0.39015836756464706,3,2,0,up,0.63,0.39690000000000003,0.5302248764978286,-0.024579977156572768,0.5056448993412558,6,6
sparse,0.9,0.7,replacing,exponential,3,3000,7,2,2,0,right,down,-0.1,3,2,0,up,False,normal_move,0.05,0.1,0.7673607564126927,0.5302248764978286,0.3772023888480457,-0.39015836756464706,2,2,0,right,1.0,0.63,0.7673607564126927,-0.03901583675646471,0.728344919656228,6,6
sparse,0.9,0.7,replacing,exponential,3,3000,8,3,2,0,up,right,-0.1,3,3,0,up,False,normal_move,0.05,0.1,0.5056448993412558,0.8733848023868466,0.686046322148162,0.1804014228069062,1,1,0,right,0.03938980639167,0.024815578026752102,0.21168295452879707,0.0007105977117145835,0.21239355224051165,6,6
sparse,0.9,0.7,replacing,exponential,3,3000,8,3,2,0,up,right,-0.1,3,3,0,up,False,normal_move,0.05,0.1,0.5056448993412558,0.8733848023868466,0.686046322148162,0.1804014228069062,1,2,0,down,0.062523502209,0.03938980639167,0.40674165393020945,0.0011279328757374343,0.40786958680594687,6,6
sparse,0.9,0.7,replacing,exponential,3,3000,8,3,2,0,up,right,-0.1,3,3,0,up,False,normal_move,0.05,0.1,0.5056448993412558,0.8733848023868466,0.686046322148162,0.1804014228069062,2,1,0,right,0.15752961000000001,0.09924365430000001,0.4397874176637591,0.002841856577821704,0.44262927424158083,6,6
sparse,0.9,0.7,replacing,exponential,3,3000,8,3,2,0,up,right,-0.1,3,3,0,up,False,normal_move,0.05,0.1,0.5056448993412558,0.8733848023868466,0.686046322148162,0.1804014228069062,3,1,0,right,0.250047,0.15752961000000001,-1.1835492888838817,0.004510883456859847,-1.1790384054270218,6,6
sparse,0.9,0.7,replacing,exponential,3,3000,8,3,2,0,up,right,-0.1,3,3,0,up,False,normal_move,0.05,0.1,0.5056448993412558,0.8733848023868466,0.686046322148162,0.1804014228069062,3,2,0,up,1.0,0.63,0.5056448993412558,0.01804014228069062,0.5236850416219464,6,6
sparse,0.9,0.7,replacing,exponential,3,3000,8,3,2,0,up,right,-0.1,3,3,0,up,False,normal_move,0.05,0.1,0.5056448993412558,0.8733848023868466,0.686046322148162,0.1804014228069062,2,2,0,right,0.63,0.39690000000000003,0.728344919656228,0.01136528963683509,0.7397102092930632,6,6
sparse,0.9,0.7,replacing,exponential,3,3000,9,3,3,0,up,up,-0.1,2,3,0,right,False,normal_move,0.05,0.1,0.8733848023868466,1.037161192561132,0.8334450733050188,-0.039939729081827746,1,1,0,right,0.024815578026752102,0.015633814156853824,0.21239355224051165,-9.911274633974365e-05,0.2122944394941719,7,7
sparse,0.9,0.7,replacing,exponential,3,3000,9,3,3,0,up,up,-0.1,2,3,0,right,False,normal_move,0.05,0.1,0.8733848023868466,1.037161192561132,0.8334450733050188,-0.039939729081827746,1,2,0,down,0.03938980639167,0.024815578026752102,0.40786958680594687,-0.0001573218195868947,0.40771226498636,7,7
sparse,0.9,0.7,replacing,exponential,3,3000,9,3,3,0,up,up,-0.1,2,3,0,right,False,normal_move,0.05,0.1,0.8733848023868466,1.037161192561132,0.8334450733050188,-0.039939729081827746,2,1,0,right,0.09924365430000001,0.062523502209,0.44262927424158083,-0.000396376466583257,0.4422328977749976,7,7
sparse,0.9,0.7,replacing,exponential,3,3000,9,3,3,0,up,up,-0.1,2,3,0,right,False,normal_move,0.05,0.1,0.8733848023868466,1.037161192561132,0.8334450733050188,-0.039939729081827746,3,1,0,right,0.15752961000000001,0.09924365430000001,-1.1790384054270218,-0.0006291689945765984,-1.1796675744215983,7,7
sparse,0.9,0.7,replacing,exponential,3,3000,9,3,3,0,up,up,-0.1,2,3,0,right,False,normal_move,0.05,0.1,0.8733848023868466,1.037161192561132,0.8334450733050188,-0.039939729081827746,3,2,0,up,0.63,0.39690000000000003,0.5236850416219464,-0.002516202932155148,0.5211688386897912,7,7
sparse,0.9,0.7,replacing,exponential,3,3000,9,3,3,0,up,up,-0.1,2,3,0,right,False,normal_move,0.05,0.1,0.8733848023868466,1.037161192561132,0.8334450733050188,-0.039939729081827746,2,2,0,right,0.39690000000000003,0.250047,0.7397102092930632,-0.0015852078472577435,0.7381250014458054,7,7
sparse,0.9,0.7,replacing,exponential,3,3000,9,3,3,0,up,up,-0.1,2,3,0,right,False,normal_move,0.05,0.1,0.8733848023868466,1.037161192561132,0.8334450733050188,-0.039939729081827746,3,3,0,up,1.0,0.63,0.8733848023868466,-0.003993972908182775,0.8693908294786638,7,7
sparse,0.9,0.7,replacing,exponential,3,3000,10,2,3,0,right,right,-0.1,2,4,0,right,False,normal_move,0.05,0.1,1.037161192561132,1.2831876964614533,1.054868926815308,0.017707734254176044,1,1,0,right,0.015633814156853824,0.00984930291881791,0.2122944394941719,2.7683942646874287e-05,0.21232212343681878,8,8
sparse,0.9,0.7,replacing,exponential,3,3000,10,2,3,0,right,right,-0.1,2,4,0,right,False,normal_move,0.05,0.1,1.037161192561132,1.2831876964614533,1.054868926815308,0.017707734254176044,1,2,0,down,0.024815578026752102,0.015633814156853824,0.40771226498636,4.394276610614966e-05,0.4077562077524661,8,8
sparse,0.9,0.7,replacing,exponential,3,3000,10,2,3,0,right,right,-0.1,2,4,0,right,False,normal_move,0.05,0.1,1.037161192561132,1.2831876964614533,1.054868926815308,0.017707734254176044,2,1,0,right,0.062523502209,0.03938980639167,0.4422328977749976,0.0001107149561757361,0.44234361273117334,8,8
sparse,0.9,0.7,replacing,exponential,3,3000,10,2,3,0,right,right,-0.1,2,4,0,right,False,normal_move,0.05,0.1,1.037161192561132,1.2831876964614533,1.054868926815308,0.017707734254176044,3,1,0,right,0.09924365430000001,0.062523502209,-1.1796675744215983,0.0001757380256757716,-1.1794918363959226,8,8
sparse,0.9,0.7,replacing,exponential,3,3000,10,2,3,0,right,right,-0.1,2,4,0,right,False,normal_move,0.05,0.1,1.037161192561132,1.2831876964614533,1.054868926815308,0.017707734254176044,3,2,0,up,0.39690000000000003,0.250047,0.5211688386897912,0.0007028199725482473,0.5218716586623395,8,8
sparse,0.9,0.7,replacing,exponential,3,3000,10,2,3,0,right,right,-0.1,2,4,0,right,False,normal_move,0.05,0.1,1.037161192561132,1.2831876964614533,1.054868926815308,0.017707734254176044,2,2,0,right,0.250047,0.15752961000000001,0.7381250014458054,0.0004427765827053958,0.7385677780285108,8,8
sparse,0.9,0.7,replacing,exponential,3,3000,10,2,3,0,right,right,-0.1,2,4,0,right,False,normal_move,0.05,0.1,1.037161192561132,1.2831876964614533,1.054868926815308,0.017707734254176044,3,3,0,up,0.63,0.39690000000000003,0.8693908294786638,0.0011155872580130908,0.8705064167366768,8,8
sparse,0.9,0.7,replacing,exponential,3,3000,10,2,3,0,right,right,-0.1,2,4,0,right,False,normal_move,0.05,0.1,1.037161192561132,1.2831876964614533,1.054868926815308,0.017707734254176044,2,3,0,right,1.0,0.63,1.037161192561132,0.0017707734254176046,1.0389319659865495,8,8
sparse,0.9,0.7,replacing,exponential,3,3000,11,2,4,0,right,right,-0.1,2,5,0,up,False,normal_move,0.05,0.1,1.2831876964614533,0.7311330542680247,0.5580197488412222,-0.7251679476202311,1,1,0,right,0.00984930291881791,0.006205060838855283,0.21232212343681878,-0.0007142398783129135,0.21160788355850588,9,9
sparse,0.9,0.7,replacing,exponential,3,3000,11,2,4,0,right,right,-0.1,2,5,0,up,False,normal_move,0.05,0.1,1.2831876964614533,0.7311330542680247,0.5580197488412222,-0.7251679476202311,1,2,0,down,0.015633814156853824,0.00984930291881791,0.4077562077524661,-0.00113371409256018,0.40662249365990594,9,9
sparse,0.9,0.7,replacing,exponential,3,3000,11,2,4,0,right,right,-0.1,2,5,0,up,False,normal_move,0.05,0.1,1.2831876964614533,0.7311330542680247,0.5580197488412222,-0.7251679476202311,2,1,0,right,0.03938980639167,0.024815578026752102,0.44234361273117334,-0.0028564225058205594,0.43948719022535276,9,9
sparse,0.9,0.7,replacing,exponential,3,3000,11,2,4,0,right,right,-0.1,2,5,0,up,False,normal_move,0.05,0.1,1.2831876964614533,0.7311330542680247,0.5580197488412222,-0.7251679476202311,3,1,0,right,0.062523502209,0.03938980639167,-1.1794918363959226,-0.004534003977492952,-1.1840258403734156,9,9
sparse,0.9,0.7,replacing,exponential,3,3000,11,2,4,0,right,right,-0.1,2,5,0,up,False,normal_move,0.05,0.1,1.2831876964614533,0.7311330542680247,0.5580197488412222,-0.7251679476202311,3,2,0,up,0.250047,0.15752961000000001,0.5218716586623395,-0.018132606979859592,0.5037390516824799,9,9
sparse,0.9,0.7,replacing,exponential,3,3000,11,2,4,0,right,right,-0.1,2,5,0,up,False,normal_move,0.05,0.1,1.2831876964614533,0.7311330542680247,0.5580197488412222,-0.7251679476202311,2,2,0,right,0.15752961000000001,0.09924365430000001,0.7385677780285108,-0.011423542397311543,0.7271442356311992,9,9
sparse,0.9,0.7,replacing,exponential,3,3000,11,2,4,0,right,right,-0.1,2,5,0,up,False,normal_move,0.05,0.1,1.2831876964614533,0.7311330542680247,0.5580197488412222,-0.7251679476202311,3,3,0,up,0.39690000000000003,0.250047,0.8705064167366768,-0.028781915841046973,0.8417245008956299,9,9
sparse,0.9,0.7,replacing,exponential,3,3000,11,2,4,0,right,right,-0.1,2,5,0,up,False,normal_move,0.05,0.1,1.2831876964614533,0.7311330542680247,0.5580197488412222,-0.7251679476202311,2,3,0,right,0.63,0.39690000000000003,1.0389319659865495,-0.04568558070007456,0.9932463852864749,9,9
sparse,0.9,0.7,replacing,exponential,3,3000,11,2,4,0,right,right,-0.1,2,5,0,up,False,normal_move,0.05,0.1,1.2831876964614533,0.7311330542680247,0.5580197488412222,-0.7251679476202311,2,4,0,right,1.0,0.63,1.2831876964614533,-0.0725167947620231,1.2106709016994301,9,9
sparse,0.9,0.7,replacing,exponential,3,3000,12,2,5,0,up,up,-0.1,1,5,0,down,False,normal_move,0.05,0.1,0.7311330542680247,1.2414851732816972,1.0173366559535273,0.28620360168550263,1,1,0,right,0.006205060838855283,0.003909188328478828,0.21160788355850588,0.00017759107607580484,0.2117854746345817,10,10
sparse,0.9,0.7,replacing,exponential,3,3000,12,2,5,0,up,up,-0.1,1,5,0,down,False,normal_move,0.05,0.1,0.7311330542680247,1.2414851732816972,1.0173366559535273,0.28620360168550263,1,2,0,down,0.00984930291881791,0.006205060838855283,0.40662249365990594,0.000281890596945722,0.40690438425685166,10,10
sparse,0.9,0.7,replacing,exponential,3,3000,12,2,5,0,up,up,-0.1,1,5,0,down,False,normal_move,0.05,0.1,0.7311330542680247,1.2414851732816972,1.0173366559535273,0.28620360168550263,2,1,0,right,0.024815578026752102,0.015633814156853824,0.43948719022535276,0.000710230780916407,0.4401974210062692,10,10
sparse,0.9,0.7,replacing,exponential,3,3000,12,2,5,0,up,up,-0.1,1,5,0,down,False,normal_move,0.05,0.1,0.7311330542680247,1.2414851732816972,1.0173366559535273,0.28620360168550263,3,1,0,right,0.03938980639167,0.024815578026752102,-1.1840258403734156,0.0011273504458990588,-1.1828984899275166,10,10
sparse,0.9,0.7,replacing,exponential,3,3000,12,2,5,0,up,up,-0.1,1,5,0,down,False,normal_move,0.05,0.1,0.7311330542680247,1.2414851732816972,1.0173366559535273,0.28620360168550263,3,2,0,up,0.15752961000000001,0.09924365430000001,0.5037390516824799,0.004508554175411258,0.5082476058578912,10,10
sparse,0.9,0.7,replacing,exponential,3,3000,12,2,5,0,up,up,-0.1,1,5,0,down,False,normal_move,0.05,0.1,0.7311330542680247,1.2414851732816972,1.0173366559535273,0.28620360168550263,2,2,0,right,0.09924365430000001,0.062523502209,0.7271442356311992,0.0028403891305090927,0.7299846247617083,10,10
sparse,0.9,0.7,replacing,exponential,3,3000,12,2,5,0,up,up,-0.1,1,5,0,down,False,normal_move,0.05,0.1,0.7311330542680247,1.2414851732816972,1.0173366559535273,0.28620360168550263,3,3,0,up,0.250047,0.15752961000000001,0.8417245008956299,0.007156435199065489,0.8488809360946954,10,10
sparse,0.9,0.7,replacing,exponential,3,3000,12,2,5,0,up,up,-0.1,1,5,0,down,False,normal_move,0.05,0.1,0.7311330542680247,1.2414851732816972,1.0173366559535273,0.28620360168550263,2,3,0,right,0.39690000000000003,0.250047,0.9932463852864749,0.0113594209508976,1.0046058062373726,10,10
sparse,0.9,0.7,replacing,exponential,3,3000,12,2,5,0,up,up,-0.1,1,5,0,down,False,normal_move,0.05,0.1,0.7311330542680247,1.2414851732816972,1.0173366559535273,0.28620360168550263,2,4,0,right,0.63,0.39690000000000003,1.2106709016994301,0.018030826906186667,1.2287017286056168,10,10
sparse,0.9,0.7,replacing,exponential,3,3000,12,2,5,0,up,up,-0.1,1,5,0,down,False,normal_move,0.05,0.1,0.7311330542680247,1.2414851732816972,1.0173366559535273,0.28620360168550263,2,5,0,up,1.0,0.63,0.7311330542680247,0.028620360168550265,0.759753414436575,10,10
sparse,0.9,0.7,replacing,exponential,3,3000,13,1,5,0,down,down,-0.1,2,5,0,down,False,normal_move,0.05,0.1,1.2414851732816972,1.5754285093964997,1.3178856584568497,0.07640048517515252,1,1,0,right,0.003909188328478828,0.0024627886469416617,0.2117854746345817,2.9866388493682602e-05,0.21181534102307537,11,11
sparse,0.9,0.7,replacing,exponential,3,3000,13,1,5,0,down,down,-0.1,2,5,0,down,False,normal_move,0.05,0.1,1.2414851732816972,1.5754285093964997,1.3178856584568497,0.07640048517515252,1,2,0,down,0.006205060838855283,0.003909188328478828,0.40690438425685166,4.7406965862988256e-05,0.40695179122271463,11,11
sparse,0.9,0.7,replacing,exponential,3,3000,13,1,5,0,down,down,-0.1,2,5,0,down,False,normal_move,0.05,0.1,1.2414851732816972,1.5754285093964997,1.3178856584568497,0.07640048517515252,2,1,0,right,0.015633814156853824,0.00984930291881791,0.4401974210062692,0.00011944309867218003,0.44031686410494136,11,11
sparse,0.9,0.7,replacing,exponential,3,3000,13,1,5,0,down,down,-0.1,2,5,0,down,False,normal_move,0.05,0.1,1.2414851732816972,1.5754285093964997,1.3178856584568497,0.07640048517515252,3,1,0,right,0.024815578026752102,0.015633814156853824,-1.1828984899275166,0.0001895922201145715,-1.182708897707402,11,11
sparse,0.9,0.7,replacing,exponential,3,3000,13,1,5,0,down,down,-0.1,2,5,0,down,False,normal_move,0.05,0.1,1.2414851732816972,1.5754285093964997,1.3178856584568497,0.07640048517515252,3,2,0,up,0.09924365430000001,0.062523502209,0.5082476058578912,0.0007582263339075113,0.5090058321917987,11,11
sparse,0.9,0.7,replacing,exponential,3,3000,13,1,5,0,down,down,-0.1,2,5,0,down,False,normal_move,0.05,0.1,1.2414851732816972,1.5754285093964997,1.3178856584568497,0.07640048517515252,2,2,0,right,0.062523502209,0.03938980639167,0.7299846247617083,0.00047768259036173215,0.7304623073520701,11,11
sparse,0.9,0.7,replacing,exponential,3,3000,13,1,5,0,down,down,-0.1,2,5,0,down,False,normal_move,0.05,0.1,1.2414851732816972,1.5754285093964997,1.3178856584568497,0.07640048517515252,3,3,0,up,0.15752961000000001,0.09924365430000001,0.8488809360946954,0.001203533863345256,0.8500844699580407,11,11
sparse,0.9,0.7,replacing,exponential,3,3000,13,1,5,0,down,down,-0.1,2,5,0,down,False,normal_move,0.05,0.1,1.2414851732816972,1.5754285093964997,1.3178856584568497,0.07640048517515252,2,3,0,right,0.250047,0.15752961000000001,1.0046058062373726,0.0019103712116591365,1.0065161774490317,11,11
sparse,0.9,0.7,replacing,exponential,3,3000,13,1,5,0,down,down,-0.1,2,5,0,down,False,normal_move,0.05,0.1,1.2414851732816972,1.5754285093964997,1.3178856584568497,0.07640048517515252,2,4,0,right,0.39690000000000003,0.250047,1.2287017286056168,0.003032335256601804,1.2317340638622185,11,11
sparse,0.9,0.7,replacing,exponential,3,3000,13,1,5,0,down,down,-0.1,2,5,0,down,False,normal_move,0.05,0.1,1.2414851732816972,1.5754285093964997,1.3178856584568497,0.07640048517515252,2,5,0,up,0.63,0.39690000000000003,0.759753414436575,0.00481323056603461,0.7645666450026096,11,11
sparse,0.9,0.7,replacing,exponential,3,3000,13,1,5,0,down,down,-0.1,2,5,0,down,False,normal_move,0.05,0.1,1.2414851732816972,1.5754285093964997,1.3178856584568497,0.07640048517515252,1,5,0,down,1.0,0.63,1.2414851732816972,0.007640048517515253,1.2491252217992124,11,11
sparse,0.9,0.7,replacing,exponential,3,3000,14,2,5,0,down,down,-0.1,3,5,0,right,False,normal_move,0.05,0.1,1.5754285093964997,1.8729123943796164,1.5856211549416548,0.010192645545155088,1,1,0,right,0.0024627886469416617,0.001551556847573247,0.21181534102307537,2.5102331730908456e-06,0.21181785125624847,11,11
sparse,0.9,0.7,replacing,exponential,3,3000,14,2,5,0,down,down,-0.1,3,5,0,right,False,normal_move,0.05,0.1,1.5754285093964997,1.8729123943796164,1.5856211549416548,0.010192645545155088,1,2,0,down,0.003909188328478828,0.0024627886469416617,0.40695179122271463,3.9844971001441995e-06,0.4069557757198148,11,11
sparse,0.9,0.7,replacing,exponential,3,3000,14,2,5,0,down,down,-0.1,3,5,0,right,False,normal_move,0.05,0.1,1.5754285093964997,1.8729123943796164,1.5856211549416548,0.010192645545155088,2,1,0,right,0.00984930291881791,0.006205060838855283,0.44031686410494136,1.0039045351837237e-05,0.4403269031502932,11,11
sparse,0.9,0.7,replacing,exponential,3,3000,14,2,5,0,down,down,-0.1,3,5,0,right,False,normal_move,0.05,0.1,1.5754285093964997,1.8729123943796164,1.5856211549416548,0.010192645545155088,3,1,0,right,0.015633814156853824,0.00984930291881791,-1.182708897707402,1.593499262196387e-05,-1.1826929627147802,11,11
sparse,0.9,0.7,replacing,exponential,3,3000,14,2,5,0,down,down,-0.1,3,5,0,right,False,normal_move,0.05,0.1,1.5754285093964997,1.8729123943796164,1.5856211549416548,0.010192645545155088,3,2,0,up,0.062523502209,0.03938980639167,0.5090058321917987,6.372798962580582e-05,0.5090695601814246,11,11
sparse,0.9,0.7,replacing,exponential,3,3000,14,2,5,0,down,down,-0.1,3,5,0,right,False,normal_move,0.05,0.1,1.5754285093964997,1.8729123943796164,1.5856211549416548,0.010192645545155088,2,2,0,right,0.03938980639167,0.024815578026752102,0.7304623073520701,4.014863346425767e-05,0.7305024559855343,11,11
sparse,0.9,0.7,replacing,exponential,3,3000,14,2,5,0,down,down,-0.1,3,5,0,right,False,normal_move,0.05,0.1,1.5754285093964997,1.8729123943796164,1.5856211549416548,0.010192645545155088,3,3,0,up,0.09924365430000001,0.062523502209,0.8500844699580407,0.00010115553908858068,0.8501856254971293,11,11
sparse,0.9,0.7,replacing,exponential,3,3000,14,2,5,0,down,down,-0.1,3,5,0,right,False,normal_move,0.05,0.1,1.5754285093964997,1.8729123943796164,1.5856211549416548,0.010192645545155088,2,3,0,right,0.15752961000000001,0.09924365430000001,1.0065161774490317,0.00016056434775965186,1.0066767417967912,11,11
sparse,0.9,0.7,replacing,exponential,3,3000,14,2,5,0,down,down,-0.1,3,5,0,right,False,normal_move,0.05,0.1,1.5754285093964997,1.8729123943796164,1.5856211549416548,0.010192645545155088,2,4,0,right,0.250047,0.15752961000000001,1.2317340638622185,0.00025486404406293943,1.2319889279062815,11,11
sparse,0.9,0.7,replacing,exponential,3,3000,14,2,5,0,down,down,-0.1,3,5,0,right,False,normal_move,0.05,0.1,1.5754285093964997,1.8729123943796164,1.5856211549416548,0.010192645545155088,1,5,0,down,0.63,0.39690000000000003,1.2491252217992124,0.0006421366693447705,1.2497673584685571,11,11
sparse,0.9,0.7,replacing,exponential,3,3000,14,2,5,0,down,down,-0.1,3,5,0,right,False,normal_move,0.05,0.1,1.5754285093964997,1.8729123943796164,1.5856211549416548,0.010192645545155088,2,5,0,down,1.0,0.63,1.5754285093964997,0.0010192645545155088,1.5764477739510152,11,11
sparse,0.9,0.7,replacing,exponential,3,3000,15,3,5,0,right,up,-0.1,2,5,0,down,False,normal_move,0.05,0.1,1.8729123943796164,1.5764477739510152,1.3188029965559136,-0.5541093978237028,1,1,0,right,0.001551556847573247,0.0009774808139711457,0.21181785125624847,-8.597322304980546e-05,0.21173187803319865,12,12
sparse,0.9,0.7,replacing,exponential,3,3000,15,3,5,0,right,up,-0.1,2,5,0,down,False,normal_move,0.05,0.1,1.8729123943796164,1.5764477739510152,1.3188029965559136,-0.5541093978237028,1,2,0,down,0.0024627886469416617,0.001551556847573247,0.4069557757198148,-0.0001364654334123896,0.4068193102864024,12,12
sparse,0.9,0.7,replacing,exponential,3,3000,15,3,5,0,right,up,-0.1,2,5,0,down,False,normal_move,0.05,0.1,1.8729123943796164,1.5764477739510152,1.3188029965559136,-0.5541093978237028,2,1,0,right,0.006205060838855283,0.003909188328478828,0.4403269031502932,-0.00034382825248775414,0.43998307489780547,12,12
sparse,0.9,0.7,replacing,exponential,3,3000,15,3,5,0,right,up,-0.1,2,5,0,down,False,normal_move,0.05,0.1,1.8729123943796164,1.5764477739510152,1.3188029965559136,-0.5541093978237028,3,1,0,right,0.00984930291881791,0.006205060838855283,-1.1826929627147802,-0.0005457591309329431,-1.1832387218457132,12,12
sparse,0.9,0.7,replacing,exponential,3,3000,15,3,5,0,right,up,-0.1,2,5,0,down,False,normal_move,0.05,0.1,1.8729123943796164,1.5764477739510152,1.3188029965559136,-0.5541093978237028,3,2,0,up,0.03938980639167,0.024815578026752102,0.5090695601814246,-0.0021826261900080505,0.5068869339914165,12,12
sparse,0.9,0.7,replacing,exponential,3,3000,15,3,5,0,right,up,-0.1,2,5,0,down,False,normal_move,0.05,0.1,1.8729123943796164,1.5764477739510152,1.3188029965559136,-0.5541093978237028,2,2,0,right,0.024815578026752102,0.015633814156853824,0.7305024559855343,-0.001375054499705072,0.7291274014858292,12,12
sparse,0.9,0.7,replacing,exponential,3,3000,15,3,5,0,right,up,-0.1,2,5,0,down,False,normal_move,0.05,0.1,1.8729123943796164,1.5764477739510152,1.3188029965559136,-0.5541093978237028,3,3,0,up,0.062523502209,0.03938980639167,0.8501856254971293,-0.003464486015885795,0.8467211394812435,12,12
sparse,0.9,0.7,replacing,exponential,3,3000,15,3,5,0,right,up,-0.1,2,5,0,down,False,normal_move,0.05,0.1,1.8729123943796164,1.5764477739510152,1.3188029965559136,-0.5541093978237028,2,3,0,right,0.09924365430000001,0.062523502209,1.0066767417967912,-0.005499184152199675,1.0011775576445916,12,12
sparse,0.9,0.7,replacing,exponential,3,3000,15,3,5,0,right,up,-0.1,2,5,0,down,False,normal_move,0.05,0.1,1.8729123943796164,1.5764477739510152,1.3188029965559136,-0.5541093978237028,2,4,0,right,0.15752961000000001,0.09924365430000001,1.2319889279062815,-0.008728863733650278,1.2232600641726312,12,12
sparse,0.9,0.7,replacing,exponential,3,3000,15,3,5,0,right,up,-0.1,2,5,0,down,False,normal_move,0.05,0.1,1.8729123943796164,1.5764477739510152,1.3188029965559136,-0.5541093978237028,1,5,0,down,0.39690000000000003,0.250047,1.2497673584685571,-0.021992601999622767,1.2277747564689343,12,12
sparse,0.9,0.7,replacing,exponential,3,3000,15,3,5,0,right,up,-0.1,2,5,0,down,False,normal_move,0.05,0.1,1.8729123943796164,1.5764477739510152,1.3188029965559136,-0.5541093978237028,2,5,0,down,0.63,0.39690000000000003,1.5764477739510152,-0.03490889206289328,1.541538881888122,12,12
sparse,0.9,0.7,replacing,exponential,3,3000,15,3,5,0,right,up,-0.1,2,5,0,down,False,normal_move,0.05,0.1,1.8729123943796164,1.5764477739510152,1.3188029965559136,-0.5541093978237028,3,5,0,right,1.0,0.63,1.8729123943796164,-0.055410939782370286,1.817501454597246,12,12
sparse,0.9,0.7,replacing,exponential,3,3000,16,2,5,0,down,down,-0.1,3,5,0,right,False,normal_move,0.05,0.1,1.541538881888122,1.817501454597246,1.5357513091375214,-0.005787572750600489,1,1,0,right,0.0009774808139711457,0.0006158129128018217,0.21173187803319865,-5.657241323174188e-07,0.21173131230906633,12,12
sparse,0.9,0.7,replacing,exponential,3,3000,16,2,5,0,down,down,-0.1,3,5,0,right,False,normal_move,0.05,0.1,1.541538881888122,1.817501454597246,1.5357513091375214,-0.005787572750600489,1,2,0,down,0.001551556847573247,0.0009774808139711457,0.4068193102864024,-8.979748132022521e-07,0.40681841231158916,12,12
sparse,0.9,0.7,replacing,exponential,3,3000,16,2,5,0,down,down,-0.1,3,5,0,right,False,normal_move,0.05,0.1,1.541538881888122,1.817501454597246,1.5357513091375214,-0.005787572750600489,2,1,0,right,0.003909188328478828,0.0024627886469416617,0.43998307489780547,-2.262471184686954e-06,0.4399808124266208,12,12
sparse,0.9,0.7,replacing,exponential,3,3000,16,2,5,0,down,down,-0.1,3,5,0,right,False,normal_move,0.05,0.1,1.541538881888122,1.817501454597246,1.5357513091375214,-0.005787572750600489,3,1,0,right,0.006205060838855283,0.003909188328478828,-1.1832387218457132,-3.5912241026777047e-06,-1.183242313069816,12,12
sparse,0.9,0.7,replacing,exponential,3,3000,16,2,5,0,down,down,-0.1,3,5,0,right,False,normal_move,0.05,0.1,1.541538881888122,1.817501454597246,1.5357513091375214,-0.005787572750600489,3,2,0,up,0.024815578026752102,0.015633814156853824,0.5068869339914165,-1.4362196317803072e-05,0.5068725717950987,12,12
sparse,0.9,0.7,replacing,exponential,3,3000,16,2,5,0,down,down,-0.1,3,5,0,right,False,normal_move,0.05,0.1,1.541538881888122,1.817501454597246,1.5357513091375214,-0.005787572750600489,2,2,0,right,0.015633814156853824,0.00984930291881791,0.7291274014858292,-9.048183680215935e-06,0.729118353302149,12,12
sparse,0.9,0.7,replacing,exponential,3,3000,16,2,5,0,down,down,-0.1,3,5,0,right,False,normal_move,0.05,0.1,1.541538881888122,1.817501454597246,1.5357513091375214,-0.005787572750600489,3,3,0,up,0.03938980639167,0.024815578026752102,0.8467211394812435,-2.2797137012385828e-05,0.8466983423442311,12,12
sparse,0.9,0.7,replacing,exponential,3,3000,16,2,5,0,down,down,-0.1,3,5,0,right,False,normal_move,0.05,0.1,1.541538881888122,1.817501454597246,1.5357513091375214,-0.005787572750600489,2,3,0,right,0.062523502209,0.03938980639167,1.0011775576445916,-3.618593176569179e-05,1.001141371712826,12,12
sparse,0.9,0.7,replacing,exponential,3,3000,16,2,5,0,down,down,-0.1,3,5,0,right,False,normal_move,0.05,0.1,1.541538881888122,1.817501454597246,1.5357513091375214,-0.005787572750600489,2,4,0,right,0.09924365430000001,0.062523502209,1.2232600641726312,-5.743798692966951e-05,1.2232026261857016,12,12
sparse,0.9,0.7,replacing,exponential,3,3000,16,2,5,0,down,down,-0.1,3,5,0,right,False,normal_move,0.05,0.1,1.541538881888122,1.817501454597246,1.5357513091375214,-0.005787572750600489,1,5,0,down,0.250047,0.15752961000000001,1.2277747564689343,-0.00014471652035694005,1.2276300399485773,12,12
sparse,0.9,0.7,replacing,exponential,3,3000,16,2,5,0,down,down,-0.1,3,5,0,right,False,normal_move,0.05,0.1,1.541538881888122,1.817501454597246,1.5357513091375214,-0.005787572750600489,2,5,0,down,1.0,0.63,1.541538881888122,-0.0005787572750600489,1.540960124613062,12,12
sparse,0.9,0.7,replacing,exponential,3,3000,16,2,5,0,down,down,-0.1,3,5,0,right,False,normal_move,0.05,0.1,1.541538881888122,1.817501454597246,1.5357513091375214,-0.005787572750600489,3,5,0,right,0.63,0.39690000000000003,1.817501454597246,-0.0003646170832878308,1.8171368375139583,12,12
sparse,0.9,0.7,replacing,exponential,3,3000,17,3,5,0,right,right,-0.1,3,6,0,right,False,normal_move,0.05,0.1,1.8171368375139583,2.367687338953278,2.03091860505795,0.21378176754399192,1,1,0,right,0.0006158129128018217,0.0003879621350651477,0.21173131230906633,1.3164957297518763e-05,0.21174447726636386,12,12
sparse,0.9,0.7,replacing,exponential,3,3000,17,3,5,0,right,right,-0.1,3,6,0,right,False,normal_move,0.05,0.1,1.8171368375139583,2.367687338953278,2.03091860505795,0.21378176754399192,1,2,0,down,0.0009774808139711457,0.0006158129128018217,0.40681841231158916,2.089675761510915e-05,0.4068393090692043,12,12
sparse,0.9,0.7,replacing,exponential,3,3000,17,3,5,0,right,right,-0.1,3,6,0,right,False,normal_move,0.05,0.1,1.8171368375139583,2.367687338953278,2.03091860505795,0.21378176754399192,2,1,0,right,0.0024627886469416617,0.001551556847573247,0.4399808124266208,5.2649931003046476e-05,0.44003346235762386,12,12
sparse,0.9,0.7,replacing,exponential,3,3000,17,3,5,0,right,right,-0.1,3,6,0,right,False,normal_move,0.05,0.1,1.8171368375139583,2.367687338953278,2.03091860505795,0.21378176754399192,3,1,0,right,0.003909188328478828,0.0024627886469416617,-1.183242313069816,8.357131905245473e-05,-1.1831587417507636,12,12
sparse,0.9,0.7,replacing,exponential,3,3000,17,3,5,0,right,right,-0.1,3,6,0,right,False,normal_move,0.05,0.1,1.8171368375139583,2.367687338953278,2.03091860505795,0.21378176754399192,3,2,0,up,0.015633814156853824,0.00984930291881791,0.5068725717950987,0.00033422244239064946,0.5072067942374894,12,12
sparse,0.9,0.7,replacing,exponential,3,3000,17,3,5,0,right,right,-0.1,3,6,0,right,False,normal_move,0.05,0.1,1.8171368375139583,2.367687338953278,2.03091860505795,0.21378176754399192,2,2,0,right,0.00984930291881791,0.006205060838855283,0.729118353302149,0.00021056013870610917,0.7293289134408552,12,12
sparse,0.9,0.7,replacing,exponential,3,3000,17,3,5,0,right,right,-0.1,3,6,0,right,False,normal_move,0.05,0.1,1.8171368375139583,2.367687338953278,2.03091860505795,0.21378176754399192,3,3,0,up,0.024815578026752102,0.015633814156853824,0.8466983423442311,0.0005305118133184912,0.8472288541575497,12,12
sparse,0.9,0.7,replacing,exponential,3,3000,17,3,5,0,right,right,-0.1,3,6,0,right,False,normal_move,0.05,0.1,1.8171368375139583,2.367687338953278,2.03091860505795,0.21378176754399192,2,3,0,right,0.03938980639167,0.024815578026752102,1.001141371712826,0.0008420822433626845,1.0019834539561885,12,12
sparse,0.9,0.7,replacing,exponential,3,3000,17,3,5,0,right,right,-0.1,3,6,0,right,False,normal_move,0.05,0.1,1.8171368375139583,2.367687338953278,2.03091860505795,0.21378176754399192,2,4,0,right,0.062523502209,0.03938980639167,1.2232026261857016,0.0013366384815280707,1.2245392646672297,12,12
sparse,0.9,0.7,replacing,exponential,3,3000,17,3,5,0,right,right,-0.1,3,6,0,right,False,normal_move,0.05,0.1,1.8171368375139583,2.367687338953278,2.03091860505795,0.21378176754399192,1,5,0,down,0.15752961000000001,0.09924365430000001,1.2276300399485773,0.0033676958466315712,1.2309977357952089,12,12
sparse,0.9,0.7,replacing,exponential,3,3000,17,3,5,0,right,right,-0.1,3,6,0,right,False,normal_move,0.05,0.1,1.8171368375139583,2.367687338953278,2.03091860505795,0.21378176754399192,2,5,0,down,0.63,0.39690000000000003,1.540960124613062,0.013468251355271493,1.5544283759683335,12,12
sparse,0.9,0.7,replacing,exponential,3,3000,17,3,5,0,right,right,-0.1,3,6,0,right,False,normal_move,0.05,0.1,1.8171368375139583,2.367687338953278,2.03091860505795,0.21378176754399192,3,5,0,right,1.0,0.63,1.8171368375139583,0.021378176754399195,1.8385150142683575,12,12
sparse,0.9,0.7,replacing,exponential,3,3000,18,3,6,0,right,right,-0.1,3,7,0,down,False,normal_move,0.05,0.1,2.367687338953278,2.8696956373054396,2.4827260735748955,0.11503873462161751,1,1,0,right,0.0003879621350651477,0.00024441614509104303,0.21174447726636386,4.4630673098995655e-06,0.21174894033367375,13,13
sparse,0.9,0.7,replacing,exponential,3,3000,18,3,6,0,right,right,-0.1,3,7,0,down,False,normal_move,0.05,0.1,2.367687338953278,2.8696956373054396,2.4827260735748955,0.11503873462161751,1,2,0,down,0.0006158129128018217,0.0003879621350651477,0.4068393090692043,7.084233825237406e-06,0.4068463933030295,13,13
sparse,0.9,0.7,replacing,exponential,3,3000,18,3,6,0,right,right,-0.1,3,7,0,down,False,normal_move,0.05,0.1,2.367687338953278,2.8696956373054396,2.4827260735748955,0.11503873462161751,2,1,0,right,0.001551556847573247,0.0009774808139711457,0.44003346235762386,1.7848913643833223e-05,0.4400513112712677,13,13
sparse,0.9,0.7,replacing,exponential,3,3000,18,3,6,0,right,right,-0.1,3,7,0,down,False,normal_move,0.05,0.1,2.367687338953278,2.8696956373054396,2.4827260735748955,0.11503873462161751,3,1,0,right,0.0024627886469416617,0.001551556847573247,-1.1831587417507636,2.8331608958465427e-05,-1.1831304101418052,13,13
sparse,0.9,0.7,replacing,exponential,3,3000,18,3,6,0,right,right,-0.1,3,7,0,down,False,normal_move,0.05,0.1,2.367687338953278,2.8696956373054396,2.4827260735748955,0.11503873462161751,3,2,0,up,0.00984930291881791,0.006205060838855283,0.5072067942374894,0.00011330513446858163,0.507320099371958,13,13
sparse,0.9,0.7,replacing,exponential,3,3000,18,3,6,0,right,right,-0.1,3,7,0,down,False,normal_move,0.05,0.1,2.367687338953278,2.8696956373054396,2.4827260735748955,0.11503873462161751,2,2,0,right,0.006205060838855283,0.003909188328478828,0.7293289134408552,7.138223471520642e-05,0.7294002956755704,13,13
sparse,0.9,0.7,replacing,exponential,3,3000,18,3,6,0,right,right,-0.1,3,7,0,down,False,normal_move,0.05,0.1,2.367687338953278,2.8696956373054396,2.4827260735748955,0.11503873462161751,3,3,0,up,0.015633814156853824,0.00984930291881791,0.8472288541575497,0.00017984941979139941,0.8474087035773411,13,13
sparse,0.9,0.7,replacing,exponential,3,3000,18,3,6,0,right,right,-0.1,3,7,0,down,False,normal_move,0.05,0.1,2.367687338953278,2.8696956373054396,2.4827260735748955,0.11503873462161751,2,3,0,right,0.024815578026752102,0.015633814156853824,1.0019834539561885,0.0002854752695101578,1.0022689292256985,13,13
sparse,0.9,0.7,replacing,exponential,3,3000,18,3,6,0,right,right,-0.1,3,7,0,down,False,normal_move,0.05,0.1,2.367687338953278,2.8696956373054396,2.4827260735748955,0.11503873462161751,2,4,0,right,0.03938980639167,0.024815578026752102,1.2245392646672297,0.00045313534842882184,1.2249924000156585,13,13
sparse,0.9,0.7,replacing,exponential,3,3000,18,3,6,0,right,right,-0.1,3,7,0,down,False,normal_move,0.05,0.1,2.367687338953278,2.8696956373054396,2.4827260735748955,0.11503873462161751,1,5,0,down,0.09924365430000001,0.062523502209,1.2309977357952089,0.001141686440989725,1.2321394222361985,13,13
sparse,0.9,0.7,replacing,exponential,3,3000,18,3,6,0,right,right,-0.1,3,7,0,down,False,normal_move,0.05,0.1,2.367687338953278,2.8696956373054396,2.4827260735748955,0.11503873462161751,2,5,0,down,0.39690000000000003,0.250047,1.5544283759683335,0.0045658873771319995,1.5589942633454654,13,13
sparse,0.9,0.7,replacing,exponential,3,3000,18,3,6,0,right,right,-0.1,3,7,0,down,False,normal_move,0.05,0.1,2.367687338953278,2.8696956373054396,2.4827260735748955,0.11503873462161751,3,5,0,right,0.63,0.39690000000000003,1.8385150142683575,0.007247440281161904,1.8457624545495195,13,13
sparse,0.9,0.7,replacing,exponential,3,3000,18,3,6,0,right,right,-0.1,3,7,0,down,False,normal_move,0.05,0.1,2.367687338953278,2.8696956373054396,2.4827260735748955,0.11503873462161751,3,6,0,right,1.0,0.63,2.367687338953278,0.011503873462161751,2.3791912124154395,13,13
sparse,0.9,0.7,replacing,exponential,3,3000,19,3,7,0,down,left,-0.1,3,6,0,right,False,normal_move,0.05,0.1,2.8696956373054396,2.3791912124154395,2.0412720911738957,-0.8284235461315439,1,1,0,right,0.00024441614509104303,0.0001539821714073571,0.21174894033367375,-2.0248008964812382e-05,0.21172869232470895,14,14
sparse,0.9,0.7,replacing,exponential,3,3000,19,3,7,0,down,left,-0.1,3,6,0,right,False,normal_move,0.05,0.1,2.8696956373054396,2.3791912124154395,2.0412720911738957,-0.8284235461315439,1,2,0,down,0.0003879621350651477,0.00024441614509104303,0.4068463933030295,-3.213969676954347e-05,0.40681425360626,14,14
sparse,0.9,0.7,replacing,exponential,3,3000,19,3,7,0,down,left,-0.1,3,6,0,right,False,normal_move,0.05,0.1,2.8696956373054396,2.3791912124154395,2.0412720911738957,-0.8284235461315439,2,1,0,right,0.0009774808139711457,0.0006158129128018217,0.4400513112712677,-8.097681221855246e-05,0.43997033445904915,14,14
sparse,0.9,0.7,replacing,exponential,3,3000,19,3,7,0,down,left,-0.1,3,6,0,right,False,normal_move,0.05,0.1,2.8696956373054396,2.3791912124154395,2.0412720911738957,-0.8284235461315439,3,1,0,right,0.001551556847573247,0.0009774808139711457,-1.1831304101418052,-0.00012853462256913088,-1.1832589447643744,14,14
sparse,0.9,0.7,replacing,exponential,3,3000,19,3,7,0,down,left,-0.1,3,6,0,right,False,normal_move,0.05,0.1,2.8696956373054396,2.3791912124154395,2.0412720911738957,-0.8284235461315439,3,2,0,up,0.006205060838855283,0.003909188328478828,0.507320099371958,-0.0005140418504086466,0.5068060575215494,14,14
sparse,0.9,0.7,replacing,exponential,3,3000,19,3,7,0,down,left,-0.1,3,6,0,right,False,normal_move,0.05,0.1,2.8696956373054396,2.3791912124154395,2.0412720911738957,-0.8284235461315439,2,2,0,right,0.003909188328478828,0.0024627886469416617,0.7294002956755704,-0.0003238463657574474,0.729076449309813,14,14
sparse,0.9,0.7,replacing,exponential,3,3000,19,3,7,0,down,left,-0.1,3,6,0,right,False,normal_move,0.05,0.1,2.8696956373054396,2.3791912124154395,2.0412720911738957,-0.8284235461315439,3,3,0,up,0.00984930291881791,0.006205060838855283,0.8474087035773411,-0.0008159394450930899,0.846592764132248,14,14
sparse,0.9,0.7,replacing,exponential,3,3000,19,3,7,0,down,left,-0.1,3,6,0,right,False,normal_move,0.05,0.1,2.8696956373054396,2.3791912124154395,2.0412720911738957,-0.8284235461315439,2,3,0,right,0.015633814156853824,0.00984930291881791,1.0022689292256985,-0.001295141976338238,1.0009737872493603,14,14
sparse,0.9,0.7,replacing,exponential,3,3000,19,3,7,0,down,left,-0.1,3,6,0,right,False,normal_move,0.05,0.1,2.8696956373054396,2.3791912124154395,2.0412720911738957,-0.8284235461315439,2,4,0,right,0.024815578026752102,0.015633814156853824,1.2249924000156585,-0.0020557809148225997,1.222936619100836,14,14
sparse,0.9,0.7,replacing,exponential,3,3000,19,3,7,0,down,left,-0.1,3,6,0,right,False,normal_move,0.05,0.1,2.8696956373054396,2.3791912124154395,2.0412720911738957,-0.8284235461315439,1,5,0,down,0.062523502209,0.03938980639167,1.2321394222361985,-0.005179594141654321,1.2269598280945442,14,14
sparse,0.9,0.7,replacing,exponential,3,3000,19,3,7,0,down,left,-0.1,3,6,0,right,False,normal_move,0.05,0.1,2.8696956373054396,2.3791912124154395,2.0412720911738957,-0.8284235461315439,2,5,0,down,0.250047,0.15752961000000001,1.5589942633454654,-0.020714482243955418,1.53827978110151,14,14
sparse,0.9,0.7,replacing,exponential,3,3000,19,3,7,0,down,left,-0.1,3,6,0,right,False,normal_move,0.05,0.1,2.8696956373054396,2.3791912124154395,2.0412720911738957,-0.8284235461315439,3,5,0,right,0.39690000000000003,0.250047,1.8457624545495195,-0.032880130545960985,1.8128823240035585,14,14
sparse,0.9,0.7,replacing,exponential,3,3000,19,3,7,0,down,left,-0.1,3,6,0,right,False,normal_move,0.05,0.1,2.8696956373054396,2.3791912124154395,2.0412720911738957,-0.8284235461315439,3,6,0,right,0.63,0.39690000000000003,2.3791912124154395,-0.05219068340628727,2.3270005290091524,14,14
sparse,0.9,0.7,replacing,exponential,3,3000,19,3,7,0,down,left,-0.1,3,6,0,right,False,normal_move,0.05,0.1,2.8696956373054396,2.3791912124154395,2.0412720911738957,-0.8284235461315439,3,7,0,down,1.0,0.63,2.8696956373054396,-0.0828423546131544,2.7868532826922854,14,14
sparse,0.9,0.7,replacing,exponential,3,3000,20,3,6,0,right,right,-0.1,3,7,0,right,False,normal_move,0.05,0.1,2.3270005290091524,2.8407637204959597,2.456687348446364,0.1296868194372114,1,1,0,right,0.0001539821714073571,9.700876798663497e-05,0.21172869232470895,1.9969458059855655e-06,0.21173068927051494,14,14
sparse,0.9,0.7,replacing,exponential,3,3000,20,3,6,0,right,right,-0.1,3,7,0,right,False,normal_move,0.05,0.1,2.3270005290091524,2.8407637204959597,2.456687348446364,0.1296868194372114,1,2,0,down,0.00024441614509104303,0.0001539821714073571,0.40681425360626,3.169755247596136e-06,0.4068174233615076,14,14
sparse,0.9,0.7,replacing,exponential,3,3000,20,3,6,0,right,right,-0.1,3,7,0,right,False,normal_move,0.05,0.1,2.3270005290091524,2.8407637204959597,2.456687348446364,0.1296868194372114,2,1,0,right,0.0006158129128018217,0.0003879621350651477,0.43997033445904915,7.986281802963305e-06,0.43997832074085214,14,14
sparse,0.9,0.7,replacing,exponential,3,3000,20,3,6,0,right,right,-0.1,3,7,0,right,False,normal_move,0.05,0.1,2.3270005290091524,2.8407637204959597,2.456687348446364,0.1296868194372114,3,1,0,right,0.0009774808139711457,0.0006158129128018217,-1.1832589447643744,1.2676637782481438e-05,-1.183246268126592,14,14
sparse,0.9,0.7,replacing,exponential,3,3000,20,3,6,0,right,right,-0.1,3,7,0,right,False,normal_move,0.05,0.1,2.3270005290091524,2.8407637204959597,2.456687348446364,0.1296868194372114,3,2,0,up,0.003909188328478828,0.0024627886469416617,0.5068060575215494,5.06970200901488e-05,0.5068567545416396,14,14
sparse,0.9,0.7,replacing,exponential,3,3000,20,3,6,0,right,right,-0.1,3,7,0,right,False,normal_move,0.05,0.1,2.3270005290091524,2.8407637204959597,2.456687348446364,0.1296868194372114,2,2,0,right,0.0024627886469416617,0.001551556847573247,0.729076449309813,3.1939122656793746e-05,0.7291083884324697,14,14
sparse,0.9,0.7,replacing,exponential,3,3000,20,3,6,0,right,right,-0.1,3,7,0,right,False,normal_move,0.05,0.1,2.3270005290091524,2.8407637204959597,2.456687348446364,0.1296868194372114,3,3,0,up,0.006205060838855283,0.003909188328478828,0.846592764132248,8.047146046055365e-05,0.8466732355927086,14,14
sparse,0.9,0.7,replacing,exponential,3,3000,20,3,6,0,right,right,-0.1,3,7,0,right,False,normal_move,0.05,0.1,2.3270005290091524,2.8407637204959597,2.456687348446364,0.1296868194372114,2,3,0,right,0.00984930291881791,0.006205060838855283,1.0009737872493603,0.00012773247692151373,1.0011015197262818,14,14
sparse,0.9,0.7,replacing,exponential,3,3000,20,3,6,0,right,right,-0.1,3,7,0,right,False,normal_move,0.05,0.1,2.3270005290091524,2.8407637204959597,2.456687348446364,0.1296868194372114,2,4,0,right,0.015633814156853824,0.00984930291881791,1.222936619100836,0.00020274996336748212,1.2231393690642034,14,14
sparse,0.9,0.7,replacing,exponential,3,3000,20,3,6,0,right,right,-0.1,3,7,0,right,False,normal_move,0.05,0.1,2.3270005290091524,2.8407637204959597,2.456687348446364,0.1296868194372114,1,5,0,down,0.03938980639167,0.024815578026752102,1.2269598280945442,0.0005108338709183222,1.2274706619654625,14,14
sparse,0.9,0.7,replacing,exponential,3,3000,20,3,6,0,right,right,-0.1,3,7,0,right,False,normal_move,0.05,0.1,2.3270005290091524,2.8407637204959597,2.456687348446364,0.1296868194372114,2,5,0,down,0.15752961000000001,0.09924365430000001,1.53827978110151,0.002042951408808433,1.5403227325103186,14,14
sparse,0.9,0.7,replacing,exponential,3,3000,20,3,6,0,right,right,-0.1,3,7,0,right,False,normal_move,0.05,0.1,2.3270005290091524,2.8407637204959597,2.456687348446364,0.1296868194372114,3,5,0,right,0.250047,0.15752961000000001,1.8128823240035585,0.00324278001398164,1.8161251040175401,14,14
sparse,0.9,0.7,replacing,exponential,3,3000,20,3,6,0,right,right,-0.1,3,7,0,right,False,normal_move,0.05,0.1,2.3270005290091524,2.8407637204959597,2.456687348446364,0.1296868194372114,3,6,0,right,1.0,0.63,2.3270005290091524,0.012968681943721139,2.339969210952874,14,14
sparse,0.9,0.7,replacing,exponential,3,3000,20,3,6,0,right,right,-0.1,3,7,0,right,False,normal_move,0.05,0.1,2.3270005290091524,2.8407637204959597,2.456687348446364,0.1296868194372114,3,7,0,down,0.63,0.39690000000000003,2.7868532826922854,0.008170269624544318,2.7950235523168296,14,14
sparse,0.9,0.7,replacing,exponential,3,3000,21,3,7,0,right,right,-0.1,3,8,0,down,False,normal_move,0.05,0.1,2.8407637204959597,3.5080311641599553,3.0572280477439597,0.21646432724800002,1,1,0,right,9.700876798663497e-05,6.111552383158003e-05,0.21173068927051494,2.0998937699384263e-06,0.21173278916428487,14,14
sparse,0.9,0.7,replacing,exponential,3,3000,21,3,7,0,right,right,-0.1,3,8,0,down,False,normal_move,0.05,0.1,2.8407637204959597,3.5080311641599553,3.0572280477439597,0.21646432724800002,1,2,0,down,0.0001539821714073571,9.700876798663497e-05,0.4068174233615076,3.3331647141879784e-06,0.4068207565262218,14,14
sparse,0.9,0.7,replacing,exponential,3,3000,21,3,7,0,right,right,-0.1,3,8,0,down,False,normal_move,0.05,0.1,2.8407637204959597,3.5080311641599553,3.0572280477439597,0.21646432724800002,2,1,0,right,0.0003879621350651477,0.00024441614509104303,0.43997832074085214,8.397996256457493e-06,0.4399867187371086,14,14
sparse,0.9,0.7,replacing,exponential,3,3000,21,3,7,0,right,right,-0.1,3,8,0,down,False,normal_move,0.05,0.1,2.8407637204959597,3.5080311641599553,3.0572280477439597,0.21646432724800002,3,1,0,right,0.0006158129128018217,0.0003879621350651477,-1.183246268126592,1.3330152788027767e-05,-1.183232937973804,14,14
sparse,0.9,0.7,replacing,exponential,3,3000,21,3,7,0,right,right,-0.1,3,8,0,down,False,normal_move,0.05,0.1,2.8407637204959597,3.5080311641599553,3.0572280477439597,0.21646432724800002,3,2,0,up,0.0024627886469416617,0.001551556847573247,0.5068567545416396,5.3310588761423915e-05,0.506910065130401,14,14
sparse,0.9,0.7,replacing,exponential,3,3000,21,3,7,0,right,right,-0.1,3,8,0,down,False,normal_move,0.05,0.1,2.8407637204959597,3.5080311641599553,3.0572280477439597,0.21646432724800002,2,2,0,right,0.001551556847573247,0.0009774808139711457,0.7291083884324697,3.358567091969707e-05,0.7291419741033894,14,14
sparse,0.9,0.7,replacing,exponential,3,3000,21,3,7,0,right,right,-0.1,3,8,0,down,False,normal_move,0.05,0.1,2.8407637204959597,3.5080311641599553,3.0572280477439597,0.21646432724800002,3,3,0,up,0.003909188328478828,0.0024627886469416617,0.8466732355927086,8.461998216099034e-05,0.8467578555748696,14,14
sparse,0.9,0.7,replacing,exponential,3,3000,21,3,7,0,right,right,-0.1,3,8,0,down,False,normal_move,0.05,0.1,2.8407637204959597,3.5080311641599553,3.0572280477439597,0.21646432724800002,2,3,0,right,0.006205060838855283,0.003909188328478828,1.0011015197262818,0.00013431743200157197,1.0012358371582835,14,14
sparse,0.9,0.7,replacing,exponential,3,3000,21,3,7,0,right,right,-0.1,3,8,0,down,False,normal_move,0.05,0.1,2.8407637204959597,3.5080311641599553,3.0572280477439597,0.21646432724800002,2,4,0,right,0.00984930291881791,0.006205060838855283,1.2231393690642034,0.0002132022730183682,1.2233525713372218,14,14
sparse,0.9,0.7,replacing,exponential,3,3000,21,3,7,0,right,right,-0.1,3,8,0,down,False,normal_move,0.05,0.1,2.8407637204959597,3.5080311641599553,3.0572280477439597,0.21646432724800002,1,5,0,down,0.024815578026752102,0.015633814156853824,1.2274706619654625,0.0005371687402831146,1.2280078307057456,14,14
sparse,0.9,0.7,replacing,exponential,3,3000,21,3,7,0,right,right,-0.1,3,8,0,down,False,normal_move,0.05,0.1,2.8407637204959597,3.5080311641599553,3.0572280477439597,0.21646432724800002,2,5,0,down,0.09924365430000001,0.062523502209,1.5403227325103186,0.002148271086168259,1.5424710035964868,14,14
sparse,0.9,0.7,replacing,exponential,3,3000,21,3,7,0,right,right,-0.1,3,8,0,down,False,normal_move,0.05,0.1,2.8407637204959597,3.5080311641599553,3.0572280477439597,0.21646432724800002,3,5,0,right,0.15752961000000001,0.09924365430000001,1.8161251040175401,0.0034099541050289822,1.819535058122569,14,14
sparse,0.9,0.7,replacing,exponential,3,3000,21,3,7,0,right,right,-0.1,3,8,0,down,False,normal_move,0.05,0.1,2.8407637204959597,3.5080311641599553,3.0572280477439597,0.21646432724800002,3,6,0,right,0.63,0.39690000000000003,2.339969210952874,0.013637252616624003,2.353606463569498,14,14
sparse,0.9,0.7,replacing,exponential,3,3000,21,3,7,0,right,right,-0.1,3,8,0,down,False,normal_move,0.05,0.1,2.8407637204959597,3.5080311641599553,3.0572280477439597,0.21646432724800002,3,7,0,right,1.0,0.63,2.8407637204959597,0.021646432724800005,2.8624101532207598,14,14
sparse,0.9,0.7,replacing,exponential,3,3000,22,3,8,0,down,down,-0.1,4,8,0,down,False,normal_move,0.05,0.1,3.5080311641599553,4.117859492824596,3.606073543542137,0.09804237938218163,1,1,0,right,6.111552383158003e-05,3.850278001389542e-05,0.21173278916428487,5.991911373636532e-07,0.21173338835542224,15,15
sparse,0.9,0.7,replacing,exponential,3,3000,22,3,8,0,down,down,-0.1,4,8,0,down,False,normal_move,0.05,0.1,3.5080311641599553,4.117859492824596,3.606073543542137,0.09804237938218163,1,2,0,down,9.700876798663497e-05,6.111552383158003e-05,0.4068207565262218,9.510970434343702e-07,0.40682170762326525,15,15
sparse,0.9,0.7,replacing,exponential,3,3000,22,3,8,0,down,down,-0.1,4,8,0,down,False,normal_move,0.05,0.1,3.5080311641599553,4.117859492824596,3.606073543542137,0.09804237938218163,2,1,0,right,0.00024441614509104303,0.0001539821714073571,0.4399867187371086,2.3963140424146393e-06,0.439989115051151,15,15
sparse,0.9,0.7,replacing,exponential,3,3000,22,3,8,0,down,down,-0.1,4,8,0,down,False,normal_move,0.05,0.1,3.5080311641599553,4.117859492824596,3.606073543542137,0.09804237938218163,3,1,0,right,0.0003879621350651477,0.00024441614509104303,-1.183232937973804,3.80367308319784e-06,-1.1832291343007209,15,15
sparse,0.9,0.7,replacing,exponential,3,3000,22,3,8,0,down,down,-0.1,4,8,0,down,False,normal_move,0.05,0.1,3.5080311641599553,4.117859492824596,3.606073543542137,0.09804237938218163,3,2,0,up,0.001551556847573247,0.0009774808139711457,0.506910065130401,1.5211832508279804e-05,0.5069252769629093,15,15
sparse,0.9,0.7,replacing,exponential,3,3000,22,3,8,0,down,down,-0.1,4,8,0,down,False,normal_move,0.05,0.1,3.5080311641599553,4.117859492824596,3.606073543542137,0.09804237938218163,2,2,0,right,0.0009774808139711457,0.0006158129128018217,0.7291419741033894,9.583454480216278e-06,0.7291515575578696,15,15
sparse,0.9,0.7,replacing,exponential,3,3000,22,3,8,0,down,down,-0.1,4,8,0,down,False,normal_move,0.05,0.1,3.5080311641599553,4.117859492824596,3.606073543542137,0.09804237938218163,3,3,0,up,0.0024627886469416617,0.001551556847573247,0.8467578555748696,2.4145765886158418e-05,0.8467820013407558,15,15
sparse,0.9,0.7,replacing,exponential,3,3000,22,3,8,0,down,down,-0.1,4,8,0,down,False,normal_move,0.05,0.1,3.5080311641599553,4.117859492824596,3.606073543542137,0.09804237938218163,2,3,0,right,0.003909188328478828,0.0024627886469416617,1.0012358371582835,3.8326612517711775e-05,1.0012741637708011,15,15
sparse,0.9,0.7,replacing,exponential,3,3000,22,3,8,0,down,down,-0.1,4,8,0,down,False,normal_move,0.05,0.1,3.5080311641599553,4.117859492824596,3.606073543542137,0.09804237938218163,2,4,0,right,0.006205060838855283,0.003909188328478828,1.2233525713372218,6.083589288525679e-05,1.223413407230107,15,15
sparse,0.9,0.7,replacing,exponential,3,3000,22,3,8,0,down,down,-0.1,4,8,0,down,False,normal_move,0.05,0.1,3.5080311641599553,4.117859492824596,3.606073543542137,0.09804237938218163,1,5,0,down,0.015633814156853824,0.00984930291881791,1.2280078307057456,0.00015327763387567848,1.2281611083396213,15,15
sparse,0.9,0.7,replacing,exponential,3,3000,22,3,8,0,down,down,-0.1,4,8,0,down,False,normal_move,0.05,0.1,3.5080311641599553,4.117859492824596,3.606073543542137,0.09804237938218163,2,5,0,down,0.062523502209,0.03938980639167,1.5424710035964868,0.000612995292387745,1.5430839988888745,15,15
sparse,0.9,0.7,replacing,exponential,3,3000,22,3,8,0,down,down,-0.1,4,8,0,down,False,normal_move,0.05,0.1,3.5080311641599553,4.117859492824596,3.606073543542137,0.09804237938218163,3,5,0,right,0.09924365430000001,0.062523502209,1.819535058122569,0.0009730084006154682,1.8205080665231845,15,15
sparse,0.9,0.7,replacing,exponential,3,3000,22,3,8,0,down,down,-0.1,4,8,0,down,False,normal_move,0.05,0.1,3.5080311641599553,4.117859492824596,3.606073543542137,0.09804237938218163,3,6,0,right,0.39690000000000003,0.250047,2.353606463569498,0.0038913020376787895,2.3574977656071767,15,15
sparse,0.9,0.7,replacing,exponential,3,3000,22,3,8,0,down,down,-0.1,4,8,0,down,False,normal_move,0.05,0.1,3.5080311641599553,4.117859492824596,3.606073543542137,0.09804237938218163,3,7,0,right,0.63,0.39690000000000003,2.8624101532207598,0.006176669901077443,2.868586823121837,15,15
sparse,0.9,0.7,replacing,exponential,3,3000,22,3,8,0,down,down,-0.1,4,8,0,down,False,normal_move,0.05,0.1,3.5080311641599553,4.117859492824596,3.606073543542137,0.09804237938218163,3,8,0,down,1.0,0.63,3.5080311641599553,0.009804237938218163,3.5178354020981732,15,15
sparse,0.9,0.7,replacing,exponential,3,3000,23,4,8,0,down,down,-0.1,10,7,0,down,False,teleported,0.05,0.1,4.117859492824596,5.373649205730857,4.736284285157772,0.6184247923331752,1,1,0,right,3.850278001389542e-05,2.4256751408754113e-05,0.21173338835542224,2.3811073734343203e-06,0.21173576946279568,16,16
sparse,0.9,0.7,replacing,exponential,3,3000,23,4,8,0,down,down,-0.1,10,7,0,down,False,teleported,0.05,0.1,4.117859492824596,5.373649205730857,4.736284285157772,0.6184247923331752,1,2,0,down,6.111552383158003e-05,3.850278001389542e-05,0.40682170762326525,3.7795355133878097e-06,0.40682548715877864,16,16
sparse,0.9,0.7,replacing,exponential,3,3000,23,4,8,0,down,down,-0.1,10,7,0,down,False,teleported,0.05,0.1,4.117859492824596,5.373649205730857,4.736284285157772,0.6184247923331752,2,1,0,right,0.0001539821714073571,9.700876798663497e-05,0.439989115051151,9.52263923756062e-06,0.43999863769038855,16,16
sparse,0.9,0.7,replacing,exponential,3,3000,23,4,8,0,down,down,-0.1,10,7,0,down,False,teleported,0.05,0.1,4.117859492824596,5.373649205730857,4.736284285157772,0.6184247923331752,3,1,0,right,0.00024441614509104303,0.0001539821714073571,-1.1832291343007209,1.511530037708035e-05,-1.1832140190003437,16,16
sparse,0.9,0.7,replacing,exponential,3,3000,23,4,8,0,down,down,-0.1,10,7,0,down,False,teleported,0.05,0.1,4.117859492824596,5.373649205730857,4.736284285157772,0.6184247923331752,3,2,0,up,0.0009774808139711457,0.0006158129128018217,0.5069252769629093,6.044983693897688e-05,0.5069857267998483,16,16
sparse,0.9,0.7,replacing,exponential,3,3000,23,4,8,0,down,down,-0.1,10,7,0,down,False,teleported,0.05,0.1,4.117859492824596,5.373649205730857,4.736284285157772,0.6184247923331752,2,2,0,right,0.0006158129128018217,0.0003879621350651477,0.7291515575578696,3.808339727155543e-05,0.7291896409551412,16,16
sparse,0.9,0.7,replacing,exponential,3,3000,23,4,8,0,down,down,-0.1,10,7,0,down,False,teleported,0.05,0.1,4.117859492824596,5.373649205730857,4.736284285157772,0.6184247923331752,3,3,0,up,0.001551556847573247,0.0009774808139711457,0.8467820013407558,9.595212212536012e-05,0.8468779534628811,16,16
sparse,0.9,0.7,replacing,exponential,3,3000,23,4,8,0,down,down,-0.1,10,7,0,down,False,teleported,0.05,0.1,4.117859492824596,5.373649205730857,4.736284285157772,0.6184247923331752,2,3,0,right,0.0024627886469416617,0.001551556847573247,1.0012741637708011,0.00015230495575453985,1.0014264687265557,16,16
sparse,0.9,0.7,replacing,exponential,3,3000,23,4,8,0,down,down,-0.1,10,7,0,down,False,teleported,0.05,0.1,4.117859492824596,5.373649205730857,4.736284285157772,0.6184247923331752,2,4,0,right,0.003909188328478828,0.0024627886469416617,1.223413407230107,0.00024175389802307917,1.22365516112813,16,16
sparse,0.9,0.7,replacing,exponential,3,3000,23,4,8,0,down,down,-0.1,10,7,0,down,False,teleported,0.05,0.1,4.117859492824596,5.373649205730857,4.736284285157772,0.6184247923331752,1,5,0,down,0.00984930291881791,0.006205060838855283,1.2281611083396213,0.0006091053112196502,1.228770213650841,16,16
sparse,0.9,0.7,replacing,exponential,3,3000,23,4,8,0,down,down,-0.1,10,7,0,down,False,teleported,0.05,0.1,4.117859492824596,5.373649205730857,4.736284285157772,0.6184247923331752,2,5,0,down,0.03938980639167,0.024815578026752102,1.5430839988888745,0.0024359632837812496,1.5455199621726556,16,16
sparse,0.9,0.7,replacing,exponential,3,3000,23,4,8,0,down,down,-0.1,10,7,0,down,False,teleported,0.05,0.1,4.117859492824596,5.373649205730857,4.736284285157772,0.6184247923331752,3,5,0,right,0.062523502209,0.03938980639167,1.8205080665231845,0.003866608386954365,1.8243746749101388,16,16
sparse,0.9,0.7,replacing,exponential,3,3000,23,4,8,0,down,down,-0.1,10,7,0,down,False,teleported,0.05,0.1,4.117859492824596,5.373649205730857,4.736284285157772,0.6184247923331752,3,6,0,right,0.250047,0.15752961000000001,2.3574977656071767,0.015463526404853347,2.37296129201203,16,16
sparse,0.9,0.7,replacing,exponential,3,3000,23,4,8,0,down,down,-0.1,10,7,0,down,False,teleported,0.05,0.1,4.117859492824596,5.373649205730857,4.736284285157772,0.6184247923331752,3,7,0,right,0.39690000000000003,0.250047,2.868586823121837,0.024545280007703726,2.8931321031295405,16,16
sparse,0.9,0.7,replacing,exponential,3,3000,23,4,8,0,down,down,-0.1,10,7,0,down,False,teleported,0.05,0.1,4.117859492824596,5.373649205730857,4.736284285157772,0.6184247923331752,3,8,0,down,0.63,0.39690000000000003,3.5178354020981732,0.038960761916990036,3.556796164015163,16,16
sparse,0.9,0.7,replacing,exponential,3,3000,23,4,8,0,down,down,-0.1,10,7,0,down,False,teleported,0.05,0.1,4.117859492824596,5.373649205730857,4.736284285157772,0.6184247923331752,4,8,0,down,1.0,0.63,4.117859492824596,0.06184247923331752,4.179701972057914,16,16
sparse,0.9,0.7,replacing,exponential,3,3000,24,10,7,0,down,down,-0.1,11,7,0,down,False,normal_move,0.05,0.1,5.373649205730857,7.175823018430628,6.358240716587566,0.9845915108567089,1,1,0,right,2.4256751408754113e-05,1.528175338751509e-05,0.21173576946279568,2.3882991518020814e-06,0.2117381577619475,17,17
sparse,0.9,0.7,replacing,exponential,3,3000,24,10,7,0,down,down,-0.1,11,7,0,down,False,normal_move,0.05,0.1,5.373649205730857,7.175823018430628,6.358240716587566,0.9845915108567089,1,2,0,down,3.850278001389542e-05,2.4256751408754113e-05,0.40682548715877864,3.790951034606479e-06,0.40682927810981323,17,17
sparse,0.9,0.7,replacing,exponential,3,3000,24,10,7,0,down,down,-0.1,11,7,0,down,False,normal_move,0.05,0.1,5.373649205730857,7.175823018430628,6.358240716587566,0.9845915108567089,2,1,0,right,9.700876798663497e-05,6.111552383158003e-05,0.43999863769038855,9.551400943830886e-06,0.4400081890913324,17,17
sparse,0.9,0.7,replacing,exponential,3,3000,24,10,7,0,down,down,-0.1,11,7,0,down,False,normal_move,0.05,0.1,5.373649205730857,7.175823018430628,6.358240716587566,0.9845915108567089,3,1,0,right,0.0001539821714073571,9.700876798663497e-05,-1.1832140190003437,1.5160953879096647e-05,-1.1831988580464647,17,17
sparse,0.9,0.7,replacing,exponential,3,3000,24,10,7,0,down,down,-0.1,11,7,0,down,False,normal_move,0.05,0.1,5.373649205730857,7.175823018430628,6.358240716587566,0.9845915108567089,3,2,0,up,0.0006158129128018217,0.0003879621350651477,0.5069857267998483,6.063241662206164e-05,0.5070463592164703,17,17
sparse,0.9,0.7,replacing,exponential,3,3000,24,10,7,0,down,down,-0.1,11,7,0,down,False,normal_move,0.05,0.1,5.373649205730857,7.175823018430628,6.358240716587566,0.9845915108567089,2,2,0,right,0.0003879621350651477,0.00024441614509104303,0.7291896409551412,3.8198422471898837e-05,0.729227839377613,17,17
sparse,0.9,0.7,replacing,exponential,3,3000,24,10,7,0,down,down,-0.1,11,7,0,down,False,normal_move,0.05,0.1,5.373649205730857,7.175823018430628,6.358240716587566,0.9845915108567089,3,3,0,up,0.0009774808139711457,0.0006158129128018217,0.8468779534628811,9.624193114612959e-05,0.8469741953940272,17,17
sparse,0.9,0.7,replacing,exponential,3,3000,24,10,7,0,down,down,-0.1,11,7,0,down,False,normal_move,0.05,0.1,5.373649205730857,7.175823018430628,6.358240716587566,0.9845915108567089,2,3,0,right,0.001551556847573247,0.0009774808139711457,1.0014264687265557,0.00015276497007322157,1.001579233696629,17,17
sparse,0.9,0.7,replacing,exponential,3,3000,24,10,7,0,down,down,-0.1,11,7,0,down,False,normal_move,0.05,0.1,5.373649205730857,7.175823018430628,6.358240716587566,0.9845915108567089,2,4,0,right,0.0024627886469416617,0.001551556847573247,1.22365516112813,0.00024248407948130408,1.2238976452076114,17,17
sparse,0.9,0.7,replacing,exponential,3,3000,24,10,7,0,down,down,-0.1,11,7,0,down,False,normal_move,0.05,0.1,5.373649205730857,7.175823018430628,6.358240716587566,0.9845915108567089,1,5,0,down,0.006205060838855283,0.003909188328478828,1.228770213650841,0.0006109450226286321,1.2293811586734695,17,17
sparse,0.9,0.7,replacing,exponential,3,3000,24,10,7,0,down,down,-0.1,11,7,0,down,False,normal_move,0.05,0.1,5.373649205730857,7.175823018430628,6.358240716587566,0.9845915108567089,2,5,0,down,0.024815578026752102,0.015633814156853824,1.5455199621726556,0.00244332074621424,1.5479632829188699,17,17
sparse,0.9,0.7,replacing,exponential,3,3000,24,10,7,0,down,down,-0.1,11,7,0,down,False,normal_move,0.05,0.1,5.373649205730857,7.175823018430628,6.358240716587566,0.9845915108567089,3,5,0,right,0.03938980639167,0.024815578026752102,1.8243746749101388,0.0038782868987527618,1.8282529618088916,17,17
sparse,0.9,0.7,replacing,exponential,3,3000,24,10,7,0,down,down,-0.1,11,7,0,down,False,normal_move,0.05,0.1,5.373649205730857,7.175823018430628,6.358240716587566,0.9845915108567089,3,6,0,right,0.15752961000000001,0.09924365430000001,2.37296129201203,0.015510231671456815,2.388471523683487,17,17
sparse,0.9,0.7,replacing,exponential,3,3000,24,10,7,0,down,down,-0.1,11,7,0,down,False,normal_move,0.05,0.1,5.373649205730857,7.175823018430628,6.358240716587566,0.9845915108567089,3,7,0,right,0.250047,0.15752961000000001,2.8931321031295405,0.024619415351518754,2.9177515184810594,17,17
sparse,0.9,0.7,replacing,exponential,3,3000,24,10,7,0,down,down,-0.1,11,7,0,down,False,normal_move,0.05,0.1,5.373649205730857,7.175823018430628,6.358240716587566,0.9845915108567089,3,8,0,down,0.39690000000000003,0.250047,3.556796164015163,0.039078437065902784,3.595874601081066,17,17
sparse,0.9,0.7,replacing,exponential,3,3000,24,10,7,0,down,down,-0.1,11,7,0,down,False,normal_move,0.05,0.1,5.373649205730857,7.175823018430628,6.358240716587566,0.9845915108567089,4,8,0,down,0.63,0.39690000000000003,4.179701972057914,0.062029265183972664,4.241731237241886,17,17
sparse,0.9,0.7,replacing,exponential,3,3000,24,10,7,0,down,down,-0.1,11,7,0,down,False,normal_move,0.05,0.1,5.373649205730857,7.175823018430628,6.358240716587566,0.9845915108567089,10,7,0,down,1.0,0.63,5.373649205730857,0.0984591510856709,5.472108356816528,17,17
sparse,0.9,0.7,replacing,exponential,3,3000,25,11,7,0,down,down,-0.1,12,7,0,down,False,normal_move,0.05,0.1,7.175823018430628,6.832124274273968,6.048911846846572,-1.126911171584056,1,1,0,right,1.528175338751509e-05,9.627504634134507e-06,0.2117381577619475,-1.722117861378325e-06,0.21173643564408612,18,18
sparse,0.9,0.7,replacing,exponential,3,3000,25,11,7,0,down,down,-0.1,12,7,0,down,False,normal_move,0.05,0.1,7.175823018430628,6.832124274273968,6.048911846846572,-1.126911171584056,1,2,0,down,2.4256751408754113e-05,1.528175338751509e-05,0.40682927810981323,-2.73352041488623e-06,0.4068265445893983,18,18
sparse,0.9,0.7,replacing,exponential,3,3000,25,11,7,0,down,down,-0.1,12,7,0,down,False,normal_move,0.05,0.1,7.175823018430628,6.832124274273968,6.048911846846572,-1.126911171584056,2,1,0,right,6.111552383158003e-05,3.850278001389542e-05,0.4400081890913324,-6.8871766563019155e-06,0.44000130191467607,18,18
sparse,0.9,0.7,replacing,exponential,3,3000,25,11,7,0,down,down,-0.1,12,7,0,down,False,normal_move,0.05,0.1,7.175823018430628,6.832124274273968,6.048911846846572,-1.126911171584056,3,1,0,right,9.700876798663497e-05,6.111552383158003e-05,-1.1831988580464647,-1.0932026438574469e-05,-1.1832097900729033,18,18
sparse,0.9,0.7,replacing,exponential,3,3000,25,11,7,0,down,down,-0.1,12,7,0,down,False,normal_move,0.05,0.1,7.175823018430628,6.832124274273968,6.048911846846572,-1.126911171584056,3,2,0,up,0.0003879621350651477,0.00024441614509104303,0.5070463592164703,-4.371988641565174e-05,0.5070026393300547,18,18
sparse,0.9,0.7,replacing,exponential,3,3000,25,11,7,0,down,down,-0.1,12,7,0,down,False,normal_move,0.05,0.1,7.175823018430628,6.832124274273968,6.048911846846572,-1.126911171584056,2,2,0,right,0.00024441614509104303,0.0001539821714073571,0.729227839377613,-2.7543528441860596e-05,0.7292002958491712,18,18
sparse,0.9,0.7,replacing,exponential,3,3000,25,11,7,0,down,down,-0.1,12,7,0,down,False,normal_move,0.05,0.1,7.175823018430628,6.832124274273968,6.048911846846572,-1.126911171584056,3,3,0,up,0.0006158129128018217,0.0003879621350651477,0.8469741953940272,-6.939664510420912e-05,0.846904798748923,18,18
sparse,0.9,0.7,replacing,exponential,3,3000,25,11,7,0,down,down,-0.1,12,7,0,down,False,normal_move,0.05,0.1,7.175823018430628,6.832124274273968,6.048911846846572,-1.126911171584056,2,3,0,right,0.0009774808139711457,0.0006158129128018217,1.001579233696629,-0.00011015340492731606,1.0014690802917017,18,18
sparse,0.9,0.7,replacing,exponential,3,3000,25,11,7,0,down,down,-0.1,12,7,0,down,False,normal_move,0.05,0.1,7.175823018430628,6.832124274273968,6.048911846846572,-1.126911171584056,2,4,0,right,0.001551556847573247,0.0009774808139711457,1.2238976452076114,-0.00017484667448780327,1.2237227985331236,18,18
sparse,0.9,0.7,replacing,exponential,3,3000,25,11,7,0,down,down,-0.1,12,7,0,down,False,normal_move,0.05,0.1,7.175823018430628,6.832124274273968,6.048911846846572,-1.126911171584056,1,5,0,down,0.003909188328478828,0.0024627886469416617,1.2293811586734695,-0.00044053079991887947,1.2289406278735506,18,18
sparse,0.9,0.7,replacing,exponential,3,3000,25,11,7,0,down,down,-0.1,12,7,0,down,False,normal_move,0.05,0.1,7.175823018430628,6.832124274273968,6.048911846846572,-1.126911171584056,2,5,0,down,0.015633814156853824,0.00984930291881791,1.5479632829188699,-0.0017617919827827547,1.546201490936087,18,18
sparse,0.9,0.7,replacing,exponential,3,3000,25,11,7,0,down,down,-0.1,12,7,0,down,False,normal_move,0.05,0.1,7.175823018430628,6.832124274273968,6.048911846846572,-1.126911171584056,3,5,0,right,0.024815578026752102,0.015633814156853824,1.8282529618088916,-0.0027964952107662772,1.8254564665981254,18,18
sparse,0.9,0.7,replacing,exponential,3,3000,25,11,7,0,down,down,-0.1,12,7,0,down,False,normal_move,0.05,0.1,7.175823018430628,6.832124274273968,6.048911846846572,-1.126911171584056,3,6,0,right,0.09924365430000001,0.062523502209,2.388471523683487,-0.011183878273949607,2.3772876454095373,18,18
sparse,0.9,0.7,replacing,exponential,3,3000,25,11,7,0,down,down,-0.1,12,7,0,down,False,normal_move,0.05,0.1,7.175823018430628,6.832124274273968,6.048911846846572,-1.126911171584056,3,7,0,right,0.15752961000000001,0.09924365430000001,2.9177515184810594,-0.017752187736427946,2.8999993307446315,18,18
sparse,0.9,0.7,replacing,exponential,3,3000,25,11,7,0,down,down,-0.1,12,7,0,down,False,normal_move,0.05,0.1,7.175823018430628,6.832124274273968,6.048911846846572,-1.126911171584056,3,8,0,down,0.250047,0.15752961000000001,3.595874601081066,-0.02817807577210785,3.5676965253089583,18,18
sparse,0.9,0.7,replacing,exponential,3,3000,25,11,7,0,down,down,-0.1,12,7,0,down,False,normal_move,0.05,0.1,7.175823018430628,6.832124274273968,6.048911846846572,-1.126911171584056,4,8,0,down,0.39690000000000003,0.250047,4.241731237241886,-0.04472710440017119,4.197004132841715,18,18
sparse,0.9,0.7,replacing,exponential,3,3000,25,11,7,0,down,down,-0.1,12,7,0,down,False,normal_move,0.05,0.1,7.175823018430628,6.832124274273968,6.048911846846572,-1.126911171584056,10,7,0,down,0.63,0.39690000000000003,5.472108356816528,-0.07099540380979553,5.4011129530067326,18,18
sparse,0.9,0.7,replacing,exponential,3,3000,25,11,7,0,down,down,-0.1,12,7,0,down,False,normal_move,0.05,0.1,7.175823018430628,6.832124274273968,6.048911846846572,-1.126911171584056,11,7,0,down,1.0,0.63,7.175823018430628,-0.11269111715840562,7.0631319012722225,18,18
sparse,0.9,0.7,replacing,exponential,3,3000,26,12,7,0,down,right,-0.1,12,8,0,left,False,normal_move,0.05,0.1,6.832124274273968,7.462488594223787,6.616239734801409,-0.21588453947255903,1,1,0,right,9.627504634134507e-06,6.06532791950474e-06,0.21173643564408612,-2.0784294042100564e-07,0.2117362278011457,19,19
sparse,0.9,0.7,replacing,exponential,3,3000,26,12,7,0,down,right,-0.1,12,8,0,left,False,normal_move,0.05,0.1,6.832124274273968,7.462488594223787,6.616239734801409,-0.21588453947255903,1,2,0,down,1.528175338751509e-05,9.627504634134507e-06,0.4068265445893983,-3.299094292396915e-07,0.4068262146799691,19,19
sparse,0.9,0.7,replacing,exponential,3,3000,26,12,7,0,down,right,-0.1,12,8,0,left,False,normal_move,0.05,0.1,6.832124274273968,7.462488594223787,6.616239734801409,-0.21588453947255903,2,1,0,right,3.850278001389542e-05,2.4256751408754113e-05,0.44000130191467607,-8.312154931713063e-07,0.4400004706991829,19,19
sparse,0.9,0.7,replacing,exponential,3,3000,26,12,7,0,down,right,-0.1,12,8,0,left,False,normal_move,0.05,0.1,6.832124274273968,7.462488594223787,6.616239734801409,-0.21588453947255903,3,1,0,right,6.111552383158003e-05,3.850278001389542e-05,-1.1832097900729033,-1.3193896717004862e-06,-1.183211109462575,19,19
sparse,0.9,0.7,replacing,exponential,3,3000,26,12,7,0,down,right,-0.1,12,8,0,left,False,normal_move,0.05,0.1,6.832124274273968,7.462488594223787,6.616239734801409,-0.21588453947255903,3,2,0,up,0.00024441614509104303,0.0001539821714073571,0.5070026393300547,-5.2765666922638e-06,0.5069973627633625,19,19
sparse,0.9,0.7,replacing,exponential,3,3000,26,12,7,0,down,right,-0.1,12,8,0,left,False,normal_move,0.05,0.1,6.832124274273968,7.462488594223787,6.616239734801409,-0.21588453947255903,2,2,0,right,0.0001539821714073571,9.700876798663497e-05,0.7292002958491712,-3.324237016126194e-06,0.7291969716121551,19,19
sparse,0.9,0.7,replacing,exponential,3,3000,26,12,7,0,down,right,-0.1,12,8,0,left,False,normal_move,0.05,0.1,6.832124274273968,7.462488594223787,6.616239734801409,-0.21588453947255903,3,3,0,up,0.0003879621350651477,0.00024441614509104303,0.846904798748923,-8.375502686133017e-06,0.8468964232462368,19,19
sparse,0.9,0.7,replacing,exponential,3,3000,26,12,7,0,down,right,-0.1,12,8,0,left,False,normal_move,0.05,0.1,6.832124274273968,7.462488594223787,6.616239734801409,-0.21588453947255903,2,3,0,right,0.0006158129128018217,0.0003879621350651477,1.0014690802917017,-1.3294448708147646e-05,1.0014557858429936,19,19
sparse,0.9,0.7,replacing,exponential,3,3000,26,12,7,0,down,right,-0.1,12,8,0,left,False,normal_move,0.05,0.1,6.832124274273968,7.462488594223787,6.616239734801409,-0.21588453947255903,2,4,0,right,0.0009774808139711457,0.0006158129128018217,1.2237227985331236,-2.1102299536742295e-05,1.223701696233587,19,19
sparse,0.9,0.7,replacing,exponential,3,3000,26,12,7,0,down,right,-0.1,12,8,0,left,False,normal_move,0.05,0.1,6.832124274273968,7.462488594223787,6.616239734801409,-0.21588453947255903,1,5,0,down,0.0024627886469416617,0.001551556847573247,1.2289406278735506,-5.316779928632475e-05,1.2288874600742643,19,19
sparse,0.9,0.7,replacing,exponential,3,3000,26,12,7,0,down,right,-0.1,12,8,0,left,False,normal_move,0.05,0.1,6.832124274273968,7.462488594223787,6.616239734801409,-0.21588453947255903,2,5,0,down,0.00984930291881791,0.006205060838855283,1.546201490936087,-0.0002126312224754736,1.5459888597136116,19,19
sparse,0.9,0.7,replacing,exponential,3,3000,26,12,7,0,down,right,-0.1,12,8,0,left,False,normal_move,0.05,0.1,6.832124274273968,7.462488594223787,6.616239734801409,-0.21588453947255903,3,5,0,right,0.015633814156853824,0.00984930291881791,1.8254564665981254,-0.0003375098769451962,1.8251189567211803,19,19
sparse,0.9,0.7,replacing,exponential,3,3000,26,12,7,0,down,right,-0.1,12,8,0,left,False,normal_move,0.05,0.1,6.832124274273968,7.462488594223787,6.616239734801409,-0.21588453947255903,3,6,0,right,0.062523502209,0.03938980639167,2.3772876454095373,-0.0013497857480601495,2.375937859661477,19,19
sparse,0.9,0.7,replacing,exponential,3,3000,26,12,7,0,down,right,-0.1,12,8,0,left,False,normal_move,0.05,0.1,6.832124274273968,7.462488594223787,6.616239734801409,-0.21588453947255903,3,7,0,right,0.09924365430000001,0.062523502209,2.8999993307446315,-0.002142517060412936,2.8978568136842187,19,19
sparse,0.9,0.7,replacing,exponential,3,3000,26,12,7,0,down,right,-0.1,12,8,0,left,False,normal_move,0.05,0.1,6.832124274273968,7.462488594223787,6.616239734801409,-0.21588453947255903,3,8,0,down,0.15752961000000001,0.09924365430000001,3.5676965253089583,-0.0034008207308141836,3.5642957045781443,19,19
sparse,0.9,0.7,replacing,exponential,3,3000,26,12,7,0,down,right,-0.1,12,8,0,left,False,normal_move,0.05,0.1,6.832124274273968,7.462488594223787,6.616239734801409,-0.21588453947255903,4,8,0,down,0.250047,0.15752961000000001,4.197004132841715,-0.005398128144149498,4.191606004697566,19,19
sparse,0.9,0.7,replacing,exponential,3,3000,26,12,7,0,down,right,-0.1,12,8,0,left,False,normal_move,0.05,0.1,6.832124274273968,7.462488594223787,6.616239734801409,-0.21588453947255903,10,7,0,down,0.39690000000000003,0.250047,5.4011129530067326,-0.00856845737166587,5.392544495635066,19,19
sparse,0.9,0.7,replacing,exponential,3,3000,26,12,7,0,down,right,-0.1,12,8,0,left,False,normal_move,0.05,0.1,6.832124274273968,7.462488594223787,6.616239734801409,-0.21588453947255903,11,7,0,down,0.63,0.39690000000000003,7.0631319012722225,-0.013600725986771221,7.049531175285451,19,19
sparse,0.9,0.7,replacing,exponential,3,3000,26,12,7,0,down,right,-0.1,12,8,0,left,False,normal_move,0.05,0.1,6.832124274273968,7.462488594223787,6.616239734801409,-0.21588453947255903,12,7,0,down,1.0,0.63,6.832124274273968,-0.021588453947255906,6.810535820326712,19,19
sparse,0.9,0.7,replacing,exponential,3,3000,27,12,8,0,left,left,-0.1,12,7,0,left,False,normal_move,0.05,0.1,7.462488594223787,8.73434974626586,7.760914771639274,0.2984261774154868,1,1,0,right,6.06532791950474e-06,3.821156589287986e-06,0.2117362278011457,1.8100526257892272e-07,0.2117364088064083,20,20
sparse,0.9,0.7,replacing,exponential,3,3000,27,12,8,0,left,left,-0.1,12,7,0,left,False,normal_move,0.05,0.1,7.462488594223787,8.73434974626586,7.760914771639274,0.2984261774154868,1,2,0,down,9.627504634134507e-06,6.06532791950474e-06,0.4068262146799691,2.8730994060146464e-07,0.4068265019899097,20,20
sparse,0.9,0.7,replacing,exponential,3,3000,27,12,8,0,left,left,-0.1,12,7,0,left,False,normal_move,0.05,0.1,7.462488594223787,8.73434974626586,7.760914771639274,0.2984261774154868,2,1,0,right,2.4256751408754113e-05,1.528175338751509e-05,0.4400004706991829,7.238849599432215e-07,0.44000119458414283,20,20
sparse,0.9,0.7,replacing,exponential,3,3000,27,12,8,0,left,left,-0.1,12,7,0,left,False,normal_move,0.05,0.1,7.462488594223787,8.73434974626586,7.760914771639274,0.2984261774154868,3,1,0,right,3.850278001389542e-05,2.4256751408754113e-05,-1.183211109462575,1.1490237459416215e-06,-1.183209960438829,20,20
sparse,0.9,0.7,replacing,exponential,3,3000,27,12,8,0,left,left,-0.1,12,7,0,left,False,normal_move,0.05,0.1,7.462488594223787,8.73434974626586,7.760914771639274,0.2984261774154868,3,2,0,up,0.0001539821714073571,9.700876798663497e-05,0.5069973627633625,4.595231080323386e-06,0.5070019579944428,20,20
sparse,0.9,0.7,replacing,exponential,3,3000,27,12,8,0,left,left,-0.1,12,7,0,left,False,normal_move,0.05,0.1,7.462488594223787,8.73434974626586,7.760914771639274,0.2984261774154868,2,2,0,right,9.700876798663497e-05,6.111552383158003e-05,0.7291969716121551,2.8949955806037328e-06,0.7291998666077357,20,20
sparse,0.9,0.7,replacing,exponential,3,3000,27,12,8,0,left,left,-0.1,12,7,0,left,False,normal_move,0.05,0.1,7.462488594223787,8.73434974626586,7.760914771639274,0.2984261774154868,3,3,0,up,0.00024441614509104303,0.0001539821714073571,0.8468964232462368,7.2940175878148985e-06,0.8469037172638246,20,20
sparse,0.9,0.7,replacing,exponential,3,3000,27,12,8,0,left,left,-0.1,12,7,0,left,False,normal_move,0.05,0.1,7.462488594223787,8.73434974626586,7.760914771639274,0.2984261774154868,2,3,0,right,0.0003879621350651477,0.00024441614509104303,1.0014557858429936,1.1577805694944283e-05,1.0014673636486886,20,20
sparse,0.9,0.7,replacing,exponential,3,3000,27,12,8,0,left,left,-0.1,12,7,0,left,False,normal_move,0.05,0.1,7.462488594223787,8.73434974626586,7.760914771639274,0.2984261774154868,2,4,0,right,0.0006158129128018217,0.0003879621350651477,1.223701696233587,1.837746935705442e-05,1.223720073702944,20,20
sparse,0.9,0.7,replacing,exponential,3,3000,27,12,8,0,left,left,-0.1,12,7,0,left,False,normal_move,0.05,0.1,7.462488594223787,8.73434974626586,7.760914771639274,0.2984261774154868,1,5,0,down,0.001551556847573247,0.0009774808139711457,1.2288874600742643,4.630251790641073e-05,1.2289337625921708,20,20
sparse,0.9,0.7,replacing,exponential,3,3000,27,12,8,0,left,left,-0.1,12,7,0,left,False,normal_move,0.05,0.1,7.462488594223787,8.73434974626586,7.760914771639274,0.2984261774154868,2,5,0,down,0.006205060838855283,0.003909188328478828,1.5459888597136116,0.00018517525867701163,1.5461740349722886,20,20
sparse,0.9,0.7,replacing,exponential,3,3000,27,12,8,0,left,left,-0.1,12,7,0,left,False,normal_move,0.05,0.1,7.462488594223787,8.73434974626586,7.760914771639274,0.2984261774154868,3,5,0,right,0.00984930291881791,0.006205060838855283,1.8251189567211803,0.0002939289820270026,1.8254128857032073,20,20
sparse,0.9,0.7,replacing,exponential,3,3000,27,12,8,0,left,left,-0.1,12,7,0,left,False,normal_move,0.05,0.1,7.462488594223787,8.73434974626586,7.760914771639274,0.2984261774154868,3,6,0,right,0.03938980639167,0.024815578026752102,2.375937859661477,0.001175494935060219,2.3771133545965375,20,20
sparse,0.9,0.7,replacing,exponential,3,3000,27,12,8,0,left,left,-0.1,12,7,0,left,False,normal_move,0.05,0.1,7.462488594223787,8.73434974626586,7.760914771639274,0.2984261774154868,3,7,0,right,0.062523502209,0.03938980639167,2.8978568136842187,0.001865864976286062,2.899722678660505,20,20
sparse,0.9,0.7,replacing,exponential,3,3000,27,12,8,0,left,left,-0.1,12,7,0,left,False,normal_move,0.05,0.1,7.462488594223787,8.73434974626586,7.760914771639274,0.2984261774154868,3,8,0,down,0.09924365430000001,0.062523502209,3.5642957045781443,0.002961690438549305,3.5672573950166937,20,20
sparse,0.9,0.7,replacing,exponential,3,3000,27,12,8,0,left,left,-0.1,12,7,0,left,False,normal_move,0.05,0.1,7.462488594223787,8.73434974626586,7.760914771639274,0.2984261774154868,4,8,0,down,0.15752961000000001,0.09924365430000001,4.191606004697566,0.004701095934205246,4.196307100631771,20,20
sparse,0.9,0.7,replacing,exponential,3,3000,27,12,8,0,left,left,-0.1,12,7,0,left,False,normal_move,0.05,0.1,7.462488594223787,8.73434974626586,7.760914771639274,0.2984261774154868,10,7,0,down,0.250047,0.15752961000000001,5.392544495635066,0.007462057038421024,5.400006552673488,20,20
sparse,0.9,0.7,replacing,exponential,3,3000,27,12,8,0,left,left,-0.1,12,7,0,left,False,normal_move,0.05,0.1,7.462488594223787,8.73434974626586,7.760914771639274,0.2984261774154868,11,7,0,down,0.39690000000000003,0.250047,7.049531175285451,0.011844534981620674,7.061375710267072,20,20
sparse,0.9,0.7,replacing,exponential,3,3000,27,12,8,0,left,left,-0.1,12,7,0,left,False,normal_move,0.05,0.1,7.462488594223787,8.73434974626586,7.760914771639274,0.2984261774154868,12,7,0,down,0.63,0.39690000000000003,6.810535820326712,0.01880084917717567,6.8293366695038875,20,20
sparse,0.9,0.7,replacing,exponential,3,3000,27,12,8,0,left,left,-0.1,12,7,0,left,False,normal_move,0.05,0.1,7.462488594223787,8.73434974626586,7.760914771639274,0.2984261774154868,12,8,0,left,1.0,0.63,7.462488594223787,0.029842617741548685,7.492331211965336,20,20
sparse,0.9,0.7,replacing,exponential,3,3000,28,12,7,0,left,left,-0.1,12,6,0,up,False,normal_move,0.05,0.1,8.73434974626586,7.800603051849775,6.920542746664798,-1.813806999601062,1,1,0,right,3.821156589287986e-06,2.4073286512514312e-06,0.2117364088064083,-6.930840568222269e-07,0.21173571572235148,20,20
sparse,0.9,0.7,replacing,exponential,3,3000,28,12,7,0,left,left,-0.1,12,6,0,up,False,normal_move,0.05,0.1,8.73434974626586,7.800603051849775,6.920542746664798,-1.813806999601062,1,2,0,down,6.06532791950474e-06,3.821156589287986e-06,0.4068265019899097,-1.1001334235273444e-06,0.4068254018564862,20,20
sparse,0.9,0.7,replacing,exponential,3,3000,28,12,7,0,left,left,-0.1,12,6,0,up,False,normal_move,0.05,0.1,8.73434974626586,7.800603051849775,6.920542746664798,-1.813806999601062,2,1,0,right,1.528175338751509e-05,9.627504634134507e-06,0.44000119458414283,-2.771815126045211e-06,0.4399984227690168,20,20
sparse,0.9,0.7,replacing,exponential,3,3000,28,12,7,0,left,left,-0.1,12,6,0,up,False,normal_move,0.05,0.1,8.73434974626586,7.800603051849775,6.920542746664798,-1.813806999601062,3,1,0,right,2.4256751408754113e-05,1.528175338751509e-05,-1.183209960438829,-4.399706549278113e-06,-1.1832143601453784,20,20
sparse,0.9,0.7,replacing,exponential,3,3000,28,12,7,0,left,left,-0.1,12,6,0,up,False,normal_move,0.05,0.1,8.73434974626586,7.800603051849775,6.920542746664798,-1.813806999601062,3,2,0,up,9.700876798663497e-05,6.111552383158003e-05,0.5070019579944428,-1.7595518239683392e-05,0.5069843624762032,20,20
sparse,0.9,0.7,replacing,exponential,3,3000,28,12,7,0,left,left,-0.1,12,6,0,up,False,normal_move,0.05,0.1,8.73434974626586,7.800603051849775,6.920542746664798,-1.813806999601062,2,2,0,right,6.111552383158003e-05,3.850278001389542e-05,0.7291998666077357,-1.1085176491000537e-05,0.7291887814312448,20,20
sparse,0.9,0.7,replacing,exponential,3,3000,28,12,7,0,left,left,-0.1,12,6,0,up,False,normal_move,0.05,0.1,8.73434974626586,7.800603051849775,6.920542746664798,-1.813806999601062,3,3,0,up,0.0001539821714073571,9.700876798663497e-05,0.8469037172638246,-2.7929394031243482e-05,0.8468757878697933,20,20
sparse,0.9,0.7,replacing,exponential,3,3000,28,12,7,0,left,left,-0.1,12,6,0,up,False,normal_move,0.05,0.1,8.73434974626586,7.800603051849775,6.920542746664798,-1.813806999601062,2,3,0,right,0.00024441614509104303,0.0001539821714073571,1.0014673636486886,-4.433237147816426e-05,1.0014230312772103,20,20
sparse,0.9,0.7,replacing,exponential,3,3000,28,12,7,0,left,left,-0.1,12,6,0,up,False,normal_move,0.05,0.1,8.73434974626586,7.800603051849775,6.920542746664798,-1.813806999601062,2,4,0,right,0.0003879621350651477,0.00024441614509104303,1.223720073702944,-7.036884361613375e-05,1.2236497048593278,20,20
sparse,0.9,0.7,replacing,exponential,3,3000,28,12,7,0,left,left,-0.1,12,6,0,up,False,normal_move,0.05,0.1,8.73434974626586,7.800603051849775,6.920542746664798,-1.813806999601062,1,5,0,down,0.0009774808139711457,0.0006158129128018217,1.2289337625921708,-0.00017729615423566075,1.2287564664379351,20,20
sparse,0.9,0.7,replacing,exponential,3,3000,28,12,7,0,left,left,-0.1,12,6,0,up,False,normal_move,0.05,0.1,8.73434974626586,7.800603051849775,6.920542746664798,-1.813806999601062,2,5,0,down,0.003909188328478828,0.0024627886469416617,1.5461740349722886,-0.0007090513152953674,1.5454649836569931,20,20
sparse,0.9,0.7,replacing,exponential,3,3000,28,12,7,0,left,left,-0.1,12,6,0,up,False,normal_move,0.05,0.1,8.73434974626586,7.800603051849775,6.920542746664798,-1.813806999601062,3,5,0,right,0.006205060838855283,0.003909188328478828,1.8254128857032073,-0.001125478278246615,1.8242874074249606,20,20
sparse,0.9,0.7,replacing,exponential,3,3000,28,12,7,0,left,left,-0.1,12,6,0,up,False,normal_move,0.05,0.1,8.73434974626586,7.800603051849775,6.920542746664798,-1.813806999601062,3,6,0,right,0.024815578026752102,0.015633814156853824,2.3771133545965375,-0.0045010669124069275,2.3726122876841305,20,20
sparse,0.9,0.7,replacing,exponential,3,3000,28,12,7,0,left,left,-0.1,12,6,0,up,False,normal_move,0.05,0.1,8.73434974626586,7.800603051849775,6.920542746664798,-1.813806999601062,3,7,0,right,0.03938980639167,0.024815578026752102,2.899722678660505,-0.00714455065461417,2.8925781280058906,20,20
sparse,0.9,0.7,replacing,exponential,3,3000,28,12,7,0,left,left,-0.1,12,6,0,up,False,normal_move,0.05,0.1,8.73434974626586,7.800603051849775,6.920542746664798,-1.813806999601062,3,8,0,down,0.062523502209,0.03938980639167,3.5672573950166937,-0.011340556594625666,3.555916838422068,20,20
sparse,0.9,0.7,replacing,exponential,3,3000,28,12,7,0,left,left,-0.1,12,6,0,up,False,normal_move,0.05,0.1,8.73434974626586,7.800603051849775,6.920542746664798,-1.813806999601062,4,8,0,down,0.09924365430000001,0.062523502209,4.196307100631771,-0.018000883483532806,4.178306217148238,20,20
sparse,0.9,0.7,replacing,exponential,3,3000,28,12,7,0,left,left,-0.1,12,6,0,up,False,normal_move,0.05,0.1,8.73434974626586,7.800603051849775,6.920542746664798,-1.813806999601062,10,7,0,down,0.15752961000000001,0.09924365430000001,5.400006552673488,-0.02857283092624255,5.371433721747245,20,20
sparse,0.9,0.7,replacing,exponential,3,3000,28,12,7,0,left,left,-0.1,12,6,0,up,False,normal_move,0.05,0.1,8.73434974626586,7.800603051849775,6.920542746664798,-1.813806999601062,11,7,0,down,0.250047,0.15752961000000001,7.061375710267072,-0.045353699882924675,7.016022010384147,20,20
sparse,0.9,0.7,replacing,exponential,3,3000,28,12,7,0,left,left,-0.1,12,6,0,up,False,normal_move,0.05,0.1,8.73434974626586,7.800603051849775,6.920542746664798,-1.813806999601062,12,8,0,left,0.63,0.39690000000000003,7.492331211965336,-0.11426984097486691,7.378061370990469,20,20
sparse,0.9,0.7,replacing,exponential,3,3000,28,12,7,0,left,left,-0.1,12,6,0,up,False,normal_move,0.05,0.1,8.73434974626586,7.800603051849775,6.920542746664798,-1.813806999601062,12,7,0,left,1.0,0.63,8.73434974626586,-0.1813806999601062,8.552969046305753,20,20
sparse,0.9,0.7,replacing,exponential,3,3000,29,12,6,0,up,up,-1.0,12,6,0,left,False,wall_collision,0.05,0.1,7.800603051849775,10.419313053759744,8.37738174838377,0.5767786965339958,1,1,0,right,2.4073286512514312e-06,1.5166170502884016e-06,0.21173571572235148,1.3884958815977428e-07,0.21173585457193964,21,21
sparse,0.9,0.7,replacing,exponential,3,3000,29,12,6,0,up,up,-1.0,12,6,0,left,False,wall_collision,0.05,0.1,7.800603051849775,10.419313053759744,8.37738174838377,0.5767786965339958,1,2,0,down,3.821156589287986e-06,2.4073286512514312e-06,0.4068254018564862,2.2039617168218138e-07,0.4068256222526579,21,21
sparse,0.9,0.7,replacing,exponential,3,3000,29,12,6,0,up,up,-1.0,12,6,0,left,False,wall_collision,0.05,0.1,7.800603051849775,10.419313053759744,8.37738174838377,0.5767786965339958,2,1,0,right,9.627504634134507e-06,6.06532791950474e-06,0.4399984227690168,5.552939573751106e-07,0.43999897806297417,21,21
sparse,0.9,0.7,replacing,exponential,3,3000,29,12,6,0,up,up,-1.0,12,6,0,left,False,wall_collision,0.05,0.1,7.800603051849775,10.419313053759744,8.37738174838377,0.5767786965339958,3,1,0,right,1.528175338751509e-05,9.627504634134507e-06,-1.1832143601453784,8.81418979960493e-07,-1.1832134787263984,21,21
sparse,0.9,0.7,replacing,exponential,3,3000,29,12,6,0,up,up,-1.0,12,6,0,left,False,wall_collision,0.05,0.1,7.800603051849775,10.419313053759744,8.37738174838377,0.5767786965339958,3,2,0,up,6.111552383158003e-05,3.850278001389542e-05,0.5069843624762032,3.5250132173571088e-06,0.5069878874894205,21,21
sparse,0.9,0.7,replacing,exponential,3,3000,29,12,6,0,up,up,-1.0,12,6,0,left,False,wall_collision,0.05,0.1,7.800603051849775,10.419313053759744,8.37738174838377,0.5767786965339958,2,2,0,right,3.850278001389542e-05,2.4256751408754113e-05,0.7291887814312448,2.2207583269349785e-06,0.7291910021895717,21,21
sparse,0.9,0.7,replacing,exponential,3,3000,29,12,6,0,up,up,-1.0,12,6,0,left,False,wall_collision,0.05,0.1,7.800603051849775,10.419313053759744,8.37738174838377,0.5767786965339958,3,3,0,up,9.700876798663497e-05,6.111552383158003e-05,0.8468757878697933,5.595259075170014e-06,0.8468813831288685,21,21
sparse,0.9,0.7,replacing,exponential,3,3000,29,12,6,0,up,up,-1.0,12,6,0,left,False,wall_collision,0.05,0.1,7.800603051849775,10.419313053759744,8.37738174838377,0.5767786965339958,2,3,0,right,0.0001539821714073571,9.700876798663497e-05,1.0014230312772103,8.881363611380975e-06,1.0014319126408218,21,21
sparse,0.9,0.7,replacing,exponential,3,3000,29,12,6,0,up,up,-1.0,12,6,0,left,False,wall_collision,0.05,0.1,7.800603051849775,10.419313053759744,8.37738174838377,0.5767786965339958,2,4,0,right,0.00024441614509104303,0.0001539821714073571,1.2236497048593278,1.4097402557747581e-05,1.2236638022618855,21,21
sparse,0.9,0.7,replacing,exponential,3,3000,29,12,6,0,up,up,-1.0,12,6,0,left,False,wall_collision,0.05,0.1,7.800603051849775,10.419313053759744,8.37738174838377,0.5767786965339958,1,5,0,down,0.0006158129128018217,0.0003879621350651477,1.2287564664379351,3.55187769154638e-05,1.2287919852148506,21,21
sparse,0.9,0.7,replacing,exponential,3,3000,29,12,6,0,up,up,-1.0,12,6,0,left,False,wall_collision,0.05,0.1,7.800603051849775,10.419313053759744,8.37738174838377,0.5767786965339958,2,5,0,down,0.0024627886469416617,0.001551556847573247,1.5454649836569931,0.0001420484025621735,1.5456070320595554,21,21
sparse,0.9,0.7,replacing,exponential,3,3000,29,12,6,0,up,up,-1.0,12,6,0,left,False,wall_collision,0.05,0.1,7.800603051849775,10.419313053759744,8.37738174838377,0.5767786965339958,3,5,0,right,0.003909188328478828,0.0024627886469416617,1.8242874074249606,0.00022547365486059285,1.8245128810798212,21,21
sparse,0.9,0.7,replacing,exponential,3,3000,29,12,6,0,up,up,-1.0,12,6,0,left,False,wall_collision,0.05,0.1,7.800603051849775,10.419313053759744,8.37738174838377,0.5767786965339958,3,6,0,right,0.015633814156853824,0.00984930291881791,2.3726122876841305,0.000901725095124488,2.373514012779255,21,21
sparse,0.9,0.7,replacing,exponential,3,3000,29,12,6,0,up,up,-1.0,12,6,0,left,False,wall_collision,0.05,0.1,7.800603051849775,10.419313053759744,8.37738174838377,0.5767786965339958,3,7,0,right,0.024815578026752102,0.015633814156853824,2.8925781280058906,0.0014313096748007747,2.8940094376806913,21,21
sparse,0.9,0.7,replacing,exponential,3,3000,29,12,6,0,up,up,-1.0,12,6,0,left,False,wall_collision,0.05,0.1,7.800603051849775,10.419313053759744,8.37738174838377,0.5767786965339958,3,8,0,down,0.03938980639167,0.024815578026752102,3.555916838422068,0.002271920118731388,3.5581887585407994,21,21
sparse,0.9,0.7,replacing,exponential,3,3000,29,12,6,0,up,up,-1.0,12,6,0,left,False,wall_collision,0.05,0.1,7.800603051849775,10.419313053759744,8.37738174838377,0.5767786965339958,4,8,0,down,0.062523502209,0.03938980639167,4.178306217148238,0.0036062224106847432,4.181912439558923,21,21
sparse,0.9,0.7,replacing,exponential,3,3000,29,12,6,0,up,up,-1.0,12,6,0,left,False,wall_collision,0.05,0.1,7.800603051849775,10.419313053759744,8.37738174838377,0.5767786965339958,10,7,0,down,0.09924365430000001,0.062523502209,5.371433721747245,0.00572416255664245,5.377157884303887,21,21
sparse,0.9,0.7,replacing,exponential,3,3000,29,12,6,0,up,up,-1.0,12,6,0,left,False,wall_collision,0.05,0.1,7.800603051849775,10.419313053759744,8.37738174838377,0.5767786965339958,11,7,0,down,0.15752961000000001,0.09924365430000001,7.016022010384147,0.009085972312130873,7.025107982696278,21,21
sparse,0.9,0.7,replacing,exponential,3,3000,29,12,6,0,up,up,-1.0,12,6,0,left,False,wall_collision,0.05,0.1,7.800603051849775,10.419313053759744,8.37738174838377,0.5767786965339958,12,8,0,left,0.39690000000000003,0.250047,7.378061370990469,0.022892346465434296,7.400953717455904,21,21
sparse,0.9,0.7,replacing,exponential,3,3000,29,12,6,0,up,up,-1.0,12,6,0,left,False,wall_collision,0.05,0.1,7.800603051849775,10.419313053759744,8.37738174838377,0.5767786965339958,12,7,0,left,0.63,0.39690000000000003,8.552969046305753,0.03633705788164174,8.589306104187395,21,21
sparse,0.9,0.7,replacing,exponential,3,3000,29,12,6,0,up,up,-1.0,12,6,0,left,False,wall_collision,0.05,0.1,7.800603051849775,10.419313053759744,8.37738174838377,0.5767786965339958,12,6,0,up,1.0,0.63,7.800603051849775,0.057677869653399584,7.858280921503175,21,21
sparse,0.9,0.7,replacing,exponential,3,3000,30,12,6,0,left,left,-0.1,12,5,0,left,False,normal_move,0.05,0.1,10.419313053759744,12.749437879855837,11.374494091870254,0.9551810381105099,1,1,0,right,1.5166170502884016e-06,0.0,0.21173585457193964,1.448643848510575e-07,0.21173599943632448,21,20
sparse,0.9,0.7,replacing,exponential,3,3000,30,12,6,0,left,left,-0.1,12,5,0,left,False,normal_move,0.05,0.1,10.419313053759744,12.749437879855837,11.374494091870254,0.9551810381105099,1,2,0,down,2.4073286512514312e-06,1.5166170502884016e-06,0.4068256222526579,2.299434680175516e-07,0.40682585219612594,21,20
sparse,0.9,0.7,replacing,exponential,3,3000,30,12,6,0,left,left,-0.1,12,5,0,left,False,normal_move,0.05,0.1,10.419313053759744,12.749437879855837,11.374494091870254,0.9551810381105099,2,1,0,right,6.06532791950474e-06,3.821156589287986e-06,0.43999897806297417,5.793486218633197e-07,0.439999557411596,21,20
sparse,0.9,0.7,replacing,exponential,3,3000,30,12,6,0,left,left,-0.1,12,5,0,left,False,normal_move,0.05,0.1,10.419313053759744,12.749437879855837,11.374494091870254,0.9551810381105099,3,1,0,right,9.627504634134507e-06,6.06532791950474e-06,-1.1832134787263984,9.196009870846344e-07,-1.1832125591254112,21,20
sparse,0.9,0.7,replacing,exponential,3,3000,30,12,6,0,left,left,-0.1,12,5,0,left,False,normal_move,0.05,0.1,10.419313053759744,12.749437879855837,11.374494091870254,0.9551810381105099,3,2,0,up,3.850278001389542e-05,2.4256751408754113e-05,0.5069878874894205,3.6777125383813223e-06,0.5069915652019589,21,20
sparse,0.9,0.7,replacing,exponential,3,3000,30,12,6,0,left,left,-0.1,12,5,0,left,False,normal_move,0.05,0.1,10.419313053759744,12.749437879855837,11.374494091870254,0.9551810381105099,2,2,0,right,2.4256751408754113e-05,1.528175338751509e-05,0.7291910021895717,2.316958899180233e-06,0.7291933191484709,21,20
sparse,0.9,0.7,replacing,exponential,3,3000,30,12,6,0,left,left,-0.1,12,5,0,left,False,normal_move,0.05,0.1,10.419313053759744,12.749437879855837,11.374494091870254,0.9551810381105099,3,3,0,up,6.111552383158003e-05,3.850278001389542e-05,0.8468813831288685,5.837638949811622e-06,0.8468872207678183,21,20
sparse,0.9,0.7,replacing,exponential,3,3000,30,12,6,0,left,left,-0.1,12,5,0,left,False,normal_move,0.05,0.1,10.419313053759744,12.749437879855837,11.374494091870254,0.9551810381105099,2,3,0,right,9.700876798663497e-05,6.111552383158003e-05,1.0014319126408218,9.26609357112956e-06,1.0014411787343929,21,20
sparse,0.9,0.7,replacing,exponential,3,3000,30,12,6,0,left,left,-0.1,12,5,0,left,False,normal_move,0.05,0.1,10.419313053759744,12.749437879855837,11.374494091870254,0.9551810381105099,2,4,0,right,0.0001539821714073571,9.700876798663497e-05,1.2236638022618855,1.4708085033538984e-05,1.223678510346919,21,20
sparse,0.9,0.7,replacing,exponential,3,3000,30,12,6,0,left,left,-0.1,12,5,0,left,False,normal_move,0.05,0.1,10.419313053759744,12.749437879855837,11.374494091870254,0.9551810381105099,1,5,0,down,0.0003879621350651477,0.00024441614509104303,1.2287919852148506,3.7057407491909764e-05,1.2288290426223425,21,20
sparse,0.9,0.7,replacing,exponential,3,3000,30,12,6,0,left,left,-0.1,12,5,0,left,False,normal_move,0.05,0.1,10.419313053759744,12.749437879855837,11.374494091870254,0.9551810381105099,2,5,0,down,0.001551556847573247,0.0009774808139711457,1.5456070320595554,0.00014820176803524842,1.5457552338275906,21,20
sparse,0.9,0.7,replacing,exponential,3,3000,30,12,6,0,left,left,-0.1,12,5,0,left,False,normal_move,0.05,0.1,10.419313053759744,12.749437879855837,11.374494091870254,0.9551810381105099,3,5,0,right,0.0024627886469416617,0.001551556847573247,1.8245128810798212,0.00023524090164325147,1.8247481219814645,21,20
sparse,0.9,0.7,replacing,exponential,3,3000,30,12,6,0,left,left,-0.1,12,5,0,left,False,normal_move,0.05,0.1,10.419313053759744,12.749437879855837,11.374494091870254,0.9551810381105099,3,6,0,right,0.00984930291881791,0.006205060838855283,2.373514012779255,0.0009407867386661367,2.3744547995179213,21,20
sparse,0.9,0.7,replacing,exponential,3,3000,30,12,6,0,left,left,-0.1,12,5,0,left,False,normal_move,0.05,0.1,10.419313053759744,12.749437879855837,11.374494091870254,0.9551810381105099,3,7,0,right,0.015633814156853824,0.00984930291881791,2.8940094376806913,0.0014933122835970422,2.8955027499642885,21,20
sparse,0.9,0.7,replacing,exponential,3,3000,30,12,6,0,left,left,-0.1,12,5,0,left,False,normal_move,0.05,0.1,10.419313053759744,12.749437879855837,11.374494091870254,0.9551810381105099,3,8,0,down,0.024815578026752102,0.015633814156853824,3.5581887585407994,0.0023703369580905433,3.56055909549889,21,20
sparse,0.9,0.7,replacing,exponential,3,3000,30,12,6,0,left,left,-0.1,12,5,0,left,False,normal_move,0.05,0.1,10.419313053759744,12.749437879855837,11.374494091870254,0.9551810381105099,4,8,0,down,0.03938980639167,0.024815578026752102,4.181912439558923,0.0037624396160167353,4.18567487917494,21,20
sparse,0.9,0.7,replacing,exponential,3,3000,30,12,6,0,left,left,-0.1,12,5,0,left,False,normal_move,0.05,0.1,10.419313053759744,12.749437879855837,11.374494091870254,0.9551810381105099,10,7,0,down,0.062523502209,0.03938980639167,5.377157884303887,0.005972126374629739,5.383130010678517,21,20
sparse,0.9,0.7,replacing,exponential,3,3000,30,12,6,0,left,left,-0.1,12,5,0,left,False,normal_move,0.05,0.1,10.419313053759744,12.749437879855837,11.374494091870254,0.9551810381105099,11,7,0,down,0.09924365430000001,0.062523502209,7.025107982696278,0.009479565674015459,7.034587548370294,21,20
sparse,0.9,0.7,replacing,exponential,3,3000,30,12,6,0,left,left,-0.1,12,5,0,left,False,normal_move,0.05,0.1,10.419313053759744,12.749437879855837,11.374494091870254,0.9551810381105099,12,8,0,left,0.250047,0.15752961000000001,7.400953717455904,0.02388401530364187,7.424837732759546,21,20
sparse,0.9,0.7,replacing,exponential,3,3000,30,12,6,0,left,left,-0.1,12,5,0,left,False,normal_move,0.05,0.1,10.419313053759744,12.749437879855837,11.374494091870254,0.9551810381105099,12,7,0,left,0.39690000000000003,0.250047,8.589306104187395,0.03791113540260614,8.627217239590001,21,20
sparse,0.9,0.7,replacing,exponential,3,3000,30,12,6,0,left,left,-0.1,12,5,0,left,False,normal_move,0.05,0.1,10.419313053759744,12.749437879855837,11.374494091870254,0.9551810381105099,12,6,0,left,1.0,0.63,10.419313053759744,0.095518103811051,10.514831157570795,21,20
sparse,0.9,0.7,replacing,exponential,3,3000,31,12,5,0,left,left,-0.1,12,4,0,left,False,normal_move,0.05,0.1,12.749437879855837,15.135381558634524,13.521843402771072,0.7724055229152356,1,2,0,down,1.5166170502884016e-06,0.0,0.40682585219612594,1.171443385790175e-07,0.4068259693404645,21,20
sparse,0.9,0.7,replacing,exponential,3,3000,31,12,5,0,left,left,-0.1,12,4,0,left,False,normal_move,0.05,0.1,12.749437879855837,15.135381558634524,13.521843402771072,0.7724055229152356,2,1,0,right,3.821156589287986e-06,2.4073286512514312e-06,0.439999557411596,2.951482453489985e-07,0.43999985255984136,21,20
sparse,0.9,0.7,replacing,exponential,3,3000,31,12,5,0,left,left,-0.1,12,4,0,left,False,normal_move,0.05,0.1,12.749437879855837,15.135381558634524,13.521843402771072,0.7724055229152356,3,1,0,right,6.06532791950474e-06,3.821156589287986e-06,-1.1832125591254112,4.6848927833174364e-07,-1.183212090636133,21,20
sparse,0.9,0.7,replacing,exponential,3,3000,31,12,5,0,left,left,-0.1,12,4,0,left,False,normal_move,0.05,0.1,12.749437879855837,15.135381558634524,13.521843402771072,0.7724055229152356,3,2,0,up,2.4256751408754113e-05,1.528175338751509e-05,0.5069915652019589,1.8736048756103598e-06,0.5069934388068345,21,20
sparse,0.9,0.7,replacing,exponential,3,3000,31,12,5,0,left,left,-0.1,12,4,0,left,False,normal_move,0.05,0.1,12.749437879855837,15.135381558634524,13.521843402771072,0.7724055229152356,2,2,0,right,1.528175338751509e-05,9.627504634134507e-06,0.7291933191484709,1.1803710716345267e-06,0.7291944995195425,21,20
sparse,0.9,0.7,replacing,exponential,3,3000,31,12,5,0,left,left,-0.1,12,4,0,left,False,normal_move,0.05,0.1,12.749437879855837,15.135381558634524,13.521843402771072,0.7724055229152356,3,3,0,up,3.850278001389542e-05,2.4256751408754113e-05,0.8468872207678183,2.973975993032317e-06,0.8468901947438113,21,20
sparse,0.9,0.7,replacing,exponential,3,3000,31,12,5,0,left,left,-0.1,12,4,0,left,False,normal_move,0.05,0.1,12.749437879855837,15.135381558634524,13.521843402771072,0.7724055229152356,2,3,0,right,6.111552383158003e-05,3.850278001389542e-05,1.0014411787343929,4.720596814337011e-06,1.0014458993312072,21,20
sparse,0.9,0.7,replacing,exponential,3,3000,31,12,5,0,left,left,-0.1,12,4,0,left,False,normal_move,0.05,0.1,12.749437879855837,15.135381558634524,13.521843402771072,0.7724055229152356,2,4,0,right,9.700876798663497e-05,6.111552383158003e-05,1.223678510346919,7.493010816407955e-06,1.2236860033577355,21,20
sparse,0.9,0.7,replacing,exponential,3,3000,31,12,5,0,left,left,-0.1,12,4,0,left,False,normal_move,0.05,0.1,12.749437879855837,15.135381558634524,13.521843402771072,0.7724055229152356,1,5,0,down,0.00024441614509104303,0.0001539821714073571,1.2288290426223425,1.887883803579732e-05,1.2288479214603782,21,20
sparse,0.9,0.7,replacing,exponential,3,3000,31,12,5,0,left,left,-0.1,12,4,0,left,False,normal_move,0.05,0.1,12.749437879855837,15.135381558634524,13.521843402771072,0.7724055229152356,2,5,0,down,0.0009774808139711457,0.0006158129128018217,1.5457552338275906,7.550115792549929e-05,1.545830734985516,21,20
sparse,0.9,0.7,replacing,exponential,3,3000,31,12,5,0,left,left,-0.1,12,4,0,left,False,normal_move,0.05,0.1,12.749437879855837,15.135381558634524,13.521843402771072,0.7724055229152356,3,5,0,right,0.001551556847573247,0.0009774808139711457,1.8247481219814645,0.00011984310781825283,1.8248679650892827,21,20
sparse,0.9,0.7,replacing,exponential,3,3000,31,12,5,0,left,left,-0.1,12,4,0,left,False,normal_move,0.05,0.1,12.749437879855837,15.135381558634524,13.521843402771072,0.7724055229152356,3,6,0,right,0.006205060838855283,0.003909188328478828,2.3744547995179213,0.00047928232619568655,2.374934081844117,21,20
sparse,0.9,0.7,replacing,exponential,3,3000,31,12,5,0,left,left,-0.1,12,4,0,left,False,normal_move,0.05,0.1,12.749437879855837,15.135381558634524,13.521843402771072,0.7724055229152356,3,7,0,right,0.00984930291881791,0.006205060838855283,2.8955027499642885,0.0007607655971360104,2.8962635155614245,21,20
sparse,0.9,0.7,replacing,exponential,3,3000,31,12,5,0,left,left,-0.1,12,4,0,left,False,normal_move,0.05,0.1,12.749437879855837,15.135381558634524,13.521843402771072,0.7724055229152356,3,8,0,down,0.015633814156853824,0.00984930291881791,3.56055909549889,0.001207564439898429,3.5617666599387885,21,20
sparse,0.9,0.7,replacing,exponential,3,3000,31,12,5,0,left,left,-0.1,12,4,0,left,False,normal_move,0.05,0.1,12.749437879855837,15.135381558634524,13.521843402771072,0.7724055229152356,4,8,0,down,0.024815578026752102,0.015633814156853824,4.18567487917494,0.0019167689522197287,4.187591648127159,21,20
sparse,0.9,0.7,replacing,exponential,3,3000,31,12,5,0,left,left,-0.1,12,4,0,left,False,normal_move,0.05,0.1,12.749437879855837,15.135381558634524,13.521843402771072,0.7724055229152356,10,7,0,down,0.03938980639167,0.024815578026752102,5.383130010678517,0.0030424904003487755,5.386172501078866,21,20
sparse,0.9,0.7,replacing,exponential,3,3000,31,12,5,0,left,left,-0.1,12,4,0,left,False,normal_move,0.05,0.1,12.749437879855837,15.135381558634524,13.521843402771072,0.7724055229152356,11,7,0,down,0.062523502209,0.03938980639167,7.034587548370294,0.004829349841823454,7.039416898212117,21,20
sparse,0.9,0.7,replacing,exponential,3,3000,31,12,5,0,left,left,-0.1,12,4,0,left,False,normal_move,0.05,0.1,12.749437879855837,15.135381558634524,13.521843402771072,0.7724055229152356,12,8,0,left,0.15752961000000001,0.09924365430000001,7.424837732759546,0.012167674078668313,7.437005406838214,21,20
sparse,0.9,0.7,replacing,exponential,3,3000,31,12,5,0,left,left,-0.1,12,4,0,left,False,normal_move,0.05,0.1,12.749437879855837,15.135381558634524,13.521843402771072,0.7724055229152356,12,7,0,left,0.250047,0.15752961000000001,8.627217239590001,0.019313768378838594,8.64653100796884,21,20
sparse,0.9,0.7,replacing,exponential,3,3000,31,12,5,0,left,left,-0.1,12,4,0,left,False,normal_move,0.05,0.1,12.749437879855837,15.135381558634524,13.521843402771072,0.7724055229152356,12,6,0,left,0.63,0.39690000000000003,10.514831157570795,0.048661547943659844,10.563492705514454,21,20
sparse,0.9,0.7,replacing,exponential,3,3000,31,12,5,0,left,left,-0.1,12,4,0,left,False,normal_move,0.05,0.1,12.749437879855837,15.135381558634524,13.521843402771072,0.7724055229152356,12,5,0,left,1.0,0.63,12.749437879855837,0.07724055229152356,12.82667843214736,21,20
sparse,0.9,0.7,replacing,exponential,3,3000,32,12,4,0,left,left,-0.1,12,3,0,left,False,normal_move,0.05,0.1,15.135381558634524,18.32086622472197,16.388779602249773,1.253398043615249,2,1,0,right,2.4073286512514312e-06,1.5166170502884016e-06,0.43999985255984136,3.0173410218174796e-07,0.44000015429394357,21,21
sparse,0.9,0.7,replacing,exponential,3,3000,32,12,4,0,left,left,-0.1,12,3,0,left,False,normal_move,0.05,0.1,15.135381558634524,18.32086622472197,16.388779602249773,1.253398043615249,3,1,0,right,3.821156589287986e-06,2.4073286512514312e-06,-1.183212090636133,4.789430193361079e-07,-1.1832116116931137,21,21
sparse,0.9,0.7,replacing,exponential,3,3000,32,12,4,0,left,left,-0.1,12,3,0,left,False,normal_move,0.05,0.1,15.135381558634524,18.32086622472197,16.388779602249773,1.253398043615249,3,2,0,up,1.528175338751509e-05,9.627504634134507e-06,0.5069934388068345,1.915411979892212e-06,0.5069953542188144,21,21
sparse,0.9,0.7,replacing,exponential,3,3000,32,12,4,0,left,left,-0.1,12,3,0,left,False,normal_move,0.05,0.1,15.135381558634524,18.32086622472197,16.388779602249773,1.253398043615249,2,2,0,right,9.627504634134507e-06,6.06532791950474e-06,0.7291944995195425,1.2067095473320935e-06,0.7291957062290898,21,21
sparse,0.9,0.7,replacing,exponential,3,3000,32,12,4,0,left,left,-0.1,12,3,0,left,False,normal_move,0.05,0.1,15.135381558634524,18.32086622472197,16.388779602249773,1.253398043615249,3,3,0,up,2.4256751408754113e-05,1.528175338751509e-05,0.8468901947438113,3.040336476019384e-06,0.8468932350802874,21,21
sparse,0.9,0.7,replacing,exponential,3,3000,32,12,4,0,left,left,-0.1,12,3,0,left,False,normal_move,0.05,0.1,15.135381558634524,18.32086622472197,16.388779602249773,1.253398043615249,2,3,0,right,3.850278001389542e-05,2.4256751408754113e-05,1.0014458993312072,4.825930914316483e-06,1.0014507252621214,21,21
sparse,0.9,0.7,replacing,exponential,3,3000,32,12,4,0,left,left,-0.1,12,3,0,left,False,normal_move,0.05,0.1,15.135381558634524,18.32086622472197,16.388779602249773,1.253398043615249,2,4,0,right,6.111552383158003e-05,3.850278001389542e-05,1.2236860033577355,7.660207800502354e-06,1.223693663565536,21,21
sparse,0.9,0.7,replacing,exponential,3,3000,32,12,4,0,left,left,-0.1,12,3,0,left,False,normal_move,0.05,0.1,15.135381558634524,18.32086622472197,16.388779602249773,1.253398043615249,1,5,0,down,0.0001539821714073571,9.700876798663497e-05,1.2288479214603782,1.930009523936093e-05,1.2288672215556176,21,21
sparse,0.9,0.7,replacing,exponential,3,3000,32,12,4,0,left,left,-0.1,12,3,0,left,False,normal_move,0.05,0.1,15.135381558634524,18.32086622472197,16.388779602249773,1.253398043615249,2,5,0,down,0.0006158129128018217,0.0003879621350651477,1.545830734985516,7.718587001388113e-05,1.54590792085553,21,21
sparse,0.9,0.7,replacing,exponential,3,3000,32,12,4,0,left,left,-0.1,12,3,0,left,False,normal_move,0.05,0.1,15.135381558634524,18.32086622472197,16.388779602249773,1.253398043615249,3,5,0,right,0.0009774808139711457,0.0006158129128018217,1.8248679650892827,0.0001225172539902875,1.824990482343273,21,21
sparse,0.9,0.7,replacing,exponential,3,3000,32,12,4,0,left,left,-0.1,12,3,0,left,False,normal_move,0.05,0.1,15.135381558634524,18.32086622472197,16.388779602249773,1.253398043615249,3,6,0,right,0.003909188328478828,0.0024627886469416617,2.374934081844117,0.0004899769003038929,2.3754240587444206,21,21
sparse,0.9,0.7,replacing,exponential,3,3000,32,12,4,0,left,left,-0.1,12,3,0,left,False,normal_move,0.05,0.1,15.135381558634524,18.32086622472197,16.388779602249773,1.253398043615249,3,7,0,right,0.006205060838855283,0.003909188328478828,2.8962635155614245,0.0007777411115934807,2.897041256673018,21,21
sparse,0.9,0.7,replacing,exponential,3,3000,32,12,4,0,left,left,-0.1,12,3,0,left,False,normal_move,0.05,0.1,15.135381558634524,18.32086622472197,16.388779602249773,1.253398043615249,3,8,0,down,0.00984930291881791,0.006205060838855283,3.5617666599387885,0.0012345097009420329,3.5630011696397306,21,21
sparse,0.9,0.7,replacing,exponential,3,3000,32,12,4,0,left,left,-0.1,12,3,0,left,False,normal_move,0.05,0.1,15.135381558634524,18.32086622472197,16.388779602249773,1.253398043615249,4,8,0,down,0.015633814156853824,0.00984930291881791,4.187591648127159,0.0019595392078444965,4.189551187335004,21,21
sparse,0.9,0.7,replacing,exponential,3,3000,32,12,4,0,left,left,-0.1,12,3,0,left,False,normal_move,0.05,0.1,15.135381558634524,18.32086622472197,16.388779602249773,1.253398043615249,10,7,0,down,0.024815578026752102,0.015633814156853824,5.386172501078866,0.0031103796949912645,5.389282880773857,21,21
sparse,0.9,0.7,replacing,exponential,3,3000,32,12,4,0,left,left,-0.1,12,3,0,left,False,normal_move,0.05,0.1,15.135381558634524,18.32086622472197,16.388779602249773,1.253398043615249,11,7,0,down,0.03938980639167,0.024815578026752102,7.039416898212117,0.004937110626970261,7.044354008839088,21,21
sparse,0.9,0.7,replacing,exponential,3,3000,32,12,4,0,left,left,-0.1,12,3,0,left,False,normal_move,0.05,0.1,15.135381558634524,18.32086622472197,16.388779602249773,1.253398043615249,12,8,0,left,0.09924365430000001,0.062523502209,7.437005406838214,0.01243918021408481,7.449444587052299,21,21
sparse,0.9,0.7,replacing,exponential,3,3000,32,12,4,0,left,left,-0.1,12,3,0,left,False,normal_move,0.05,0.1,15.135381558634524,18.32086622472197,16.388779602249773,1.253398043615249,12,7,0,left,0.15752961000000001,0.09924365430000001,8.64653100796884,0.019744730498547317,8.666275738467387,21,21
sparse,0.9,0.7,replacing,exponential,3,3000,32,12,4,0,left,left,-0.1,12,3,0,left,False,normal_move,0.05,0.1,15.135381558634524,18.32086622472197,16.388779602249773,1.253398043615249,12,6,0,left,0.39690000000000003,0.250047,10.563492705514454,0.049747368351089234,10.613240073865544,21,21
sparse,0.9,0.7,replacing,exponential,3,3000,32,12,4,0,left,left,-0.1,12,3,0,left,False,normal_move,0.05,0.1,15.135381558634524,18.32086622472197,16.388779602249773,1.253398043615249,12,5,0,left,0.63,0.39690000000000003,12.82667843214736,0.07896407674776068,12.905642508895122,21,21
sparse,0.9,0.7,replacing,exponential,3,3000,32,12,4,0,left,left,-0.1,12,3,0,left,False,normal_move,0.05,0.1,15.135381558634524,18.32086622472197,16.388779602249773,1.253398043615249,12,4,0,left,1.0,0.63,15.135381558634524,0.1253398043615249,15.26072136299605,21,21
sparse,0.9,0.7,replacing,exponential,3,3000,33,12,3,0,left,left,10.0,12,2,1,right,False,key_collected,0.05,0.1,18.32086622472197,9.590363371735355,18.63132703456182,0.31046080983984936,2,1,0,right,1.5166170502884016e-06,0.0,0.44000015429394357,4.7085015764946074e-08,0.44000020137895934,22,21
sparse,0.9,0.7,replacing,exponential,3,3000,33,12,3,0,left,left,10.0,12,2,1,right,False,key_collected,0.05,0.1,18.32086622472197,9.590363371735355,18.63132703456182,0.31046080983984936,3,1,0,right,2.4073286512514312e-06,1.5166170502884016e-06,-1.1832116116931137,7.473812026181917e-08,-1.1832115369549934,22,21
sparse,0.9,0.7,replacing,exponential,3,3000,33,12,3,0,left,left,10.0,12,2,1,right,False,key_collected,0.05,0.1,18.32086622472197,9.590363371735355,18.63132703456182,0.31046080983984936,3,2,0,up,9.627504634134507e-06,6.06532791950474e-06,0.5069953542188144,2.988962885450302e-07,0.5069956531151029,22,21
sparse,0.9,0.7,replacing,exponential,3,3000,33,12,3,0,left,left,10.0,12,2,1,right,False,key_collected,0.05,0.1,18.32086622472197,9.590363371735355,18.63132703456182,0.31046080983984936,2,2,0,right,6.06532791950474e-06,3.821156589287986e-06,0.7291957062290898,1.8830466178336903e-07,0.7291958945337516,22,21
sparse,0.9,0.7,replacing,exponential,3,3000,33,12,3,0,left,left,10.0,12,2,1,right,False,key_collected,0.05,0.1,18.32086622472197,9.590363371735355,18.63132703456182,0.31046080983984936,3,3,0,up,1.528175338751509e-05,9.627504634134507e-06,0.8468932350802874,4.744385532460797e-07,0.8468937095188406,22,21
sparse,0.9,0.7,replacing,exponential,3,3000,33,12,3,0,left,left,10.0,12,2,1,right,False,key_collected,0.05,0.1,18.32086622472197,9.590363371735355,18.63132703456182,0.31046080983984936,2,3,0,right,2.4256751408754113e-05,1.528175338751509e-05,1.0014507252621214,7.53077068644571e-07,1.0014514783391901,22,21
sparse,0.9,0.7,replacing,exponential,3,3000,33,12,3,0,left,left,10.0,12,2,1,right,False,key_collected,0.05,0.1,18.32086622472197,9.590363371735355,18.63132703456182,0.31046080983984936,2,4,0,right,3.850278001389542e-05,2.4256751408754113e-05,1.223693663565536,1.195360426419954e-06,1.2236948589259624,22,21
sparse,0.9,0.7,replacing,exponential,3,3000,33,12,3,0,left,left,10.0,12,2,1,right,False,key_collected,0.05,0.1,18.32086622472197,9.590363371735355,18.63132703456182,0.31046080983984936,1,5,0,down,9.700876798663497e-05,6.111552383158003e-05,1.2288672215556176,3.011742067069675e-06,1.2288702332976846,22,21
sparse,0.9,0.7,replacing,exponential,3,3000,33,12,3,0,left,left,10.0,12,2,1,right,False,key_collected,0.05,0.1,18.32086622472197,9.590363371735355,18.63132703456182,0.31046080983984936,2,5,0,down,0.0003879621350651477,0.00024441614509104303,1.54590792085553,1.2044703863952278e-05,1.5459199655593938,22,21
sparse,0.9,0.7,replacing,exponential,3,3000,33,12,3,0,left,left,10.0,12,2,1,right,False,key_collected,0.05,0.1,18.32086622472197,9.590363371735355,18.63132703456182,0.31046080983984936,3,5,0,right,0.0006158129128018217,0.0003879621350651477,1.824990482343273,1.9118577561829013e-05,1.8250096009208348,22,21
sparse,0.9,0.7,replacing,exponential,3,3000,33,12,3,0,left,left,10.0,12,2,1,right,False,key_collected,0.05,0.1,18.32086622472197,9.590363371735355,18.63132703456182,0.31046080983984936,3,6,0,right,0.0024627886469416617,0.001551556847573247,2.3754240587444206,7.645993577938952e-05,2.3755005186802,22,21
sparse,0.9,0.7,replacing,exponential,3,3000,33,12,3,0,left,left,10.0,12,2,1,right,False,key_collected,0.05,0.1,18.32086622472197,9.590363371735355,18.63132703456182,0.31046080983984936,3,7,0,right,0.003909188328478828,0.0024627886469416617,2.897041256673018,0.00012136497742760242,2.8971626216504456,22,21
sparse,0.9,0.7,replacing,exponential,3,3000,33,12,3,0,left,left,10.0,12,2,1,right,False,key_collected,0.05,0.1,18.32086622472197,9.590363371735355,18.63132703456182,0.31046080983984936,3,8,0,down,0.006205060838855283,0.003909188328478828,3.5630011696397306,0.00019264282131365465,3.5631938124610443,22,21
sparse,0.9,0.7,replacing,exponential,3,3000,33,12,3,0,left,left,10.0,12,2,1,right,False,key_collected,0.05,0.1,18.32086622472197,9.590363371735355,18.63132703456182,0.31046080983984936,4,8,0,down,0.00984930291881791,0.006205060838855283,4.189551187335004,0.00030578225605342005,4.189856969591058,22,21
sparse,0.9,0.7,replacing,exponential,3,3000,33,12,3,0,left,left,10.0,12,2,1,right,False,key_collected,0.05,0.1,18.32086622472197,9.590363371735355,18.63132703456182,0.31046080983984936,10,7,0,down,0.015633814156853824,0.00984930291881791,5.389282880773857,0.00048536866040225406,5.389768249434259,22,21
sparse,0.9,0.7,replacing,exponential,3,3000,33,12,3,0,left,left,10.0,12,2,1,right,False,key_collected,0.05,0.1,18.32086622472197,9.590363371735355,18.63132703456182,0.31046080983984936,11,7,0,down,0.024815578026752102,0.015633814156853824,7.044354008839088,0.0007704264450829429,7.045124435284171,22,21
sparse,0.9,0.7,replacing,exponential,3,3000,33,12,3,0,left,left,10.0,12,2,1,right,False,key_collected,0.05,0.1,18.32086622472197,9.590363371735355,18.63132703456182,0.31046080983984936,12,8,0,left,0.062523502209,0.03938980639167,7.449444587052299,0.0019411097129829755,7.451385696765282,22,21
sparse,0.9,0.7,replacing,exponential,3,3000,33,12,3,0,left,left,10.0,12,2,1,right,False,key_collected,0.05,0.1,18.32086622472197,9.590363371735355,18.63132703456182,0.31046080983984936,12,7,0,left,0.09924365430000001,0.062523502209,8.666275738467387,0.0030811265285444053,8.669356864995931,22,21
sparse,0.9,0.7,replacing,exponential,3,3000,33,12,3,0,left,left,10.0,12,2,1,right,False,key_collected,0.05,0.1,18.32086622472197,9.590363371735355,18.63132703456182,0.31046080983984936,12,6,0,left,0.250047,0.15752961000000001,10.613240073865544,0.0077629794118024825,10.621003053277347,22,21
sparse,0.9,0.7,replacing,exponential,3,3000,33,12,3,0,left,left,10.0,12,2,1,right,False,key_collected,0.05,0.1,18.32086622472197,9.590363371735355,18.63132703456182,0.31046080983984936,12,5,0,left,0.39690000000000003,0.250047,12.905642508895122,0.012322189542543624,12.917964698437666,22,21
sparse,0.9,0.7,replacing,exponential,3,3000,33,12,3,0,left,left,10.0,12,2,1,right,False,key_collected,0.05,0.1,18.32086622472197,9.590363371735355,18.63132703456182,0.31046080983984936,12,4,0,left,0.63,0.39690000000000003,15.26072136299605,0.019559031019910512,15.28028039401596,22,21
sparse,0.9,0.7,replacing,exponential,3,3000,33,12,3,0,left,left,10.0,12,2,1,right,False,key_collected,0.05,0.1,18.32086622472197,9.590363371735355,18.63132703456182,0.31046080983984936,12,3,0,left,1.0,0.63,18.32086622472197,0.03104608098398494,18.351912305705955,22,21
sparse,0.9,0.7,replacing,exponential,3,3000,34,12,2,1,right,up,-0.1,11,2,1,up,False,normal_move,0.05,0.1,9.590363371735355,-0.235904963993828,-0.3123144675944452,-9.902677839329801,3,1,0,right,1.5166170502884016e-06,0.0,-1.1832115369549934,-1.5018570054640686e-06,-1.1832130388119988,22,21
sparse,0.9,0.7,replacing,exponential,3,3000,34,12,2,1,right,up,-0.1,11,2,1,up,False,normal_move,0.05,0.1,9.590363371735355,-0.235904963993828,-0.3123144675944452,-9.902677839329801,3,2,0,up,6.06532791950474e-06,3.821156589287986e-06,0.5069956531151029,-6.006298837674791e-06,0.5069896468162652,22,21
sparse,0.9,0.7,replacing,exponential,3,3000,34,12,2,1,right,up,-0.1,11,2,1,up,False,normal_move,0.05,0.1,9.590363371735355,-0.235904963993828,-0.3123144675944452,-9.902677839329801,2,2,0,right,3.821156589287986e-06,2.4073286512514312e-06,0.7291958945337516,-3.7839682677351186e-06,0.7291921105654838,22,21
sparse,0.9,0.7,replacing,exponential,3,3000,34,12,2,1,right,up,-0.1,11,2,1,up,False,normal_move,0.05,0.1,9.590363371735355,-0.235904963993828,-0.3123144675944452,-9.902677839329801,3,3,0,up,9.627504634134507e-06,6.06532791950474e-06,0.8468937095188406,-9.533807678848875e-06,0.8468841757111617,22,21
sparse,0.9,0.7,replacing,exponential,3,3000,34,12,2,1,right,up,-0.1,11,2,1,up,False,normal_move,0.05,0.1,9.590363371735355,-0.235904963993828,-0.3123144675944452,-9.902677839329801,2,3,0,right,1.528175338751509e-05,9.627504634134507e-06,1.0014514783391901,-1.5133028061664882e-05,1.0014363453111284,22,21
sparse,0.9,0.7,replacing,exponential,3,3000,34,12,2,1,right,up,-0.1,11,2,1,up,False,normal_move,0.05,0.1,9.590363371735355,-0.235904963993828,-0.3123144675944452,-9.902677839329801,2,4,0,right,2.4256751408754113e-05,1.528175338751509e-05,1.2236948589259624,-2.402067946296013e-05,1.2236708382464994,22,21
sparse,0.9,0.7,replacing,exponential,3,3000,34,12,2,1,right,up,-0.1,11,2,1,up,False,normal_move,0.05,0.1,9.590363371735355,-0.235904963993828,-0.3123144675944452,-9.902677839329801,1,5,0,down,6.111552383158003e-05,3.850278001389542e-05,1.2288702332976846,-6.0520734348601984e-05,1.228809712563336,22,21
sparse,0.9,0.7,replacing,exponential,3,3000,34,12,2,1,right,up,-0.1,11,2,1,up,False,normal_move,0.05,0.1,9.590363371735355,-0.235904963993828,-0.3123144675944452,-9.902677839329801,2,5,0,down,0.00024441614509104303,0.0001539821714073571,1.5459199655593938,-0.0002420374343567489,1.545677928125037,22,21
sparse,0.9,0.7,replacing,exponential,3,3000,34,12,2,1,right,up,-0.1,11,2,1,up,False,normal_move,0.05,0.1,9.590363371735355,-0.235904963993828,-0.3123144675944452,-9.902677839329801,3,5,0,right,0.0003879621350651477,0.00024441614509104303,1.8250096009208348,-0.0003841864037408713,1.824625414517094,22,21
sparse,0.9,0.7,replacing,exponential,3,3000,34,12,2,1,right,up,-0.1,11,2,1,up,False,normal_move,0.05,0.1,9.590363371735355,-0.235904963993828,-0.3123144675944452,-9.902677839329801,3,6,0,right,0.001551556847573247,0.0009774808139711457,2.3755005186802,-0.0015364567610923999,2.3739640619191076,22,21
sparse,0.9,0.7,replacing,exponential,3,3000,34,12,2,1,right,up,-0.1,11,2,1,up,False,normal_move,0.05,0.1,9.590363371735355,-0.235904963993828,-0.3123144675944452,-9.902677839329801,3,7,0,right,0.0024627886469416617,0.001551556847573247,2.8971626216504456,-0.002438820255702222,2.8947238013947434,22,21
sparse,0.9,0.7,replacing,exponential,3,3000,34,12,2,1,right,up,-0.1,11,2,1,up,False,normal_move,0.05,0.1,9.590363371735355,-0.235904963993828,-0.3123144675944452,-9.902677839329801,3,8,0,down,0.003909188328478828,0.0024627886469416617,3.5631938124610443,-0.0038711432630194,3.559322669198025,22,21
sparse,0.9,0.7,replacing,exponential,3,3000,34,12,2,1,right,up,-0.1,11,2,1,up,False,normal_move,0.05,0.1,9.590363371735355,-0.235904963993828,-0.3123144675944452,-9.902677839329801,4,8,0,down,0.006205060838855283,0.003909188328478828,4.189856969591058,-0.0061446718460625395,4.183712297744996,22,21
sparse,0.9,0.7,replacing,exponential,3,3000,34,12,2,1,right,up,-0.1,11,2,1,up,False,normal_move,0.05,0.1,9.590363371735355,-0.235904963993828,-0.3123144675944452,-9.902677839329801,10,7,0,down,0.00984930291881791,0.006205060838855283,5.389768249434259,-0.009753447374702445,5.380014802059557,22,21
sparse,0.9,0.7,replacing,exponential,3,3000,34,12,2,1,right,up,-0.1,11,2,1,up,False,normal_move,0.05,0.1,9.590363371735355,-0.235904963993828,-0.3123144675944452,-9.902677839329801,11,7,0,down,0.015633814156853824,0.00984930291881791,7.045124435284171,-0.015481662499527689,7.029642772784643,22,21
sparse,0.9,0.7,replacing,exponential,3,3000,34,12,2,1,right,up,-0.1,11,2,1,up,False,normal_move,0.05,0.1,9.590363371735355,-0.235904963993828,-0.3123144675944452,-9.902677839329801,12,8,0,left,0.03938980639167,0.024815578026752102,7.451385696765282,-0.03900645628502819,7.412379240480254,22,21
sparse,0.9,0.7,replacing,exponential,3,3000,34,12,2,1,right,up,-0.1,11,2,1,up,False,normal_move,0.05,0.1,9.590363371735355,-0.235904963993828,-0.3123144675944452,-9.902677839329801,12,7,0,left,0.062523502209,0.03938980639167,8.669356864995931,-0.061915009976235225,8.607441855019696,22,21
sparse,0.9,0.7,replacing,exponential,3,3000,34,12,2,1,right,up,-0.1,11,2,1,up,False,normal_move,0.05,0.1,9.590363371735355,-0.235904963993828,-0.3123144675944452,-9.902677839329801,12,6,0,left,0.15752961000000001,0.09924365430000001,10.621003053277347,-0.15599649779852665,10.465006555478821,22,21
sparse,0.9,0.7,replacing,exponential,3,3000,34,12,2,1,right,up,-0.1,11,2,1,up,False,normal_move,0.05,0.1,9.590363371735355,-0.235904963993828,-0.3123144675944452,-9.902677839329801,12,5,0,left,0.250047,0.15752961000000001,12.917964698437666,-0.24761348856908988,12.670351209868576,22,21
sparse,0.9,0.7,replacing,exponential,3,3000,34,12,2,1,right,up,-0.1,11,2,1,up,False,normal_move,0.05,0.1,9.590363371735355,-0.235904963993828,-0.3123144675944452,-9.902677839329801,12,4,0,left,0.39690000000000003,0.250047,15.28028039401596,-0.3930372834429998,14.88724311057296,22,21
sparse,0.9,0.7,replacing,exponential,3,3000,34,12,2,1,right,up,-0.1,11,2,1,up,False,normal_move,0.05,0.1,9.590363371735355,-0.235904963993828,-0.3123144675944452,-9.902677839329801,12,3,0,left,0.63,0.39690000000000003,18.351912305705955,-0.6238687038777775,17.728043601828176,22,21
sparse,0.9,0.7,replacing,exponential,3,3000,34,12,2,1,right,up,-0.1,11,2,1,up,False,normal_move,0.05,0.1,9.590363371735355,-0.235904963993828,-0.3123144675944452,-9.902677839329801,12,2,1,right,1.0,0.63,9.590363371735355,-0.9902677839329801,8.600095587802375,22,21
sparse,0.9,0.7,replacing,exponential,3,3000,35,11,2,1,up,up,-0.1,10,2,1,down,False,normal_move,0.05,0.1,-0.235904963993828,0.3074821756285736,0.17673395806571626,0.4126389220595442,3,2,0,up,3.821156589287986e-06,2.4073286512514312e-06,0.5069896468162652,1.5767579360245192e-07,0.5069898044920589,22,22
sparse,0.9,0.7,replacing,exponential,3,3000,35,11,2,1,up,up,-0.1,10,2,1,down,False,normal_move,0.05,0.1,-0.235904963993828,0.3074821756285736,0.17673395806571626,0.4126389220595442,2,2,0,right,2.4073286512514312e-06,1.5166170502884016e-06,0.7291921105654838,9.933574996954471e-08,0.7291922099012338,22,22
sparse,0.9,0.7,replacing,exponential,3,3000,35,11,2,1,up,up,-0.1,10,2,1,down,False,normal_move,0.05,0.1,-0.235904963993828,0.3074821756285736,0.17673395806571626,0.4126389220595442,3,3,0,up,6.06532791950474e-06,3.821156589287986e-06,0.8468841757111617,2.502790374642094e-07,0.8468844259901992,22,22
sparse,0.9,0.7,replacing,exponential,3,3000,35,11,2,1,up,up,-0.1,10,2,1,down,False,normal_move,0.05,0.1,-0.235904963993828,0.3074821756285736,0.17673395806571626,0.4126389220595442,2,3,0,right,9.627504634134507e-06,6.06532791950474e-06,1.0014363453111284,3.97268313435253e-07,1.0014367425794417,22,22
sparse,0.9,0.7,replacing,exponential,3,3000,35,11,2,1,up,up,-0.1,10,2,1,down,False,normal_move,0.05,0.1,-0.235904963993828,0.3074821756285736,0.17673395806571626,0.4126389220595442,2,4,0,right,1.528175338751509e-05,9.627504634134507e-06,1.2236708382464994,6.305846245004016e-07,1.2236714688311239,22,22
sparse,0.9,0.7,replacing,exponential,3,3000,35,11,2,1,up,up,-0.1,10,2,1,down,False,normal_move,0.05,0.1,-0.235904963993828,0.3074821756285736,0.17673395806571626,0.4126389220595442,1,5,0,down,3.850278001389542e-05,2.4256751408754113e-05,1.228809712563336,1.588774564122957e-06,1.2288113013379,22,22
sparse,0.9,0.7,replacing,exponential,3,3000,35,11,2,1,up,up,-0.1,10,2,1,down,False,normal_move,0.05,0.1,-0.235904963993828,0.3074821756285736,0.17673395806571626,0.4126389220595442,2,5,0,down,0.0001539821714073571,9.700876798663497e-05,1.545677928125037,6.353903722591981e-06,1.5456842820287595,22,22
sparse,0.9,0.7,replacing,exponential,3,3000,35,11,2,1,up,up,-0.1,10,2,1,down,False,normal_move,0.05,0.1,-0.235904963993828,0.3074821756285736,0.17673395806571626,0.4126389220595442,3,5,0,right,0.00024441614509104303,0.0001539821714073571,1.824625414517094,1.0085561464431716e-05,1.8246355000785583,22,22
sparse,0.9,0.7,replacing,exponential,3,3000,35,11,2,1,up,up,-0.1,10,2,1,down,False,normal_move,0.05,0.1,-0.235904963993828,0.3074821756285736,0.17673395806571626,0.4126389220595442,3,6,0,right,0.0009774808139711457,0.0006158129128018217,2.3739640619191076,4.0334662941093945e-05,2.3740043965820488,22,22
sparse,0.9,0.7,replacing,exponential,3,3000,35,11,2,1,up,up,-0.1,10,2,1,down,False,normal_move,0.05,0.1,-0.235904963993828,0.3074821756285736,0.17673395806571626,0.4126389220595442,3,7,0,right,0.001551556847573247,0.0009774808139711457,2.8947238013947434,6.402327450967292e-05,2.894787824669253,22,22
sparse,0.9,0.7,replacing,exponential,3,3000,35,11,2,1,up,up,-0.1,10,2,1,down,False,normal_move,0.05,0.1,-0.235904963993828,0.3074821756285736,0.17673395806571626,0.4126389220595442,3,8,0,down,0.0024627886469416617,0.001551556847573247,3.559322669198025,0.00010162424525344907,3.5594242934432785,22,22
sparse,0.9,0.7,replacing,exponential,3,3000,35,11,2,1,up,up,-0.1,10,2,1,down,False,normal_move,0.05,0.1,-0.235904963993828,0.3074821756285736,0.17673395806571626,0.4126389220595442,4,8,0,down,0.003909188328478828,0.0024627886469416617,4.183712297744996,0.00016130832579912553,4.183873606070795,22,22
sparse,0.9,0.7,replacing,exponential,3,3000,35,11,2,1,up,up,-0.1,10,2,1,down,False,normal_move,0.05,0.1,-0.235904963993828,0.3074821756285736,0.17673395806571626,0.4126389220595442,10,7,0,down,0.006205060838855283,0.003909188328478828,5.380014802059557,0.0002560449615859135,5.380270847021142,22,22
sparse,0.9,0.7,replacing,exponential,3,3000,35,11,2,1,up,up,-0.1,10,2,1,down,False,normal_move,0.05,0.1,-0.235904963993828,0.3074821756285736,0.17673395806571626,0.4126389220595442,11,7,0,down,0.00984930291881791,0.006205060838855283,7.029642772784643,0.0004064205739458945,7.03004919335859,22,22
sparse,0.9,0.7,replacing,exponential,3,3000,35,11,2,1,up,up,-0.1,10,2,1,down,False,normal_move,0.05,0.1,-0.235904963993828,0.3074821756285736,0.17673395806571626,0.4126389220595442,12,8,0,left,0.024815578026752102,0.015633814156853824,7.412379240480254,0.0010239873367243499,7.413403227816978,22,22
sparse,0.9,0.7,replacing,exponential,3,3000,35,11,2,1,up,up,-0.1,10,2,1,down,False,normal_move,0.05,0.1,-0.235904963993828,0.3074821756285736,0.17673395806571626,0.4126389220595442,12,7,0,left,0.03938980639167,0.024815578026752102,8.607441855019696,0.0016253767249592855,8.609067231744655,22,22
sparse,0.9,0.7,replacing,exponential,3,3000,35,11,2,1,up,up,-0.1,10,2,1,down,False,normal_move,0.05,0.1,-0.235904963993828,0.3074821756285736,0.17673395806571626,0.4126389220595442,12,6,0,left,0.09924365430000001,0.062523502209,10.465006555478821,0.0040951794531602055,10.46910173493198,22,22
sparse,0.9,0.7,replacing,exponential,3,3000,35,11,2,1,up,up,-0.1,10,2,1,down,False,normal_move,0.05,0.1,-0.235904963993828,0.3074821756285736,0.17673395806571626,0.4126389220595442,12,5,0,left,0.15752961000000001,0.09924365430000001,12.670351209868576,0.006500284846286041,12.676851494714862,22,22
sparse,0.9,0.7,replacing,exponential,3,3000,35,11,2,1,up,up,-0.1,10,2,1,down,False,normal_move,0.05,0.1,-0.235904963993828,0.3074821756285736,0.17673395806571626,0.4126389220595442,12,4,0,left,0.250047,0.15752961000000001,14.88724311057296,0.010317912454422287,14.897561023027382,22,22
sparse,0.9,0.7,replacing,exponential,3,3000,35,11,2,1,up,up,-0.1,10,2,1,down,False,normal_move,0.05,0.1,-0.235904963993828,0.3074821756285736,0.17673395806571626,0.4126389220595442,12,3,0,left,0.39690000000000003,0.250047,17.728043601828176,0.016377638816543312,17.74442124064472,22,22
sparse,0.9,0.7,replacing,exponential,3,3000,35,11,2,1,up,up,-0.1,10,2,1,down,False,normal_move,0.05,0.1,-0.235904963993828,0.3074821756285736,0.17673395806571626,0.4126389220595442,12,2,1,right,0.63,0.39690000000000003,8.600095587802375,0.025996252089751287,8.626091839892126,22,22
sparse,0.9,0.7,replacing,exponential,3,3000,35,11,2,1,up,up,-0.1,10,2,1,down,False,normal_move,0.05,0.1,-0.235904963993828,0.3074821756285736,0.17673395806571626,0.4126389220595442,11,2,1,up,1.0,0.63,-0.235904963993828,0.041263892205954424,-0.19464107178787357,22,22
sparse,0.9,0.7,replacing,exponential,3,3000,36,10,2,1,down,down,-0.1,11,2,1,down,False,normal_move,0.05,0.1,0.3074821756285736,7.407763811051768,6.566987429946591,6.259505254318018,3,2,0,up,2.4073286512514312e-06,1.5166170502884016e-06,0.5069898044920589,1.5068686341378642e-06,0.506991311360693,23,22
sparse,0.9,0.7,replacing,exponential,3,3000,36,10,2,1,down,down,-0.1,11,2,1,down,False,normal_move,0.05,0.1,0.3074821756285736,7.407763811051768,6.566987429946591,6.259505254318018,2,2,0,right,1.5166170502884016e-06,0.0,0.7291922099012338,9.493272395068544e-07,0.7291931592284733,23,22
sparse,0.9,0.7,replacing,exponential,3,3000,36,10,2,1,down,down,-0.1,11,2,1,down,False,normal_move,0.05,0.1,0.3074821756285736,7.407763811051768,6.566987429946591,6.259505254318018,3,3,0,up,3.821156589287986e-06,2.4073286512514312e-06,0.8468844259901992,2.3918549748220068e-06,0.8468868178451741,23,22
sparse,0.9,0.7,replacing,exponential,3,3000,36,10,2,1,down,down,-0.1,11,2,1,down,False,normal_move,0.05,0.1,0.3074821756285736,7.407763811051768,6.566987429946591,6.259505254318018,2,3,0,right,6.06532791950474e-06,3.821156589287986e-06,1.0014367425794417,3.7965951981301694e-06,1.00144053917464,23,22
sparse,0.9,0.7,replacing,exponential,3,3000,36,10,2,1,down,down,-0.1,11,2,1,down,False,normal_move,0.05,0.1,0.3074821756285736,7.407763811051768,6.566987429946591,6.259505254318018,2,4,0,right,9.627504634134507e-06,6.06532791950474e-06,1.2236714688311239,6.0263415843336025e-06,1.2236774951727083,23,22
sparse,0.9,0.7,replacing,exponential,3,3000,36,10,2,1,down,down,-0.1,11,2,1,down,False,normal_move,0.05,0.1,0.3074821756285736,7.407763811051768,6.566987429946591,6.259505254318018,1,5,0,down,2.4256751408754113e-05,1.528175338751509e-05,1.2288113013379,1.5183526289578238e-05,1.2288264848641897,23,22
sparse,0.9,0.7,replacing,exponential,3,3000,36,10,2,1,down,down,-0.1,11,2,1,down,False,normal_move,0.05,0.1,0.3074821756285736,7.407763811051768,6.566987429946591,6.259505254318018,2,5,0,down,9.700876798663497e-05,6.111552383158003e-05,1.5456842820287595,6.072268929272592e-05,1.5457450047180523,23,22
sparse,0.9,0.7,replacing,exponential,3,3000,36,10,2,1,down,down,-0.1,11,2,1,down,False,normal_move,0.05,0.1,0.3074821756285736,7.407763811051768,6.566987429946591,6.259505254318018,3,5,0,right,0.0001539821714073571,9.700876798663497e-05,1.8246355000785583,9.638522109956496e-05,1.824731885299658,23,22
sparse,0.9,0.7,replacing,exponential,3,3000,36,10,2,1,down,down,-0.1,11,2,1,down,False,normal_move,0.05,0.1,0.3074821756285736,7.407763811051768,6.566987429946591,6.259505254318018,3,6,0,right,0.0006158129128018217,0.0003879621350651477,2.3740043965820488,0.0003854684163359887,2.374389864998385,23,22
sparse,0.9,0.7,replacing,exponential,3,3000,36,10,2,1,down,down,-0.1,11,2,1,down,False,normal_move,0.05,0.1,0.3074821756285736,7.407763811051768,6.566987429946591,6.259505254318018,3,7,0,right,0.0009774808139711457,0.0006158129128018217,2.894787824669253,0.000611854629104744,2.895399679298358,23,22
sparse,0.9,0.7,replacing,exponential,3,3000,36,10,2,1,down,down,-0.1,11,2,1,down,False,normal_move,0.05,0.1,0.3074821756285736,7.407763811051768,6.566987429946591,6.259505254318018,3,8,0,down,0.001551556847573247,0.0009774808139711457,3.5594242934432785,0.000971197823975784,3.560395491267254,23,22
sparse,0.9,0.7,replacing,exponential,3,3000,36,10,2,1,down,down,-0.1,11,2,1,down,False,normal_move,0.05,0.1,0.3074821756285736,7.407763811051768,6.566987429946591,6.259505254318018,4,8,0,down,0.0024627886469416617,0.001551556847573247,4.183873606070795,0.0015415838475806094,4.185415189918375,23,22
sparse,0.9,0.7,replacing,exponential,3,3000,36,10,2,1,down,down,-0.1,11,2,1,down,False,normal_move,0.05,0.1,0.3074821756285736,7.407763811051768,6.566987429946591,6.259505254318018,10,7,0,down,0.003909188328478828,0.0024627886469416617,5.380270847021142,0.0024469584882231897,5.382717805509365,23,22
sparse,0.9,0.7,replacing,exponential,3,3000,36,10,2,1,down,down,-0.1,11,2,1,down,False,normal_move,0.05,0.1,0.3074821756285736,7.407763811051768,6.566987429946591,6.259505254318018,11,7,0,down,0.006205060838855283,0.003909188328478828,7.03004919335859,0.0038840610924177617,7.033933254451007,23,22
sparse,0.9,0.7,replacing,exponential,3,3000,36,10,2,1,down,down,-0.1,11,2,1,down,False,normal_move,0.05,0.1,0.3074821756285736,7.407763811051768,6.566987429946591,6.259505254318018,12,8,0,left,0.015633814156853824,0.00984930291881791,7.413403227816978,0.009785994185985794,7.423189222002964,23,22
sparse,0.9,0.7,replacing,exponential,3,3000,36,10,2,1,down,down,-0.1,11,2,1,down,False,normal_move,0.05,0.1,0.3074821756285736,7.407763811051768,6.566987429946591,6.259505254318018,12,7,0,left,0.024815578026752102,0.015633814156853824,8.609067231744655,0.015533324104739355,8.624600555849394,23,22
sparse,0.9,0.7,replacing,exponential,3,3000,36,10,2,1,down,down,-0.1,11,2,1,down,False,normal_move,0.05,0.1,0.3074821756285736,7.407763811051768,6.566987429946591,6.259505254318018,12,6,0,left,0.062523502209,0.03938980639167,10.46910173493198,0.03913661905955998,10.50823835399154,23,22
sparse,0.9,0.7,replacing,exponential,3,3000,36,10,2,1,down,down,-0.1,11,2,1,down,False,normal_move,0.05,0.1,0.3074821756285736,7.407763811051768,6.566987429946591,6.259505254318018,12,5,0,left,0.09924365430000001,0.062523502209,12.676851494714862,0.06212161755485711,12.738973112269719,23,22
sparse,0.9,0.7,replacing,exponential,3,3000,36,10,2,1,down,down,-0.1,11,2,1,down,False,normal_move,0.05,0.1,0.3074821756285736,7.407763811051768,6.566987429946591,6.259505254318018,12,4,0,left,0.15752961000000001,0.09924365430000001,14.897561023027382,0.09860574215056683,14.99616676517795,23,22
sparse,0.9,0.7,replacing,exponential,3,3000,36,10,2,1,down,down,-0.1,11,2,1,down,False,normal_move,0.05,0.1,0.3074821756285736,7.407763811051768,6.566987429946591,6.259505254318018,12,3,0,left,0.250047,0.15752961000000001,17.74442124064472,0.15651705103264577,17.900938291677367,23,22
sparse,0.9,0.7,replacing,exponential,3,3000,36,10,2,1,down,down,-0.1,11,2,1,down,False,normal_move,0.05,0.1,0.3074821756285736,7.407763811051768,6.566987429946591,6.259505254318018,12,2,1,right,0.39690000000000003,0.250047,8.626091839892126,0.24843976354388217,8.874531603436008,23,22
sparse,0.9,0.7,replacing,exponential,3,3000,36,10,2,1,down,down,-0.1,11,2,1,down,False,normal_move,0.05,0.1,0.3074821756285736,7.407763811051768,6.566987429946591,6.259505254318018,11,2,1,up,0.63,0.39690000000000003,-0.19464107178787357,0.39434883102203516,0.1997077592341616,23,22
sparse,0.9,0.7,replacing,exponential,3,3000,36,10,2,1,down,down,-0.1,11,2,1,down,False,normal_move,0.05,0.1,0.3074821756285736,7.407763811051768,6.566987429946591,6.259505254318018,10,2,1,down,1.0,0.63,0.3074821756285736,0.6259505254318019,0.9334327010603755,23,22
sparse,0.9,0.7,replacing,exponential,3,3000,37,11,2,1,down,down,-0.1,12,2,1,right,False,normal_move,0.05,0.1,7.407763811051768,8.874531603436008,7.887078443092408,0.47931463204063984,3,2,0,up,1.5166170502884016e-06,0.0,0.506991311360693,7.269367434055458e-08,0.5069913840543673,22,21
sparse,0.9,0.7,replacing,exponential,3,3000,37,11,2,1,down,down,-0.1,12,2,1,right,False,normal_move,0.05,0.1,7.407763811051768,8.874531603436008,7.887078443092408,0.47931463204063984,3,3,0,up,2.4073286512514312e-06,1.5166170502884016e-06,0.8468868178451741,1.1538678466754697e-07,0.8468869332319587,22,21
sparse,0.9,0.7,replacing,exponential,3,3000,37,11,2,1,down,down,-0.1,12,2,1,right,False,normal_move,0.05,0.1,7.407763811051768,8.874531603436008,7.887078443092408,0.47931463204063984,2,3,0,right,3.821156589287986e-06,2.4073286512514312e-06,1.00144053917464,1.8315362645642375e-07,1.0014407223282664,22,21
sparse,0.9,0.7,replacing,exponential,3,3000,37,11,2,1,down,down,-0.1,12,2,1,right,False,normal_move,0.05,0.1,7.407763811051768,8.874531603436008,7.887078443092408,0.47931463204063984,2,4,0,right,6.06532791950474e-06,3.821156589287986e-06,1.2236774951727083,2.907200419943234e-07,1.2236777858927503,22,21
sparse,0.9,0.7,replacing,exponential,3,3000,37,11,2,1,down,down,-0.1,12,2,1,right,False,normal_move,0.05,0.1,7.407763811051768,8.874531603436008,7.887078443092408,0.47931463204063984,1,5,0,down,1.528175338751509e-05,9.627504634134507e-06,1.2288264848641897,7.324768001872598e-07,1.2288272173409898,22,21
sparse,0.9,0.7,replacing,exponential,3,3000,37,11,2,1,down,down,-0.1,12,2,1,right,False,normal_move,0.05,0.1,7.407763811051768,8.874531603436008,7.887078443092408,0.47931463204063984,2,5,0,down,6.111552383158003e-05,3.850278001389542e-05,1.5457450047180523,2.929356481730474e-06,1.5457479340745341,22,21
sparse,0.9,0.7,replacing,exponential,3,3000,37,11,2,1,down,down,-0.1,12,2,1,right,False,normal_move,0.05,0.1,7.407763811051768,8.874531603436008,7.887078443092408,0.47931463204063984,3,5,0,right,9.700876798663497e-05,6.111552383158003e-05,1.824731885299658,4.649772193222975e-06,1.8247365350718512,22,21
sparse,0.9,0.7,replacing,exponential,3,3000,37,11,2,1,down,down,-0.1,12,2,1,right,False,normal_move,0.05,0.1,7.407763811051768,8.874531603436008,7.887078443092408,0.47931463204063984,3,6,0,right,0.0003879621350651477,0.00024441614509104303,2.374389864998385,1.859559280144523e-05,2.3744084605911864,22,21
sparse,0.9,0.7,replacing,exponential,3,3000,37,11,2,1,down,down,-0.1,12,2,1,right,False,normal_move,0.05,0.1,7.407763811051768,8.874531603436008,7.887078443092408,0.47931463204063984,3,7,0,right,0.0006158129128018217,0.0003879621350651477,2.895399679298358,2.9516813970547983e-05,2.895429196112328,22,21
sparse,0.9,0.7,replacing,exponential,3,3000,37,11,2,1,down,down,-0.1,12,2,1,right,False,normal_move,0.05,0.1,7.407763811051768,8.874531603436008,7.887078443092408,0.47931463204063984,3,8,0,down,0.0009774808139711457,0.0006158129128018217,3.560395491267254,4.6852085667536485e-05,3.5604423433529218,22,21
sparse,0.9,0.7,replacing,exponential,3,3000,37,11,2,1,down,down,-0.1,12,2,1,right,False,normal_move,0.05,0.1,7.407763811051768,8.874531603436008,7.887078443092408,0.47931463204063984,4,8,0,down,0.001551556847573247,0.0009774808139711457,4.185415189918375,7.436838994847061e-05,4.185489558308324,22,21
sparse,0.9,0.7,replacing,exponential,3,3000,37,11,2,1,down,down,-0.1,12,2,1,right,False,normal_move,0.05,0.1,7.407763811051768,8.874531603436008,7.887078443092408,0.47931463204063984,10,7,0,down,0.0024627886469416617,0.001551556847573247,5.382717805509365,0.0001180450634102708,5.382835850572776,22,21
sparse,0.9,0.7,replacing,exponential,3,3000,37,11,2,1,down,down,-0.1,12,2,1,right,False,normal_move,0.05,0.1,7.407763811051768,8.874531603436008,7.887078443092408,0.47931463204063984,11,7,0,down,0.003909188328478828,0.0024627886469416617,7.033933254451007,0.00018737311652423938,7.034120627567531,22,21
sparse,0.9,0.7,replacing,exponential,3,3000,37,11,2,1,down,down,-0.1,12,2,1,right,False,normal_move,0.05,0.1,7.407763811051768,8.874531603436008,7.887078443092408,0.47931463204063984,12,8,0,left,0.00984930291881791,0.006205060838855283,7.423189222002964,0.0004720915004390007,7.423661313503403,22,21
sparse,0.9,0.7,replacing,exponential,3,3000,37,11,2,1,down,down,-0.1,12,2,1,right,False,normal_move,0.05,0.1,7.407763811051768,8.874531603436008,7.887078443092408,0.47931463204063984,12,7,0,left,0.015633814156853824,0.00984930291881791,8.624600555849394,0.0007493515879984137,8.625349907437393,22,21
sparse,0.9,0.7,replacing,exponential,3,3000,37,11,2,1,down,down,-0.1,12,2,1,right,False,normal_move,0.05,0.1,7.407763811051768,8.874531603436008,7.887078443092408,0.47931463204063984,12,6,0,left,0.03938980639167,0.024815578026752102,10.50823835399154,0.0018880110556775353,10.510126365047219,22,21
sparse,0.9,0.7,replacing,exponential,3,3000,37,11,2,1,down,down,-0.1,12,2,1,right,False,normal_move,0.05,0.1,7.407763811051768,8.874531603436008,7.887078443092408,0.47931463204063984,12,5,0,left,0.062523502209,0.03938980639167,12.738973112269719,0.002996842945519897,12.741969955215238,22,21
sparse,0.9,0.7,replacing,exponential,3,3000,37,11,2,1,down,down,-0.1,12,2,1,right,False,normal_move,0.05,0.1,7.407763811051768,8.874531603436008,7.887078443092408,0.47931463204063984,12,4,0,left,0.09924365430000001,0.062523502209,14.99616676517795,0.004756893564317298,15.000923658742268,22,21
sparse,0.9,0.7,replacing,exponential,3,3000,37,11,2,1,down,down,-0.1,12,2,1,right,False,normal_move,0.05,0.1,7.407763811051768,8.874531603436008,7.887078443092408,0.47931463204063984,12,3,0,left,0.15752961000000001,0.09924365430000001,17.900938291677367,0.007550624705265551,17.908488916382634,22,21
sparse,0.9,0.7,replacing,exponential,3,3000,37,11,2,1,down,down,-0.1,12,2,1,right,False,normal_move,0.05,0.1,7.407763811051768,8.874531603436008,7.887078443092408,0.47931463204063984,12,2,1,right,0.250047,0.15752961000000001,8.874531603436008,0.01198511857978659,8.886516722015795,22,21
sparse,0.9,0.7,replacing,exponential,3,3000,37,11,2,1,down,down,-0.1,12,2,1,right,False,normal_move,0.05,0.1,7.407763811051768,8.874531603436008,7.887078443092408,0.47931463204063984,10,2,1,down,0.63,0.39690000000000003,0.9334327010603755,0.030196821818560312,0.9636295228789358,22,21
sparse,0.9,0.7,replacing,exponential,3,3000,37,11,2,1,down,down,-0.1,12,2,1,right,False,normal_move,0.05,0.1,7.407763811051768,8.874531603436008,7.887078443092408,0.47931463204063984,11,2,1,down,1.0,0.63,7.407763811051768,0.04793146320406399,7.455695274255832,22,21
sparse,0.9,0.7,replacing,exponential,3,3000,38,12,2,1,right,right,-0.1,12,3,1,down,False,normal_move,0.05,0.1,8.886516722015795,11.59403421546017,10.334630793914153,1.4481140718983578,3,3,0,up,1.5166170502884016e-06,0.0,0.8468869332319587,2.1962344922036139e-07,0.8468871528554079,21,20
sparse,0.9,0.7,replacing,exponential,3,3000,38,12,2,1,right,right,-0.1,12,3,1,down,False,normal_move,0.05,0.1,8.886516722015795,11.59403421546017,10.334630793914153,1.4481140718983578,2,3,0,right,2.4073286512514312e-06,1.5166170502884016e-06,1.0014407223282664,3.486086495561292e-07,1.001441070936916,21,20
sparse,0.9,0.7,replacing,exponential,3,3000,38,12,2,1,right,right,-0.1,12,3,1,down,False,normal_move,0.05,0.1,8.886516722015795,11.59403421546017,10.334630793914153,1.4481140718983578,2,4,0,right,3.821156589287986e-06,2.4073286512514312e-06,1.2236777858927503,5.533470627875066e-07,1.2236783392398132,21,20
sparse,0.9,0.7,replacing,exponential,3,3000,38,12,2,1,right,right,-0.1,12,3,1,down,False,normal_move,0.05,0.1,8.886516722015795,11.59403421546017,10.334630793914153,1.4481140718983578,1,5,0,down,9.627504634134507e-06,6.06532791950474e-06,1.2288272173409898,1.3941724937956833e-06,1.2288286115134837,21,20
sparse,0.9,0.7,replacing,exponential,3,3000,38,12,2,1,right,right,-0.1,12,3,1,down,False,normal_move,0.05,0.1,8.886516722015795,11.59403421546017,10.334630793914153,1.4481140718983578,2,5,0,down,3.850278001389542e-05,2.4256751408754113e-05,1.5457479340745341,5.57564175453288e-06,1.5457535097162887,21,20
sparse,0.9,0.7,replacing,exponential,3,3000,38,12,2,1,right,right,-0.1,12,3,1,down,False,normal_move,0.05,0.1,8.886516722015795,11.59403421546017,10.334630793914153,1.4481140718983578,3,5,0,right,6.111552383158003e-05,3.850278001389542e-05,1.8247365350718512,8.850225007195049e-06,1.8247453852968585,21,20
sparse,0.9,0.7,replacing,exponential,3,3000,38,12,2,1,right,right,-0.1,12,3,1,down,False,normal_move,0.05,0.1,8.886516722015795,11.59403421546017,10.334630793914153,1.4481140718983578,3,6,0,right,0.00024441614509104303,0.0001539821714073571,2.3744084605911864,3.539424591054902e-05,2.374443854837097,21,20
sparse,0.9,0.7,replacing,exponential,3,3000,38,12,2,1,right,right,-0.1,12,3,1,down,False,normal_move,0.05,0.1,8.886516722015795,11.59403421546017,10.334630793914153,1.4481140718983578,3,7,0,right,0.0003879621350651477,0.00024441614509104303,2.895429196112328,5.618134271515717e-05,2.8954853774550435,21,20
sparse,0.9,0.7,replacing,exponential,3,3000,38,12,2,1,right,right,-0.1,12,3,1,down,False,normal_move,0.05,0.1,8.886516722015795,11.59403421546017,10.334630793914153,1.4481140718983578,3,8,0,down,0.0006158129128018217,0.0003879621350651477,3.5604423433529218,8.917673446850345e-05,3.56053152008739,21,20
sparse,0.9,0.7,replacing,exponential,3,3000,38,12,2,1,right,right,-0.1,12,3,1,down,False,normal_move,0.05,0.1,8.886516722015795,11.59403421546017,10.334630793914153,1.4481140718983578,4,8,0,down,0.0009774808139711457,0.0006158129128018217,4.185489558308324,0.0001415503721722277,4.185631108680496,21,20
sparse,0.9,0.7,replacing,exponential,3,3000,38,12,2,1,right,right,-0.1,12,3,1,down,False,normal_move,0.05,0.1,8.886516722015795,11.59403421546017,10.334630793914153,1.4481140718983578,10,7,0,down,0.001551556847573247,0.0009774808139711457,5.382835850572776,0.00022468313043210746,5.383060533703208,21,20
sparse,0.9,0.7,replacing,exponential,3,3000,38,12,2,1,right,right,-0.1,12,3,1,down,False,normal_move,0.05,0.1,8.886516722015795,11.59403421546017,10.334630793914153,1.4481140718983578,11,7,0,down,0.0024627886469416617,0.001551556847573247,7.034120627567531,0.0003566398895747737,7.034477267457106,21,20
sparse,0.9,0.7,replacing,exponential,3,3000,38,12,2,1,right,right,-0.1,12,3,1,down,False,normal_move,0.05,0.1,8.886516722015795,11.59403421546017,10.334630793914153,1.4481140718983578,12,8,0,left,0.006205060838855283,0.003909188328478828,7.423661313503403,0.0008985635917731765,7.424559877095176,21,20
sparse,0.9,0.7,replacing,exponential,3,3000,38,12,2,1,right,right,-0.1,12,3,1,down,False,normal_move,0.05,0.1,8.886516722015795,11.59403421546017,10.334630793914153,1.4481140718983578,12,7,0,left,0.00984930291881791,0.006205060838855283,8.625349907437393,0.0014262914155129785,8.626776198852905,21,20
sparse,0.9,0.7,replacing,exponential,3,3000,38,12,2,1,right,right,-0.1,12,3,1,down,False,normal_move,0.05,0.1,8.886516722015795,11.59403421546017,10.334630793914153,1.4481140718983578,12,6,0,left,0.024815578026752102,0.015633814156853824,10.510126365047219,0.0035935787742831403,10.513719943821503,21,20
sparse,0.9,0.7,replacing,exponential,3,3000,38,12,2,1,right,right,-0.1,12,3,1,down,False,normal_move,0.05,0.1,8.886516722015795,11.59403421546017,10.334630793914153,1.4481140718983578,12,5,0,left,0.03938980639167,0.024815578026752102,12.741969955215238,0.005704093292512921,12.74767404850775,21,20
sparse,0.9,0.7,replacing,exponential,3,3000,38,12,2,1,right,right,-0.1,12,3,1,down,False,normal_move,0.05,0.1,8.886516722015795,11.59403421546017,10.334630793914153,1.4481140718983578,12,4,0,left,0.062523502209,0.03938980639167,15.000923658742268,0.009054116337322097,15.00997777507959,21,20
sparse,0.9,0.7,replacing,exponential,3,3000,38,12,2,1,right,right,-0.1,12,3,1,down,False,normal_move,0.05,0.1,8.886516722015795,11.59403421546017,10.334630793914153,1.4481140718983578,12,3,0,left,0.09924365430000001,0.062523502209,17.908488916382634,0.0143716132338446,17.92286052961648,21,20
sparse,0.9,0.7,replacing,exponential,3,3000,38,12,2,1,right,right,-0.1,12,3,1,down,False,normal_move,0.05,0.1,8.886516722015795,11.59403421546017,10.334630793914153,1.4481140718983578,12,2,1,right,1.0,0.63,8.886516722015795,0.1448114071898358,9.031328129205631,21,20
sparse,0.9,0.7,replacing,exponential,3,3000,38,12,2,1,right,right,-0.1,12,3,1,down,False,normal_move,0.05,0.1,8.886516722015795,11.59403421546017,10.334630793914153,1.4481140718983578,10,2,1,down,0.39690000000000003,0.250047,0.9636295228789358,0.05747564751364583,1.0211051703925815,21,20
sparse,0.9,0.7,replacing,exponential,3,3000,38,12,2,1,right,right,-0.1,12,3,1,down,False,normal_move,0.05,0.1,8.886516722015795,11.59403421546017,10.334630793914153,1.4481140718983578,11,2,1,down,0.63,0.39690000000000003,7.455695274255832,0.09123118652959655,7.5469264607854285,21,20
sparse,0.9,0.7,replacing,exponential,3,3000,39,12,3,1,down,down,-0.1,13,3,1,right,False,normal_move,0.05,0.1,11.59403421546017,13.280224515657562,11.852202064091806,0.25816784863163633,2,3,0,right,1.5166170502884016e-06,0.0,1.001441070936916,3.9154176107101484e-08,1.001441110091092,21,20
sparse,0.9,0.7,replacing,exponential,3,3000,39,12,3,1,down,down,-0.1,13,3,1,right,False,normal_move,0.05,0.1,11.59403421546017,13.280224515657562,11.852202064091806,0.25816784863163633,2,4,0,right,2.4073286512514312e-06,1.5166170502884016e-06,1.2236783392398132,6.214948588428807e-08,1.223678401389299,21,20
sparse,0.9,0.7,replacing,exponential,3,3000,39,12,3,1,down,down,-0.1,13,3,1,right,False,normal_move,0.05,0.1,11.59403421546017,13.280224515657562,11.852202064091806,0.25816784863163633,1,5,0,down,6.06532791950474e-06,3.821156589287986e-06,1.2288286115134837,1.5658726602239373e-07,1.2288287681007497,21,20
sparse,0.9,0.7,replacing,exponential,3,3000,39,12,3,1,down,down,-0.1,13,3,1,right,False,normal_move,0.05,0.1,11.59403421546017,13.280224515657562,11.852202064091806,0.25816784863163633,2,5,0,down,2.4256751408754113e-05,1.528175338751509e-05,1.5457535097162887,6.262313325990463e-07,1.5457541359476212,21,20
sparse,0.9,0.7,replacing,exponential,3,3000,39,12,3,1,down,down,-0.1,13,3,1,right,False,normal_move,0.05,0.1,11.59403421546017,13.280224515657562,11.852202064091806,0.25816784863163633,3,5,0,right,3.850278001389542e-05,2.4256751408754113e-05,1.8247453852968585,9.940179882524545e-07,1.8247463793148466,21,20
sparse,0.9,0.7,replacing,exponential,3,3000,39,12,3,1,down,down,-0.1,13,3,1,right,False,normal_move,0.05,0.1,11.59403421546017,13.280224515657562,11.852202064091806,0.25816784863163633,3,6,0,right,0.0001539821714073571,9.700876798663497e-05,2.374443854837097,3.975324591986525e-06,2.374447830161689,21,20
sparse,0.9,0.7,replacing,exponential,3,3000,39,12,3,1,down,down,-0.1,13,3,1,right,False,normal_move,0.05,0.1,11.59403421546017,13.280224515657562,11.852202064091806,0.25816784863163633,3,7,0,right,0.00024441614509104303,0.0001539821714073571,2.8954853774550435,6.310039034899246e-06,2.8954916874940784,21,20
sparse,0.9,0.7,replacing,exponential,3,3000,39,12,3,1,down,down,-0.1,13,3,1,right,False,normal_move,0.05,0.1,11.59403421546017,13.280224515657562,11.852202064091806,0.25816784863163633,3,8,0,down,0.0003879621350651477,0.00024441614509104303,3.56053152008739,1.001593497603055e-05,3.5605415360223662,21,20
sparse,0.9,0.7,replacing,exponential,3,3000,39,12,3,1,down,down,-0.1,13,3,1,right,False,normal_move,0.05,0.1,11.59403421546017,13.280224515657562,11.852202064091806,0.25816784863163633,4,8,0,down,0.0006158129128018217,0.0003879621350651477,4.185631108680496,1.5898309485762778e-05,4.185647006989981,21,20
sparse,0.9,0.7,replacing,exponential,3,3000,39,12,3,1,down,down,-0.1,13,3,1,right,False,normal_move,0.05,0.1,11.59403421546017,13.280224515657562,11.852202064091806,0.25816784863163633,10,7,0,down,0.0009774808139711457,0.0006158129128018217,5.383060533703208,2.523541188216314e-05,5.38308576911509,21,20
sparse,0.9,0.7,replacing,exponential,3,3000,39,12,3,1,down,down,-0.1,13,3,1,right,False,normal_move,0.05,0.1,11.59403421546017,13.280224515657562,11.852202064091806,0.25816784863163633,11,7,0,down,0.001551556847573247,0.0009774808139711457,7.034477267457106,4.0056209336766885e-05,7.034517323666443,21,20
sparse,0.9,0.7,replacing,exponential,3,3000,39,12,3,1,down,down,-0.1,13,3,1,right,False,normal_move,0.05,0.1,11.59403421546017,13.280224515657562,11.852202064091806,0.25816784863163633,12,8,0,left,0.003909188328478828,0.0024627886469416617,7.424559877095176,0.00010092267406592816,7.424660799769242,21,20
sparse,0.9,0.7,replacing,exponential,3,3000,39,12,3,1,down,down,-0.1,13,3,1,right,False,normal_move,0.05,0.1,11.59403421546017,13.280224515657562,11.852202064091806,0.25816784863163633,12,7,0,left,0.006205060838855283,0.003909188328478828,8.626776198852905,0.0001601947207395685,8.626936393573645,21,20
sparse,0.9,0.7,replacing,exponential,3,3000,39,12,3,1,down,down,-0.1,13,3,1,right,False,normal_move,0.05,0.1,11.59403421546017,13.280224515657562,11.852202064091806,0.25816784863163633,12,6,0,left,0.015633814156853824,0.00984930291881791,10.513719943821503,0.0004036148166781771,10.51412355863818,21,20
sparse,0.9,0.7,replacing,exponential,3,3000,39,12,3,1,down,down,-0.1,13,3,1,right,False,normal_move,0.05,0.1,11.59403421546017,13.280224515657562,11.852202064091806,0.25816784863163633,12,5,0,left,0.024815578026752102,0.015633814156853824,12.74767404850775,0.0006406584391717097,12.748314706946923,21,20
sparse,0.9,0.7,replacing,exponential,3,3000,39,12,3,1,down,down,-0.1,13,3,1,right,False,normal_move,0.05,0.1,11.59403421546017,13.280224515657562,11.852202064091806,0.25816784863163633,12,4,0,left,0.03938980639167,0.024815578026752102,15.00997777507959,0.0010169181574154122,15.010994693237006,21,20
sparse,0.9,0.7,replacing,exponential,3,3000,39,12,3,1,down,down,-0.1,13,3,1,right,False,normal_move,0.05,0.1,11.59403421546017,13.280224515657562,11.852202064091806,0.25816784863163633,12,3,0,left,0.062523502209,0.03938980639167,17.92286052961648,0.0016141558054212893,17.9244746854219,21,20
sparse,0.9,0.7,replacing,exponential,3,3000,39,12,3,1,down,down,-0.1,13,3,1,right,False,normal_move,0.05,0.1,11.59403421546017,13.280224515657562,11.852202064091806,0.25816784863163633,12,2,1,right,0.63,0.39690000000000003,9.031328129205631,0.016264574463793088,9.047592703669425,21,20
sparse,0.9,0.7,replacing,exponential,3,3000,39,12,3,1,down,down,-0.1,13,3,1,right,False,normal_move,0.05,0.1,11.59403421546017,13.280224515657562,11.852202064091806,0.25816784863163633,10,2,1,down,0.250047,0.15752961000000001,1.0211051703925815,0.006455409604679477,1.027560579997261,21,20
sparse,0.9,0.7,replacing,exponential,3,3000,39,12,3,1,down,down,-0.1,13,3,1,right,False,normal_move,0.05,0.1,11.59403421546017,13.280224515657562,11.852202064091806,0.25816784863163633,11,2,1,down,0.39690000000000003,0.250047,7.5469264607854285,0.010246681912189647,7.557173142697618,21,20
sparse,0.9,0.7,replacing,exponential,3,3000,39,12,3,1,down,down,-0.1,13,3,1,right,False,normal_move,0.05,0.1,11.59403421546017,13.280224515657562,11.852202064091806,0.25816784863163633,12,3,1,down,1.0,0.63,11.59403421546017,0.025816784863163633,11.619851000323333,21,20
sparse,0.9,0.7,replacing,exponential,3,3000,40,13,3,1,right,right,-0.1,13,4,1,down,False,normal_move,0.05,0.1,13.280224515657562,15.806253471491308,14.125628124342178,0.8454036086846166,2,4,0,right,1.5166170502884016e-06,0.0,1.223678401389299,1.2821535273064336e-07,1.2236785296046517,21,20
sparse,0.9,0.7,replacing,exponential,3,3000,40,13,3,1,right,right,-0.1,13,4,1,down,False,normal_move,0.05,0.1,13.280224515657562,15.806253471491308,14.125628124342178,0.8454036086846166,1,5,0,down,3.821156589287986e-06,2.4073286512514312e-06,1.2288287681007497,3.230419569933065e-07,1.2288290911427067,21,20
sparse,0.9,0.7,replacing,exponential,3,3000,40,13,3,1,right,right,-0.1,13,4,1,down,False,normal_move,0.05,0.1,13.280224515657562,15.806253471491308,14.125628124342178,0.8454036086846166,2,5,0,down,1.528175338751509e-05,9.627504634134507e-06,1.5457541359476212,1.2919249460833624e-06,1.5457554278725674,21,20
sparse,0.9,0.7,replacing,exponential,3,3000,40,13,3,1,right,right,-0.1,13,4,1,down,False,normal_move,0.05,0.1,13.280224515657562,15.806253471491308,14.125628124342178,0.8454036086846166,3,5,0,right,2.4256751408754113e-05,1.528175338751509e-05,1.8247463793148466,2.0506745175926388e-06,1.8247484299893642,21,20
sparse,0.9,0.7,replacing,exponential,3,3000,40,13,3,1,right,right,-0.1,13,4,1,down,False,normal_move,0.05,0.1,13.280224515657562,15.806253471491308,14.125628124342178,0.8454036086846166,3,6,0,right,9.700876798663497e-05,6.111552383158003e-05,2.374447830161689,8.201156252994992e-06,2.374456031317942,21,20
sparse,0.9,0.7,replacing,exponential,3,3000,40,13,3,1,right,right,-0.1,13,4,1,down,False,normal_move,0.05,0.1,13.280224515657562,15.806253471491308,14.125628124342178,0.8454036086846166,3,7,0,right,0.0001539821714073571,9.700876798663497e-05,2.8954916874940784,1.301770833808729e-05,2.8955047052024163,21,20
sparse,0.9,0.7,replacing,exponential,3,3000,40,13,3,1,right,right,-0.1,13,4,1,down,False,normal_move,0.05,0.1,13.280224515657562,15.806253471491308,14.125628124342178,0.8454036086846166,3,8,0,down,0.00024441614509104303,0.0001539821714073571,3.5605415360223662,2.0663029108075066e-05,3.5605621990514744,21,20
sparse,0.9,0.7,replacing,exponential,3,3000,40,13,3,1,right,right,-0.1,13,4,1,down,False,normal_move,0.05,0.1,13.280224515657562,15.806253471491308,14.125628124342178,0.8454036086846166,4,8,0,down,0.0003879621350651477,0.00024441614509104303,4.185647006989981,3.279845890170646e-05,4.185679805448883,21,20
sparse,0.9,0.7,replacing,exponential,3,3000,40,13,3,1,right,right,-0.1,13,4,1,down,False,normal_move,0.05,0.1,13.280224515657562,15.806253471491308,14.125628124342178,0.8454036086846166,10,7,0,down,0.0006158129128018217,0.0003879621350651477,5.38308576911509,5.206104587572453e-05,5.383137830160966,21,20
sparse,0.9,0.7,replacing,exponential,3,3000,40,13,3,1,right,right,-0.1,13,4,1,down,False,normal_move,0.05,0.1,13.280224515657562,15.806253471491308,14.125628124342178,0.8454036086846166,11,7,0,down,0.0009774808139711457,0.0006158129128018217,7.034517323666443,8.263658075511831e-05,7.034599960247198,21,20
sparse,0.9,0.7,replacing,exponential,3,3000,40,13,3,1,right,right,-0.1,13,4,1,down,False,normal_move,0.05,0.1,13.280224515657562,15.806253471491308,14.125628124342178,0.8454036086846166,12,8,0,left,0.0024627886469416617,0.001551556847573247,7.424660799769242,0.00020820504095519853,7.424869004810198,21,20
sparse,0.9,0.7,replacing,exponential,3,3000,40,13,3,1,right,right,-0.1,13,4,1,down,False,normal_move,0.05,0.1,13.280224515657562,15.806253471491308,14.125628124342178,0.8454036086846166,12,7,0,left,0.003909188328478828,0.0024627886469416617,8.626936393573645,0.0003304841919923786,8.627266877765638,21,20
sparse,0.9,0.7,replacing,exponential,3,3000,40,13,3,1,right,right,-0.1,13,4,1,down,False,normal_move,0.05,0.1,13.280224515657562,15.806253471491308,14.125628124342178,0.8454036086846166,12,6,0,left,0.00984930291881791,0.006205060838855283,10.51412355863818,0.000832663623059659,10.51495622226124,21,20
sparse,0.9,0.7,replacing,exponential,3,3000,40,13,3,1,right,right,-0.1,13,4,1,down,False,normal_move,0.05,0.1,13.280224515657562,15.806253471491308,14.125628124342178,0.8454036086846166,12,5,0,left,0.015633814156853824,0.00984930291881791,12.748314706946923,0.0013216882905708871,12.749636395237493,21,20
sparse,0.9,0.7,replacing,exponential,3,3000,40,13,3,1,right,right,-0.1,13,4,1,down,False,normal_move,0.05,0.1,13.280224515657562,15.806253471491308,14.125628124342178,0.8454036086846166,12,4,0,left,0.024815578026752102,0.015633814156853824,15.010994693237006,0.0020979179215410908,15.013092611158546,21,20
sparse,0.9,0.7,replacing,exponential,3,3000,40,13,3,1,right,right,-0.1,13,4,1,down,False,normal_move,0.05,0.1,13.280224515657562,15.806253471491308,14.125628124342178,0.8454036086846166,12,3,0,left,0.03938980639167,0.024815578026752102,17.9244746854219,0.00333002844689062,17.927804713868788,21,20
sparse,0.9,0.7,replacing,exponential,3,3000,40,13,3,1,right,right,-0.1,13,4,1,down,False,normal_move,0.05,0.1,13.280224515657562,15.806253471491308,14.125628124342178,0.8454036086846166,12,2,1,right,0.39690000000000003,0.250047,9.047592703669425,0.03355406922869244,9.081146772898117,21,20
sparse,0.9,0.7,replacing,exponential,3,3000,40,13,3,1,right,right,-0.1,13,4,1,down,False,normal_move,0.05,0.1,13.280224515657562,15.806253471491308,14.125628124342178,0.8454036086846166,10,2,1,down,0.15752961000000001,0.09924365430000001,1.027560579997261,0.01331761007686803,1.0408781900741289,21,20
sparse,0.9,0.7,replacing,exponential,3,3000,40,13,3,1,right,right,-0.1,13,4,1,down,False,normal_move,0.05,0.1,13.280224515657562,15.806253471491308,14.125628124342178,0.8454036086846166,11,2,1,down,0.250047,0.15752961000000001,7.557173142697618,0.021139063614076237,7.578312206311694,21,20
sparse,0.9,0.7,replacing,exponential,3,3000,40,13,3,1,right,right,-0.1,13,4,1,down,False,normal_move,0.05,0.1,13.280224515657562,15.806253471491308,14.125628124342178,0.8454036086846166,12,3,1,down,0.63,0.39690000000000003,11.619851000323333,0.05326042734713085,11.673111427670463,21,20
sparse,0.9,0.7,replacing,exponential,3,3000,40,13,3,1,right,right,-0.1,13,4,1,down,False,normal_move,0.05,0.1,13.280224515657562,15.806253471491308,14.125628124342178,0.8454036086846166,13,3,1,right,1.0,0.63,13.280224515657562,0.08454036086846167,13.364764876526023,21,20
sparse,0.9,0.7,replacing,exponential,3,3000,41,13,4,1,down,right,-0.1,13,5,1,right,False,normal_move,0.05,0.1,15.806253471491308,18.109415202600832,16.198473682340747,0.39222021084943925,1,5,0,down,2.4073286512514312e-06,1.5166170502884016e-06,1.2288290911427067,9.442029511777327e-08,1.2288291855630018,21,21
sparse,0.9,0.7,replacing,exponential,3,3000,41,13,4,1,down,right,-0.1,13,5,1,right,False,normal_move,0.05,0.1,15.806253471491308,18.109415202600832,16.198473682340747,0.39222021084943925,2,5,0,down,9.627504634134507e-06,6.06532791950474e-06,1.5457554278725674,3.7761018975541903e-07,1.5457558054827572,21,21
sparse,0.9,0.7,replacing,exponential,3,3000,41,13,4,1,down,right,-0.1,13,5,1,right,False,normal_move,0.05,0.1,15.806253471491308,18.109415202600832,16.198473682340747,0.39222021084943925,3,5,0,right,1.528175338751509e-05,9.627504634134507e-06,1.8247484299893642,5.993812535800303e-07,1.8247490293706177,21,21
sparse,0.9,0.7,replacing,exponential,3,3000,41,13,4,1,down,right,-0.1,13,5,1,right,False,normal_move,0.05,0.1,15.806253471491308,18.109415202600832,16.198473682340747,0.39222021084943925,3,6,0,right,6.111552383158003e-05,3.850278001389542e-05,2.374456031317942,2.397074364339625e-06,2.3744584283923063,21,21
sparse,0.9,0.7,replacing,exponential,3,3000,41,13,4,1,down,right,-0.1,13,5,1,right,False,normal_move,0.05,0.1,15.806253471491308,18.109415202600832,16.198473682340747,0.39222021084943925,3,7,0,right,9.700876798663497e-05,6.111552383158003e-05,2.8955047052024163,3.8048799433962305e-06,2.89550851008236,21,21
sparse,0.9,0.7,replacing,exponential,3,3000,41,13,4,1,down,right,-0.1,13,5,1,right,False,normal_move,0.05,0.1,15.806253471491308,18.109415202600832,16.198473682340747,0.39222021084943925,3,8,0,down,0.0001539821714073571,9.700876798663497e-05,3.5605621990514744,6.0394919736448105e-06,3.560568238543448,21,21
sparse,0.9,0.7,replacing,exponential,3,3000,41,13,4,1,down,right,-0.1,13,5,1,right,False,normal_move,0.05,0.1,15.806253471491308,18.109415202600832,16.198473682340747,0.39222021084943925,4,8,0,down,0.00024441614509104303,0.0001539821714073571,4.185679805448883,9.586495196261605e-06,4.185689391944079,21,21
sparse,0.9,0.7,replacing,exponential,3,3000,41,13,4,1,down,right,-0.1,13,5,1,right,False,normal_move,0.05,0.1,15.806253471491308,18.109415202600832,16.198473682340747,0.39222021084943925,10,7,0,down,0.0003879621350651477,0.00024441614509104303,5.383137830160966,1.5216659041685087e-05,5.3831530468200075,21,21
sparse,0.9,0.7,replacing,exponential,3,3000,41,13,4,1,down,right,-0.1,13,5,1,right,False,normal_move,0.05,0.1,15.806253471491308,18.109415202600832,16.198473682340747,0.39222021084943925,11,7,0,down,0.0006158129128018217,0.0003879621350651477,7.034599960247198,2.415342705029379e-05,7.034624113674249,21,21
sparse,0.9,0.7,replacing,exponential,3,3000,41,13,4,1,down,right,-0.1,13,5,1,right,False,normal_move,0.05,0.1,15.806253471491308,18.109415202600832,16.198473682340747,0.39222021084943925,12,8,0,left,0.001551556847573247,0.0009774808139711457,7.424869004810198,6.085519539000703e-05,7.424929860005587,21,21
sparse,0.9,0.7,replacing,exponential,3,3000,41,13,4,1,down,right,-0.1,13,5,1,right,False,normal_move,0.05,0.1,15.806253471491308,18.109415202600832,16.198473682340747,0.39222021084943925,12,7,0,left,0.0024627886469416617,0.001551556847573247,8.627266877765638,9.65955482381064e-05,8.627363473313876,21,21
sparse,0.9,0.7,replacing,exponential,3,3000,41,13,4,1,down,right,-0.1,13,5,1,right,False,normal_move,0.05,0.1,15.806253471491308,18.109415202600832,16.198473682340747,0.39222021084943925,12,6,0,left,0.006205060838855283,0.003909188328478828,10.51495622226124,0.00024337502705494178,10.515199597288294,21,21
sparse,0.9,0.7,replacing,exponential,3,3000,41,13,4,1,down,right,-0.1,13,5,1,right,False,normal_move,0.05,0.1,15.806253471491308,18.109415202600832,16.198473682340747,0.39222021084943925,12,5,0,left,0.00984930291881791,0.006205060838855283,12.749636395237493,0.00038630956675387586,12.750022704804246,21,21
sparse,0.9,0.7,replacing,exponential,3,3000,41,13,4,1,down,right,-0.1,13,5,1,right,False,normal_move,0.05,0.1,15.806253471491308,18.109415202600832,16.198473682340747,0.39222021084943925,12,4,0,left,0.015633814156853824,0.00984930291881791,15.013092611158546,0.0006131897884982156,15.013705800947044,21,21
sparse,0.9,0.7,replacing,exponential,3,3000,41,13,4,1,down,right,-0.1,13,5,1,right,False,normal_move,0.05,0.1,15.806253471491308,18.109415202600832,16.198473682340747,0.39222021084943925,12,3,0,left,0.024815578026752102,0.015633814156853824,17.927804713868788,0.0009733171246003422,17.92877803099339,21,21
sparse,0.9,0.7,replacing,exponential,3,3000,41,13,4,1,down,right,-0.1,13,5,1,right,False,normal_move,0.05,0.1,15.806253471491308,18.109415202600832,16.198473682340747,0.39222021084943925,12,2,1,right,0.250047,0.15752961000000001,9.081146772898117,0.009807348706226975,9.090954121604344,21,21
sparse,0.9,0.7,replacing,exponential,3,3000,41,13,4,1,down,right,-0.1,13,5,1,right,False,normal_move,0.05,0.1,15.806253471491308,18.109415202600832,16.198473682340747,0.39222021084943925,10,2,1,down,0.09924365430000001,0.062523502209,1.0408781900741289,0.003892536701501487,1.0447707267756303,21,21
sparse,0.9,0.7,replacing,exponential,3,3000,41,13,4,1,down,right,-0.1,13,5,1,right,False,normal_move,0.05,0.1,15.806253471491308,18.109415202600832,16.198473682340747,0.39222021084943925,11,2,1,down,0.15752961000000001,0.09924365430000001,7.578312206311694,0.006178629684922995,7.584490835996617,21,21
sparse,0.9,0.7,replacing,exponential,3,3000,41,13,4,1,down,right,-0.1,13,5,1,right,False,normal_move,0.05,0.1,15.806253471491308,18.109415202600832,16.198473682340747,0.39222021084943925,12,3,1,down,0.39690000000000003,0.250047,11.673111427670463,0.015567220168614247,11.688678647839078,21,21
sparse,0.9,0.7,replacing,exponential,3,3000,41,13,4,1,down,right,-0.1,13,5,1,right,False,normal_move,0.05,0.1,15.806253471491308,18.109415202600832,16.198473682340747,0.39222021084943925,13,3,1,right,0.63,0.39690000000000003,13.364764876526023,0.024709873283514677,13.389474749809537,21,21
sparse,0.9,0.7,replacing,exponential,3,3000,41,13,4,1,down,right,-0.1,13,5,1,right,False,normal_move,0.05,0.1,15.806253471491308,18.109415202600832,16.198473682340747,0.39222021084943925,13,4,1,down,1.0,0.63,15.806253471491308,0.03922202108494393,15.845475492576252,21,21
sparse,0.9,0.7,replacing,exponential,3,3000,42,13,5,1,right,right,-0.1,13,6,1,down,False,normal_move,0.05,0.1,18.109415202600832,20.75922495519233,18.583302459673096,0.4738872570722634,1,5,0,down,1.5166170502884016e-06,0.0,1.2288291855630018,7.187054939901977e-08,1.228829257433551,22,21
sparse,0.9,0.7,replacing,exponential,3,3000,42,13,5,1,right,right,-0.1,13,6,1,down,False,normal_move,0.05,0.1,18.109415202600832,20.75922495519233,18.583302459673096,0.4738872570722634,2,5,0,down,6.06532791950474e-06,3.821156589287986e-06,1.5457558054827572,2.8742816110179195e-07,1.5457560929109182,22,21
sparse,0.9,0.7,replacing,exponential,3,3000,42,13,5,1,right,right,-0.1,13,6,1,down,False,normal_move,0.05,0.1,18.109415202600832,20.75922495519233,18.583302459673096,0.4738872570722634,3,5,0,right,9.627504634134507e-06,6.06532791950474e-06,1.8247490293706177,4.562351763520507e-07,1.824749485605794,22,21
sparse,0.9,0.7,replacing,exponential,3,3000,42,13,5,1,right,right,-0.1,13,6,1,down,False,normal_move,0.05,0.1,18.109415202600832,20.75922495519233,18.583302459673096,0.4738872570722634,3,6,0,right,3.850278001389542e-05,2.4256751408754113e-05,2.3744584283923063,1.8245976810441667e-06,2.374460252989987,22,21
sparse,0.9,0.7,replacing,exponential,3,3000,42,13,5,1,right,right,-0.1,13,6,1,down,False,normal_move,0.05,0.1,18.109415202600832,20.75922495519233,18.583302459673096,0.4738872570722634,3,7,0,right,6.111552383158003e-05,3.850278001389542e-05,2.89550851008236,2.896186795308201e-06,2.895511406269155,22,21
sparse,0.9,0.7,replacing,exponential,3,3000,42,13,5,1,right,right,-0.1,13,6,1,down,False,normal_move,0.05,0.1,18.109415202600832,20.75922495519233,18.583302459673096,0.4738872570722634,3,8,0,down,9.700876798663497e-05,6.111552383158003e-05,3.560568238543448,4.597121897314605e-06,3.5605728356653454,22,21
sparse,0.9,0.7,replacing,exponential,3,3000,42,13,5,1,right,right,-0.1,13,6,1,down,False,normal_move,0.05,0.1,18.109415202600832,20.75922495519233,18.583302459673096,0.4738872570722634,4,8,0,down,0.0001539821714073571,9.700876798663497e-05,4.185689391944079,7.297018884626357e-06,4.185696688962963,22,21
sparse,0.9,0.7,replacing,exponential,3,3000,42,13,5,1,right,right,-0.1,13,6,1,down,False,normal_move,0.05,0.1,18.109415202600832,20.75922495519233,18.583302459673096,0.4738872570722634,10,7,0,down,0.00024441614509104303,0.0001539821714073571,5.3831530468200075,1.1582569658137075e-05,5.383164629389666,22,21
sparse,0.9,0.7,replacing,exponential,3,3000,42,13,5,1,right,right,-0.1,13,6,1,down,False,normal_move,0.05,0.1,18.109415202600832,20.75922495519233,18.583302459673096,0.4738872570722634,11,7,0,down,0.0003879621350651477,0.00024441614509104303,7.034624113674249,1.8385031203392186e-05,7.034642498705452,22,21
sparse,0.9,0.7,replacing,exponential,3,3000,42,13,5,1,right,right,-0.1,13,6,1,down,False,normal_move,0.05,0.1,18.109415202600832,20.75922495519233,18.583302459673096,0.4738872570722634,12,8,0,left,0.0009774808139711457,0.0006158129128018217,7.424929860005587,4.632157017735496e-05,7.424976181575764,22,21
sparse,0.9,0.7,replacing,exponential,3,3000,42,13,5,1,right,right,-0.1,13,6,1,down,False,normal_move,0.05,0.1,18.109415202600832,20.75922495519233,18.583302459673096,0.4738872570722634,12,7,0,left,0.001551556847573247,0.0009774808139711457,8.627363473313876,7.35263018688174e-05,8.627436999615744,22,21
sparse,0.9,0.7,replacing,exponential,3,3000,42,13,5,1,right,right,-0.1,13,6,1,down,False,normal_move,0.05,0.1,18.109415202600832,20.75922495519233,18.583302459673096,0.4738872570722634,12,6,0,left,0.003909188328478828,0.0024627886469416617,10.515199597288294,0.00018525145343617385,10.51538484874173,22,21
sparse,0.9,0.7,replacing,exponential,3,3000,42,13,5,1,right,right,-0.1,13,6,1,down,False,normal_move,0.05,0.1,18.109415202600832,20.75922495519233,18.583302459673096,0.4738872570722634,12,5,0,left,0.006205060838855283,0.003909188328478828,12.750022704804246,0.00029404992608916483,12.750316754730335,22,21
sparse,0.9,0.7,replacing,exponential,3,3000,42,13,5,1,right,right,-0.1,13,6,1,down,False,normal_move,0.05,0.1,18.109415202600832,20.75922495519233,18.583302459673096,0.4738872570722634,12,4,0,left,0.00984930291881791,0.006205060838855283,15.013705800947044,0.00046674591442724575,15.01417254686147,22,21
sparse,0.9,0.7,replacing,exponential,3,3000,42,13,5,1,right,right,-0.1,13,6,1,down,False,normal_move,0.05,0.1,18.109415202600832,20.75922495519233,18.583302459673096,0.4738872570722634,12,3,0,left,0.015633814156853824,0.00984930291881791,17.92877803099339,0.0007408665308368981,17.929518897524225,22,21
sparse,0.9,0.7,replacing,exponential,3,3000,42,13,5,1,right,right,-0.1,13,6,1,down,False,normal_move,0.05,0.1,18.109415202600832,20.75922495519233,18.583302459673096,0.4738872570722634,12,2,1,right,0.15752961000000001,0.09924365430000001,9.090954121604344,0.007465127479056341,9.0984192490834,22,21
sparse,0.9,0.7,replacing,exponential,3,3000,42,13,5,1,right,right,-0.1,13,6,1,down,False,normal_move,0.05,0.1,18.109415202600832,20.75922495519233,18.583302459673096,0.4738872570722634,10,2,1,down,0.062523502209,0.03938980639167,1.0447707267756303,0.002962909096437462,1.0477336358720677,22,21
sparse,0.9,0.7,replacing,exponential,3,3000,42,13,5,1,right,right,-0.1,13,6,1,down,False,normal_move,0.05,0.1,18.109415202600832,20.75922495519233,18.583302459673096,0.4738872570722634,11,2,1,down,0.09924365430000001,0.062523502209,7.584490835996617,0.004703030311805495,7.589193866308423,22,21
sparse,0.9,0.7,replacing,exponential,3,3000,42,13,5,1,right,right,-0.1,13,6,1,down,False,normal_move,0.05,0.1,18.109415202600832,20.75922495519233,18.583302459673096,0.4738872570722634,12,3,1,down,0.250047,0.15752961000000001,11.688678647839078,0.011849408696914827,11.700528056535992,22,21
sparse,0.9,0.7,replacing,exponential,3,3000,42,13,5,1,right,right,-0.1,13,6,1,down,False,normal_move,0.05,0.1,18.109415202600832,20.75922495519233,18.583302459673096,0.4738872570722634,13,3,1,right,0.39690000000000003,0.250047,13.389474749809537,0.018808585233198137,13.408283335042736,22,21
sparse,0.9,0.7,replacing,exponential,3,3000,42,13,5,1,right,right,-0.1,13,6,1,down,False,normal_move,0.05,0.1,18.109415202600832,20.75922495519233,18.583302459673096,0.4738872570722634,13,4,1,down,0.63,0.39690000000000003,15.845475492576252,0.0298548971955526,15.875330389771804,22,21
sparse,0.9,0.7,replacing,exponential,3,3000,42,13,5,1,right,right,-0.1,13,6,1,down,False,normal_move,0.05,0.1,18.109415202600832,20.75922495519233,18.583302459673096,0.4738872570722634,13,5,1,right,1.0,0.63,18.109415202600832,0.047388725707226347,18.156803928308058,22,21
sparse,0.9,0.7,replacing,exponential,3,3000,43,13,6,1,down,down,-0.1,14,6,1,down,False,normal_move,0.05,0.1,20.75922495519233,23.911415481555164,21.420273933399645,0.6610489782073152,2,5,0,down,3.821156589287986e-06,2.4073286512514312e-06,1.5457560929109182,2.525971658918973e-07,1.545756345508084,22,22
sparse,0.9,0.7,replacing,exponential,3,3000,43,13,6,1,down,down,-0.1,14,6,1,down,False,normal_move,0.05,0.1,20.75922495519233,23.911415481555164,21.420273933399645,0.6610489782073152,3,5,0,right,6.06532791950474e-06,3.821156589287986e-06,1.824749485605794,4.009478823680909e-07,1.8247498865536764,22,22
sparse,0.9,0.7,replacing,exponential,3,3000,43,13,6,1,down,down,-0.1,14,6,1,down,False,normal_move,0.05,0.1,20.75922495519233,23.911415481555164,21.420273933399645,0.6610489782073152,3,6,0,right,2.4256751408754113e-05,1.528175338751509e-05,2.374460252989987,1.603490073338576e-06,2.3744618564800604,22,22
sparse,0.9,0.7,replacing,exponential,3,3000,43,13,6,1,down,down,-0.1,14,6,1,down,False,normal_move,0.05,0.1,20.75922495519233,23.911415481555164,21.420273933399645,0.6610489782073152,3,7,0,right,3.850278001389542e-05,2.4256751408754113e-05,2.895511406269155,2.5452223386326605e-06,2.895513951491494,22,22
sparse,0.9,0.7,replacing,exponential,3,3000,43,13,6,1,down,down,-0.1,14,6,1,down,False,normal_move,0.05,0.1,20.75922495519233,23.911415481555164,21.420273933399645,0.6610489782073152,3,8,0,down,6.111552383158003e-05,3.850278001389542e-05,3.5605728356653454,4.04003545814708e-06,3.5605768757008036,22,22
sparse,0.9,0.7,replacing,exponential,3,3000,43,13,6,1,down,down,-0.1,14,6,1,down,False,normal_move,0.05,0.1,20.75922495519233,23.911415481555164,21.420273933399645,0.6610489782073152,4,8,0,down,9.700876798663497e-05,6.111552383158003e-05,4.185696688962963,6.4127546954715554e-06,4.1857031017176585,22,22
sparse,0.9,0.7,replacing,exponential,3,3000,43,13,6,1,down,down,-0.1,14,6,1,down,False,normal_move,0.05,0.1,20.75922495519233,23.911415481555164,21.420273933399645,0.6610489782073152,10,7,0,down,0.0001539821714073571,9.700876798663497e-05,5.383164629389666,1.0178975707097707e-05,5.383174808365372,22,22
sparse,0.9,0.7,replacing,exponential,3,3000,43,13,6,1,down,down,-0.1,14,6,1,down,False,normal_move,0.05,0.1,20.75922495519233,23.911415481555164,21.420273933399645,0.6610489782073152,11,7,0,down,0.00024441614509104303,0.0001539821714073571,7.034642498705452,1.615710429698049e-05,7.034658655809749,22,22
sparse,0.9,0.7,replacing,exponential,3,3000,43,13,6,1,down,down,-0.1,14,6,1,down,False,normal_move,0.05,0.1,20.75922495519233,23.911415481555164,21.420273933399645,0.6610489782073152,12,8,0,left,0.0006158129128018217,0.0003879621350651477,7.424976181575764,4.0708249677451474e-05,7.425016889825442,22,22
sparse,0.9,0.7,replacing,exponential,3,3000,43,13,6,1,down,down,-0.1,14,6,1,down,False,normal_move,0.05,0.1,20.75922495519233,23.911415481555164,21.420273933399645,0.6610489782073152,12,7,0,left,0.0009774808139711457,0.0006158129128018217,8.627436999615744,6.461626932928806e-05,8.627501615885073,22,22
sparse,0.9,0.7,replacing,exponential,3,3000,43,13,6,1,down,down,-0.1,14,6,1,down,False,normal_move,0.05,0.1,20.75922495519233,23.911415481555164,21.420273933399645,0.6610489782073152,12,6,0,left,0.0024627886469416617,0.001551556847573247,10.51538484874173,0.0001628023918601362,10.515547651133591,22,22
sparse,0.9,0.7,replacing,exponential,3,3000,43,13,6,1,down,down,-0.1,14,6,1,down,False,normal_move,0.05,0.1,20.75922495519233,23.911415481555164,21.420273933399645,0.6610489782073152,12,5,0,left,0.003909188328478828,0.0024627886469416617,12.750316754730335,0.0002584164950160892,12.750575171225352,22,22
sparse,0.9,0.7,replacing,exponential,3,3000,43,13,6,1,down,down,-0.1,14,6,1,down,False,normal_move,0.05,0.1,20.75922495519233,23.911415481555164,21.420273933399645,0.6610489782073152,12,4,0,left,0.006205060838855283,0.003909188328478828,15.01417254686147,0.0004101849127239511,15.014582731774194,22,22
sparse,0.9,0.7,replacing,exponential,3,3000,43,13,6,1,down,down,-0.1,14,6,1,down,False,normal_move,0.05,0.1,20.75922495519233,23.911415481555164,21.420273933399645,0.6610489782073152,12,3,0,left,0.00984930291881791,0.006205060838855283,17.929518897524225,0.0006510871630538907,17.93016998468728,22,22
sparse,0.9,0.7,replacing,exponential,3,3000,43,13,6,1,down,down,-0.1,14,6,1,down,False,normal_move,0.05,0.1,20.75922495519233,23.911415481555164,21.420273933399645,0.6610489782073152,12,2,1,right,0.09924365430000001,0.062523502209,9.0984192490834,0.006560491626857503,9.104979740710258,22,22
sparse,0.9,0.7,replacing,exponential,3,3000,43,13,6,1,down,down,-0.1,14,6,1,down,False,normal_move,0.05,0.1,20.75922495519233,23.911415481555164,21.420273933399645,0.6610489782073152,10,2,1,down,0.03938980639167,0.024815578026752102,1.0477336358720677,0.0026038591266997427,1.0503374949987674,22,22
sparse,0.9,0.7,replacing,exponential,3,3000,43,13,6,1,down,down,-0.1,14,6,1,down,False,normal_move,0.05,0.1,20.75922495519233,23.911415481555164,21.420273933399645,0.6610489782073152,11,2,1,down,0.062523502209,0.03938980639167,7.589193866308423,0.0041331097249202265,7.593326976033343,22,22
sparse,0.9,0.7,replacing,exponential,3,3000,43,13,6,1,down,down,-0.1,14,6,1,down,False,normal_move,0.05,0.1,20.75922495519233,23.911415481555164,21.420273933399645,0.6610489782073152,12,3,1,down,0.15752961000000001,0.09924365430000001,11.700528056535992,0.010413478772789687,11.710941535308782,22,22
sparse,0.9,0.7,replacing,exponential,3,3000,43,13,6,1,down,down,-0.1,14,6,1,down,False,normal_move,0.05,0.1,20.75922495519233,23.911415481555164,21.420273933399645,0.6610489782073152,13,3,1,right,0.250047,0.15752961000000001,13.408283335042736,0.016529331385380455,13.424812666428116,22,22
sparse,0.9,0.7,replacing,exponential,3,3000,43,13,6,1,down,down,-0.1,14,6,1,down,False,normal_move,0.05,0.1,20.75922495519233,23.911415481555164,21.420273933399645,0.6610489782073152,13,4,1,down,0.39690000000000003,0.250047,15.875330389771804,0.02623703394504834,15.901567423716852,22,22
sparse,0.9,0.7,replacing,exponential,3,3000,43,13,6,1,down,down,-0.1,14,6,1,down,False,normal_move,0.05,0.1,20.75922495519233,23.911415481555164,21.420273933399645,0.6610489782073152,13,5,1,right,0.63,0.39690000000000003,18.156803928308058,0.04164608562706086,18.19845001393512,22,22
sparse,0.9,0.7,replacing,exponential,3,3000,43,13,6,1,down,down,-0.1,14,6,1,down,False,normal_move,0.05,0.1,20.75922495519233,23.911415481555164,21.420273933399645,0.6610489782073152,13,6,1,down,1.0,0.63,20.75922495519233,0.06610489782073152,20.825329853013063,22,22
sparse,0.9,0.7,replacing,exponential,3,3000,44,14,6,1,down,down,-0.1,15,6,1,right,False,normal_move,0.05,0.1,23.911415481555164,27.59386362550051,24.73447726295046,0.8230617813952961,2,5,0,down,2.4073286512514312e-06,1.5166170502884016e-06,1.545756345508084,1.9813802081029386e-07,1.545756543646105,23,23
sparse,0.9,0.7,replacing,exponential,3,3000,44,14,6,1,down,down,-0.1,15,6,1,right,False,normal_move,0.05,0.1,23.911415481555164,27.59386362550051,24.73447726295046,0.8230617813952961,3,5,0,right,3.821156589287986e-06,2.4073286512514312e-06,1.8247498865536764,3.145047949369744e-07,1.8247502010584713,23,23
sparse,0.9,0.7,replacing,exponential,3,3000,44,14,6,1,down,down,-0.1,15,6,1,right,False,normal_move,0.05,0.1,23.911415481555164,27.59386362550051,24.73447726295046,0.8230617813952961,3,6,0,right,1.528175338751509e-05,9.627504634134507e-06,2.3744618564800604,1.2577827165971773e-06,2.374463114262777,23,23
sparse,0.9,0.7,replacing,exponential,3,3000,44,14,6,1,down,down,-0.1,15,6,1,right,False,normal_move,0.05,0.1,23.911415481555164,27.59386362550051,24.73447726295046,0.8230617813952961,3,7,0,right,2.4256751408754113e-05,1.528175338751509e-05,2.895513951491494,1.996480502535202e-06,2.8955159479719965,23,23
sparse,0.9,0.7,replacing,exponential,3,3000,44,14,6,1,down,down,-0.1,15,6,1,right,False,normal_move,0.05,0.1,23.911415481555164,27.59386362550051,24.73447726295046,0.8230617813952961,3,8,0,down,3.850278001389542e-05,2.4256751408754113e-05,3.5605768757008036,3.169016670690797e-06,3.5605800447174745,23,23
sparse,0.9,0.7,replacing,exponential,3,3000,44,14,6,1,down,down,-0.1,15,6,1,right,False,normal_move,0.05,0.1,23.911415481555164,27.59386362550051,24.73447726295046,0.8230617813952961,4,8,0,down,6.111552383158003e-05,3.850278001389542e-05,4.1857031017176585,5.030185191572693e-06,4.18570813190285,23,23
sparse,0.9,0.7,replacing,exponential,3,3000,44,14,6,1,down,down,-0.1,15,6,1,right,False,normal_move,0.05,0.1,23.911415481555164,27.59386362550051,24.73447726295046,0.8230617813952961,10,7,0,down,9.700876798663497e-05,6.111552383158003e-05,5.383174808365372,7.984420939004275e-06,5.383182792786311,23,23
sparse,0.9,0.7,replacing,exponential,3,3000,44,14,6,1,down,down,-0.1,15,6,1,right,False,normal_move,0.05,0.1,23.911415481555164,27.59386362550051,24.73447726295046,0.8230617813952961,11,7,0,down,0.0001539821714073571,9.700876798663497e-05,7.034658655809749,1.2673684030165518e-05,7.034671329493779,23,23
sparse,0.9,0.7,replacing,exponential,3,3000,44,14,6,1,down,down,-0.1,15,6,1,right,False,normal_move,0.05,0.1,23.911415481555164,27.59386362550051,24.73447726295046,0.8230617813952961,12,8,0,left,0.0003879621350651477,0.00024441614509104303,7.425016889825442,3.19316806000643e-05,7.425048821506042,23,23
sparse,0.9,0.7,replacing,exponential,3,3000,44,14,6,1,down,down,-0.1,15,6,1,right,False,normal_move,0.05,0.1,23.911415481555164,27.59386362550051,24.73447726295046,0.8230617813952961,12,7,0,left,0.0006158129128018217,0.0003879621350651477,8.627501615885073,5.068520730168936e-05,8.627552301092376,23,23
sparse,0.9,0.7,replacing,exponential,3,3000,44,14,6,1,down,down,-0.1,15,6,1,right,False,normal_move,0.05,0.1,23.911415481555164,27.59386362550051,24.73447726295046,0.8230617813952961,12,6,0,left,0.001551556847573247,0.0009774808139711457,10.515547651133591,0.00012770271428997067,10.51567535384788,23,23
sparse,0.9,0.7,replacing,exponential,3,3000,44,14,6,1,down,down,-0.1,15,6,1,right,False,normal_move,0.05,0.1,23.911415481555164,27.59386362550051,24.73447726295046,0.8230617813952961,12,5,0,left,0.0024627886469416617,0.001551556847573247,12.750575171225352,0.00020270272109519153,12.750777873946447,23,23
sparse,0.9,0.7,replacing,exponential,3,3000,44,14,6,1,down,down,-0.1,15,6,1,right,False,normal_move,0.05,0.1,23.911415481555164,27.59386362550051,24.73447726295046,0.8230617813952961,12,4,0,left,0.003909188328478828,0.0024627886469416617,15.014582731774194,0.00032175035094474846,15.01490448212514,23,23
sparse,0.9,0.7,replacing,exponential,3,3000,44,14,6,1,down,down,-0.1,15,6,1,right,False,normal_move,0.05,0.1,23.911415481555164,27.59386362550051,24.73447726295046,0.8230617813952961,12,3,0,left,0.006205060838855283,0.003909188328478828,17.93016998468728,0.000510714842769442,17.930680699530047,23,23
sparse,0.9,0.7,replacing,exponential,3,3000,44,14,6,1,down,down,-0.1,15,6,1,right,False,normal_move,0.05,0.1,23.911415481555164,27.59386362550051,24.73447726295046,0.8230617813952961,12,2,1,right,0.062523502209,0.03938980639167,9.104979740710258,0.005146070510721228,9.110125811220978,23,23
sparse,0.9,0.7,replacing,exponential,3,3000,44,14,6,1,down,down,-0.1,15,6,1,right,False,normal_move,0.05,0.1,23.911415481555164,27.59386362550051,24.73447726295046,0.8230617813952961,10,2,1,down,0.024815578026752102,0.015633814156853824,1.0503374949987674,0.0020424753857052553,1.0523799703844727,23,23
sparse,0.9,0.7,replacing,exponential,3,3000,44,14,6,1,down,down,-0.1,15,6,1,right,False,normal_move,0.05,0.1,23.911415481555164,27.59386362550051,24.73447726295046,0.8230617813952961,11,2,1,down,0.03938980639167,0.024815578026752102,7.593326976033343,0.0032420244217543736,7.596569000455098,23,23
sparse,0.9,0.7,replacing,exponential,3,3000,44,14,6,1,down,down,-0.1,15,6,1,right,False,normal_move,0.05,0.1,23.911415481555164,27.59386362550051,24.73447726295046,0.8230617813952961,12,3,1,down,0.09924365430000001,0.062523502209,11.710941535308782,0.008168365890033695,11.719109901198816,23,23
sparse,0.9,0.7,replacing,exponential,3,3000,44,14,6,1,down,down,-0.1,15,6,1,right,False,normal_move,0.05,0.1,23.911415481555164,27.59386362550051,24.73447726295046,0.8230617813952961,13,3,1,right,0.15752961000000001,0.09924365430000001,13.424812666428116,0.012965660142910628,13.437778326571026,23,23
sparse,0.9,0.7,replacing,exponential,3,3000,44,14,6,1,down,down,-0.1,15,6,1,right,False,normal_move,0.05,0.1,23.911415481555164,27.59386362550051,24.73447726295046,0.8230617813952961,13,4,1,down,0.250047,0.15752961000000001,15.901567423716852,0.020580412925254962,15.922147836642107,23,23
sparse,0.9,0.7,replacing,exponential,3,3000,44,14,6,1,down,down,-0.1,15,6,1,right,False,normal_move,0.05,0.1,23.911415481555164,27.59386362550051,24.73447726295046,0.8230617813952961,13,5,1,right,0.39690000000000003,0.250047,18.19845001393512,0.03266732210357931,18.231117336038697,23,23
sparse,0.9,0.7,replacing,exponential,3,3000,44,14,6,1,down,down,-0.1,15,6,1,right,False,normal_move,0.05,0.1,23.911415481555164,27.59386362550051,24.73447726295046,0.8230617813952961,13,6,1,down,0.63,0.39690000000000003,20.825329853013063,0.05185289222790366,20.877182745240965,23,23
sparse,0.9,0.7,replacing,exponential,3,3000,44,14,6,1,down,down,-0.1,15,6,1,right,False,normal_move,0.05,0.1,23.911415481555164,27.59386362550051,24.73447726295046,0.8230617813952961,14,6,1,down,1.0,0.63,23.911415481555164,0.08230617813952962,23.993721659694693,23,23
sparse,0.9,0.7,replacing,exponential,3,3000,45,15,6,1,right,right,-0.1,15,7,1,right,False,normal_move,0.05,0.1,27.59386362550051,31.971728047589814,28.67455524283083,1.08069161733032,2,5,0,down,1.5166170502884016e-06,0.0,1.545756543646105,1.638995332946912e-07,1.5457567075456382,24,23
sparse,0.9,0.7,replacing,exponential,3,3000,45,15,6,1,right,right,-0.1,15,7,1,right,False,normal_move,0.05,0.1,27.59386362550051,31.971728047589814,28.67455524283083,1.08069161733032,3,5,0,right,2.4073286512514312e-06,1.5166170502884016e-06,1.8247502010584713,2.6015798935665273e-07,1.8247504612164607,24,23
sparse,0.9,0.7,replacing,exponential,3,3000,45,15,6,1,right,right,-0.1,15,7,1,right,False,normal_move,0.05,0.1,27.59386362550051,31.971728047589814,28.67455524283083,1.08069161733032,3,6,0,right,9.627504634134507e-06,6.06532791950474e-06,2.374463114262777,1.0404363553917973e-06,2.3744641546991323,24,23
sparse,0.9,0.7,replacing,exponential,3,3000,45,15,6,1,right,right,-0.1,15,7,1,right,False,normal_move,0.05,0.1,27.59386362550051,31.971728047589814,28.67455524283083,1.08069161733032,3,7,0,right,1.528175338751509e-05,9.627504634134507e-06,2.8955159479719965,1.6514862783996782e-06,2.895517599458275,24,23
sparse,0.9,0.7,replacing,exponential,3,3000,45,15,6,1,right,right,-0.1,15,7,1,right,False,normal_move,0.05,0.1,27.59386362550051,31.971728047589814,28.67455524283083,1.08069161733032,3,8,0,down,2.4256751408754113e-05,1.528175338751509e-05,3.5605800447174745,2.6214067911106002e-06,3.5605826661242657,24,23
sparse,0.9,0.7,replacing,exponential,3,3000,45,15,6,1,right,right,-0.1,15,7,1,right,False,normal_move,0.05,0.1,27.59386362550051,31.971728047589814,28.67455524283083,1.08069161733032,4,8,0,down,3.850278001389542e-05,2.4256751408754113e-05,4.18570813190285,4.160963160493016e-06,4.185712292866011,24,23
sparse,0.9,0.7,replacing,exponential,3,3000,45,15,6,1,right,right,-0.1,15,7,1,right,False,normal_move,0.05,0.1,27.59386362550051,31.971728047589814,28.67455524283083,1.08069161733032,10,7,0,down,6.111552383158003e-05,3.850278001389542e-05,5.383182792786311,6.604703429353994e-06,5.3831893974897405,24,23
sparse,0.9,0.7,replacing,exponential,3,3000,45,15,6,1,right,right,-0.1,15,7,1,right,False,normal_move,0.05,0.1,27.59386362550051,31.971728047589814,28.67455524283083,1.08069161733032,11,7,0,down,9.700876798663497e-05,6.111552383158003e-05,7.034671329493779,1.0483656237069832e-05,7.034681813150017,24,23
sparse,0.9,0.7,replacing,exponential,3,3000,45,15,6,1,right,right,-0.1,15,7,1,right,False,normal_move,0.05,0.1,27.59386362550051,31.971728047589814,28.67455524283083,1.08069161733032,12,8,0,left,0.00024441614509104303,0.0001539821714073571,7.425048821506042,2.6413847914008147e-05,7.425075235353956,24,23
sparse,0.9,0.7,replacing,exponential,3,3000,45,15,6,1,right,right,-0.1,15,7,1,right,False,normal_move,0.05,0.1,27.59386362550051,31.971728047589814,28.67455524283083,1.08069161733032,12,7,0,left,0.0003879621350651477,0.00024441614509104303,8.627552301092376,4.1926742720647854e-05,8.627594227835097,24,23
sparse,0.9,0.7,replacing,exponential,3,3000,45,15,6,1,right,right,-0.1,15,7,1,right,False,normal_move,0.05,0.1,27.59386362550051,31.971728047589814,28.67455524283083,1.08069161733032,12,6,0,left,0.0009774808139711457,0.0006158129128018217,10.51567535384788,0.00010563553217598351,10.515780989380056,24,23
sparse,0.9,0.7,replacing,exponential,3,3000,45,15,6,1,right,right,-0.1,15,7,1,right,False,normal_move,0.05,0.1,27.59386362550051,31.971728047589814,28.67455524283083,1.08069161733032,12,5,0,left,0.001551556847573247,0.0009774808139711457,12.750777873946447,0.0001676754478983865,12.750945549394345,24,23
sparse,0.9,0.7,replacing,exponential,3,3000,45,15,6,1,right,right,-0.1,15,7,1,right,False,normal_move,0.05,0.1,27.59386362550051,31.971728047589814,28.67455524283083,1.08069161733032,12,4,0,left,0.0024627886469416617,0.001551556847573247,15.01490448212514,0.0002661515046006135,15.01517063362974,24,23
sparse,0.9,0.7,replacing,exponential,3,3000,45,15,6,1,right,right,-0.1,15,7,1,right,False,normal_move,0.05,0.1,27.59386362550051,31.971728047589814,28.67455524283083,1.08069161733032,12,3,0,left,0.003909188328478828,0.0024627886469416617,17.930680699530047,0.0004224627057152596,17.93110316223576,24,23
sparse,0.9,0.7,replacing,exponential,3,3000,45,15,6,1,right,right,-0.1,15,7,1,right,False,normal_move,0.05,0.1,27.59386362550051,31.971728047589814,28.67455524283083,1.08069161733032,12,2,1,right,0.03938980639167,0.024815578026752102,9.110125811220978,0.004256823357574204,9.114382634578552,24,23
sparse,0.9,0.7,replacing,exponential,3,3000,45,15,6,1,right,right,-0.1,15,7,1,right,False,normal_move,0.05,0.1,27.59386362550051,31.971728047589814,28.67455524283083,1.08069161733032,10,2,1,down,0.015633814156853824,0.00984930291881791,1.0523799703844727,0.0016895331906212013,1.054069503575094,24,23
sparse,0.9,0.7,replacing,exponential,3,3000,45,15,6,1,right,right,-0.1,15,7,1,right,False,normal_move,0.05,0.1,27.59386362550051,31.971728047589814,28.67455524283083,1.08069161733032,11,2,1,down,0.024815578026752102,0.015633814156853824,7.596569000455098,0.002681798715271748,7.5992507991703695,24,23
sparse,0.9,0.7,replacing,exponential,3,3000,45,15,6,1,right,right,-0.1,15,7,1,right,False,normal_move,0.05,0.1,27.59386362550051,31.971728047589814,28.67455524283083,1.08069161733032,12,3,1,down,0.062523502209,0.03938980639167,11.719109901198816,0.006756862472340005,11.725866763671156,24,23
sparse,0.9,0.7,replacing,exponential,3,3000,45,15,6,1,right,right,-0.1,15,7,1,right,False,normal_move,0.05,0.1,27.59386362550051,31.971728047589814,28.67455524283083,1.08069161733032,13,3,1,right,0.09924365430000001,0.062523502209,13.437778326571026,0.010725178527523818,13.44850350509855,24,23
sparse,0.9,0.7,replacing,exponential,3,3000,45,15,6,1,right,right,-0.1,15,7,1,right,False,normal_move,0.05,0.1,27.59386362550051,31.971728047589814,28.67455524283083,1.08069161733032,13,4,1,down,0.15752961000000001,0.09924365430000001,15.922147836642107,0.01702409290083146,15.939171929542939,24,23
sparse,0.9,0.7,replacing,exponential,3,3000,45,15,6,1,right,right,-0.1,15,7,1,right,False,normal_move,0.05,0.1,27.59386362550051,31.971728047589814,28.67455524283083,1.08069161733032,13,5,1,right,0.250047,0.15752961000000001,18.231117336038697,0.027022369683859456,18.258139705722556,24,23
sparse,0.9,0.7,replacing,exponential,3,3000,45,15,6,1,right,right,-0.1,15,7,1,right,False,normal_move,0.05,0.1,27.59386362550051,31.971728047589814,28.67455524283083,1.08069161733032,13,6,1,down,0.39690000000000003,0.250047,20.877182745240965,0.0428926502918404,20.920075395532805,24,23
sparse,0.9,0.7,replacing,exponential,3,3000,45,15,6,1,right,right,-0.1,15,7,1,right,False,normal_move,0.05,0.1,27.59386362550051,31.971728047589814,28.67455524283083,1.08069161733032,14,6,1,down,0.63,0.39690000000000003,23.993721659694693,0.06808357189181016,24.061805231586504,24,23
sparse,0.9,0.7,replacing,exponential,3,3000,45,15,6,1,right,right,-0.1,15,7,1,right,False,normal_move,0.05,0.1,27.59386362550051,31.971728047589814,28.67455524283083,1.08069161733032,15,6,1,right,1.0,0.63,27.59386362550051,0.10806916173303201,27.70193278723354,24,23
sparse,0.9,0.7,replacing,exponential,3,3000,46,15,7,1,right,right,-0.1,15,8,1,right,False,normal_move,0.05,0.1,31.971728047589814,37.33966851375213,33.505701662376914,1.5339736147871008,3,5,0,right,1.5166170502884016e-06,0.0,1.8247504612164607,2.3264505388786497e-07,1.8247506938615146,24,23
sparse,0.9,0.7,replacing,exponential,3,3000,46,15,7,1,right,right,-0.1,15,8,1,right,False,normal_move,0.05,0.1,31.971728047589814,37.33966851375213,33.505701662376914,1.5339736147871008,3,6,0,right,6.06532791950474e-06,3.821156589287986e-06,2.3744641546991323,9.304052993551811e-07,2.3744650851044318,24,23
sparse,0.9,0.7,replacing,exponential,3,3000,46,15,7,1,right,right,-0.1,15,8,1,right,False,normal_move,0.05,0.1,31.971728047589814,37.33966851375213,33.505701662376914,1.5339736147871008,3,7,0,right,9.627504634134507e-06,6.06532791950474e-06,2.895517599458275,1.4768338085002875e-06,2.8955190762920835,24,23
sparse,0.9,0.7,replacing,exponential,3,3000,46,15,7,1,right,right,-0.1,15,8,1,right,False,normal_move,0.05,0.1,31.971728047589814,37.33966851375213,33.505701662376914,1.5339736147871008,3,8,0,down,1.528175338751509e-05,9.627504634134507e-06,3.5605826661242657,2.3441806484131548e-06,3.560585010304914,24,23
sparse,0.9,0.7,replacing,exponential,3,3000,46,15,7,1,right,right,-0.1,15,8,1,right,False,normal_move,0.05,0.1,31.971728047589814,37.33966851375213,33.505701662376914,1.5339736147871008,4,8,0,down,2.4256751408754113e-05,1.528175338751509e-05,4.185712292866011,3.7209216641478645e-06,4.185716013787675,24,23
sparse,0.9,0.7,replacing,exponential,3,3000,46,15,7,1,right,right,-0.1,15,8,1,right,False,normal_move,0.05,0.1,31.971728047589814,37.33966851375213,33.505701662376914,1.5339736147871008,10,7,0,down,3.850278001389542e-05,2.4256751408754113e-05,5.3831893974897405,5.906224863726769e-06,5.383195303714604,24,23
sparse,0.9,0.7,replacing,exponential,3,3000,46,15,7,1,right,right,-0.1,15,8,1,right,False,normal_move,0.05,0.1,31.971728047589814,37.33966851375213,33.505701662376914,1.5339736147871008,11,7,0,down,6.111552383158003e-05,3.850278001389542e-05,7.034681813150017,9.374960101153603e-06,7.034691188110118,24,23
sparse,0.9,0.7,replacing,exponential,3,3000,46,15,7,1,right,right,-0.1,15,8,1,right,False,normal_move,0.05,0.1,31.971728047589814,37.33966851375213,33.505701662376914,1.5339736147871008,12,8,0,left,0.0001539821714073571,9.700876798663497e-05,7.425075235353956,2.3620458808651052e-05,7.425098855812765,24,23
sparse,0.9,0.7,replacing,exponential,3,3000,46,15,7,1,right,right,-0.1,15,8,1,right,False,normal_move,0.05,0.1,31.971728047589814,37.33966851375213,33.505701662376914,1.5339736147871008,12,7,0,left,0.00024441614509104303,0.0001539821714073571,8.627594227835097,3.749279175976358e-05,8.627631720626857,24,23
sparse,0.9,0.7,replacing,exponential,3,3000,46,15,7,1,right,right,-0.1,15,8,1,right,False,normal_move,0.05,0.1,31.971728047589814,37.33966851375213,33.505701662376914,1.5339736147871008,12,6,0,left,0.0006158129128018217,0.0003879621350651477,10.515780989380056,9.446407598831842e-05,10.515875453456045,24,23
sparse,0.9,0.7,replacing,exponential,3,3000,46,15,7,1,right,right,-0.1,15,8,1,right,False,normal_move,0.05,0.1,31.971728047589814,37.33966851375213,33.505701662376914,1.5339736147871008,12,5,0,left,0.0009774808139711457,0.0006158129128018217,12.750945549394345,0.0001499429777592356,12.751095492372103,24,23
sparse,0.9,0.7,replacing,exponential,3,3000,46,15,7,1,right,right,-0.1,15,8,1,right,False,normal_move,0.05,0.1,31.971728047589814,37.33966851375213,33.505701662376914,1.5339736147871008,12,4,0,left,0.001551556847573247,0.0009774808139711457,15.01517063362974,0.00023800472660196124,15.015408638356343,24,23
sparse,0.9,0.7,replacing,exponential,3,3000,46,15,7,1,right,right,-0.1,15,8,1,right,False,normal_move,0.05,0.1,31.971728047589814,37.33966851375213,33.505701662376914,1.5339736147871008,12,3,0,left,0.0024627886469416617,0.001551556847573247,17.93110316223576,0.0003777852803205734,17.931480947516082,24,23
sparse,0.9,0.7,replacing,exponential,3,3000,46,15,7,1,right,right,-0.1,15,8,1,right,False,normal_move,0.05,0.1,31.971728047589814,37.33966851375213,33.505701662376914,1.5339736147871008,12,2,1,right,0.024815578026752102,0.015633814156853824,9.114382634578552,0.003806644192872827,9.118189278771425,24,23
sparse,0.9,0.7,replacing,exponential,3,3000,46,15,7,1,right,right,-0.1,15,8,1,right,False,normal_move,0.05,0.1,31.971728047589814,37.33966851375213,33.505701662376914,1.5339736147871008,10,2,1,down,0.00984930291881791,0.006205060838855283,1.054069503575094,0.0015108570801512253,1.0555803606552452,24,23
sparse,0.9,0.7,replacing,exponential,3,3000,46,15,7,1,right,right,-0.1,15,8,1,right,False,normal_move,0.05,0.1,31.971728047589814,37.33966851375213,33.505701662376914,1.5339736147871008,11,2,1,down,0.015633814156853824,0.00984930291881791,7.5992507991703695,0.002398185841509881,7.601648985011879,24,23
sparse,0.9,0.7,replacing,exponential,3,3000,46,15,7,1,right,right,-0.1,15,8,1,right,False,normal_move,0.05,0.1,31.971728047589814,37.33966851375213,33.505701662376914,1.5339736147871008,12,3,1,down,0.03938980639167,0.024815578026752102,11.725866763671156,0.006042292369639408,11.731909056040795,24,23
sparse,0.9,0.7,replacing,exponential,3,3000,46,15,7,1,right,right,-0.1,15,8,1,right,False,normal_move,0.05,0.1,31.971728047589814,37.33966851375213,33.505701662376914,1.5339736147871008,13,3,1,right,0.062523502209,0.03938980639167,13.44850350509855,0.009590940269268902,13.45809444536782,24,23
sparse,0.9,0.7,replacing,exponential,3,3000,46,15,7,1,right,right,-0.1,15,8,1,right,False,normal_move,0.05,0.1,31.971728047589814,37.33966851375213,33.505701662376914,1.5339736147871008,13,4,1,down,0.09924365430000001,0.062523502209,15.939171929542939,0.015223714713125242,15.954395644256063,24,23
sparse,0.9,0.7,replacing,exponential,3,3000,46,15,7,1,right,right,-0.1,15,8,1,right,False,normal_move,0.05,0.1,31.971728047589814,37.33966851375213,33.505701662376914,1.5339736147871008,13,5,1,right,0.15752961000000001,0.09924365430000001,18.258139705722556,0.024164626528770224,18.282304332251325,24,23
sparse,0.9,0.7,replacing,exponential,3,3000,46,15,7,1,right,right,-0.1,15,8,1,right,False,normal_move,0.05,0.1,31.971728047589814,37.33966851375213,33.505701662376914,1.5339736147871008,13,6,1,down,0.250047,0.15752961000000001,20.920075395532805,0.03835655004566702,20.95843194557847,24,23
sparse,0.9,0.7,replacing,exponential,3,3000,46,15,7,1,right,right,-0.1,15,8,1,right,False,normal_move,0.05,0.1,31.971728047589814,37.33966851375213,33.505701662376914,1.5339736147871008,14,6,1,down,0.39690000000000003,0.250047,24.061805231586504,0.060883412770900036,24.122688644357403,24,23
sparse,0.9,0.7,replacing,exponential,3,3000,46,15,7,1,right,right,-0.1,15,8,1,right,False,normal_move,0.05,0.1,31.971728047589814,37.33966851375213,33.505701662376914,1.5339736147871008,15,6,1,right,0.63,0.39690000000000003,27.70193278723354,0.09664033773158735,27.798573124965127,24,23
sparse,0.9,0.7,replacing,exponential,3,3000,46,15,7,1,right,right,-0.1,15,8,1,right,False,normal_move,0.05,0.1,31.971728047589814,37.33966851375213,33.505701662376914,1.5339736147871008,15,7,1,right,1.0,0.63,31.971728047589814,0.15339736147871008,32.125125409068524,24,23
sparse,0.9,0.7,replacing,exponential,3,3000,47,15,8,1,right,right,-0.1,15,9,1,right,False,normal_move,0.05,0.1,37.33966851375213,41.98498823173689,37.686489408563205,0.34682089481107425,3,6,0,right,3.821156589287986e-06,2.4073286512514312e-06,2.3744650851044318,1.3252569475100917e-07,2.3744652176301266,24,24
sparse,0.9,0.7,replacing,exponential,3,3000,47,15,8,1,right,right,-0.1,15,9,1,right,False,normal_move,0.05,0.1,37.33966851375213,41.98498823173689,37.686489408563205,0.34682089481107425,3,7,0,right,6.06532791950474e-06,3.821156589287986e-06,2.8955190762920835,2.1035824563652252e-07,2.895519286650329,24,24
sparse,0.9,0.7,replacing,exponential,3,3000,47,15,8,1,right,right,-0.1,15,9,1,right,False,normal_move,0.05,0.1,37.33966851375213,41.98498823173689,37.686489408563205,0.34682089481107425,3,8,0,down,9.627504634134507e-06,6.06532791950474e-06,3.560585010304914,3.3390197720082936e-07,3.560585344206891,24,24
sparse,0.9,0.7,replacing,exponential,3,3000,47,15,8,1,right,right,-0.1,15,9,1,right,False,normal_move,0.05,0.1,37.33966851375213,41.98498823173689,37.686489408563205,0.34682089481107425,4,8,0,down,1.528175338751509e-05,9.627504634134507e-06,4.185716013787675,5.300031384140149e-07,4.1857165437908135,24,24
sparse,0.9,0.7,replacing,exponential,3,3000,47,15,8,1,right,right,-0.1,15,9,1,right,False,normal_move,0.05,0.1,37.33966851375213,41.98498823173689,37.686489408563205,0.34682089481107425,10,7,0,down,2.4256751408754113e-05,1.528175338751509e-05,5.383195303714604,8.412748228793887e-07,5.3831961449894274,24,24
sparse,0.9,0.7,replacing,exponential,3,3000,47,15,8,1,right,right,-0.1,15,9,1,right,False,normal_move,0.05,0.1,37.33966851375213,41.98498823173689,37.686489408563205,0.34682089481107425,11,7,0,down,3.850278001389542e-05,2.4256751408754113e-05,7.034691188110118,1.3353568617133155e-06,7.03469252346698,24,24
sparse,0.9,0.7,replacing,exponential,3,3000,47,15,8,1,right,right,-0.1,15,9,1,right,False,normal_move,0.05,0.1,37.33966851375213,41.98498823173689,37.686489408563205,0.34682089481107425,12,8,0,left,9.700876798663497e-05,6.111552383158003e-05,7.425098855812765,3.3644667717644633e-06,7.425102220279537,24,24
sparse,0.9,0.7,replacing,exponential,3,3000,47,15,8,1,right,right,-0.1,15,9,1,right,False,normal_move,0.05,0.1,37.33966851375213,41.98498823173689,37.686489408563205,0.34682089481107425,12,7,0,left,0.0001539821714073571,9.700876798663497e-05,8.627631720626857,5.34042344724518e-06,8.627637061050304,24,24
sparse,0.9,0.7,replacing,exponential,3,3000,47,15,8,1,right,right,-0.1,15,9,1,right,False,normal_move,0.05,0.1,37.33966851375213,41.98498823173689,37.686489408563205,0.34682089481107425,12,6,0,left,0.0003879621350651477,0.00024441614509104303,10.515875453456045,1.3455337483610936e-05,10.51588890879353,24,24
sparse,0.9,0.7,replacing,exponential,3,3000,47,15,8,1,right,right,-0.1,15,9,1,right,False,normal_move,0.05,0.1,37.33966851375213,41.98498823173689,37.686489408563205,0.34682089481107425,12,5,0,left,0.0006158129128018217,0.0003879621350651477,12.751095492372103,2.1357678545414185e-05,12.751116850050648,24,24
sparse,0.9,0.7,replacing,exponential,3,3000,47,15,8,1,right,right,-0.1,15,9,1,right,False,normal_move,0.05,0.1,37.33966851375213,41.98498823173689,37.686489408563205,0.34682089481107425,12,4,0,left,0.0009774808139711457,0.0006158129128018217,15.015408638356343,3.390107705621299e-05,15.0154425394334,24,24
sparse,0.9,0.7,replacing,exponential,3,3000,47,15,8,1,right,right,-0.1,15,9,1,right,False,normal_move,0.05,0.1,37.33966851375213,41.98498823173689,37.686489408563205,0.34682089481107425,12,3,0,left,0.001551556847573247,0.0009774808139711457,17.931480947516082,5.38112334225603e-05,17.931534758749503,24,24
sparse,0.9,0.7,replacing,exponential,3,3000,47,15,8,1,right,right,-0.1,15,9,1,right,False,normal_move,0.05,0.1,37.33966851375213,41.98498823173689,37.686489408563205,0.34682089481107425,12,2,1,right,0.015633814156853824,0.00984930291881791,9.118189278771425,0.0005422133415190083,9.118731492112945,24,24
sparse,0.9,0.7,replacing,exponential,3,3000,47,15,8,1,right,right,-0.1,15,9,1,right,False,normal_move,0.05,0.1,37.33966851375213,41.98498823173689,37.686489408563205,0.34682089481107425,10,2,1,down,0.006205060838855283,0.003909188328478828,1.0555803606552452,0.00021520447524889442,1.055795565130494,24,24
sparse,0.9,0.7,replacing,exponential,3,3000,47,15,8,1,right,right,-0.1,15,9,1,right,False,normal_move,0.05,0.1,37.33966851375213,41.98498823173689,37.686489408563205,0.34682089481107425,11,2,1,down,0.00984930291881791,0.006205060838855283,7.601648985011879,0.00034159440515697527,7.601990579417036,24,24
sparse,0.9,0.7,replacing,exponential,3,3000,47,15,8,1,right,right,-0.1,15,9,1,right,False,normal_move,0.05,0.1,37.33966851375213,41.98498823173689,37.686489408563205,0.34682089481107425,12,3,1,down,0.024815578026752102,0.015633814156853824,11.731909056040795,0.0008606560976492196,11.732769712138444,24,24
sparse,0.9,0.7,replacing,exponential,3,3000,47,15,8,1,right,right,-0.1,15,9,1,right,False,normal_move,0.05,0.1,37.33966851375213,41.98498823173689,37.686489408563205,0.34682089481107425,13,3,1,right,0.03938980639167,0.024815578026752102,13.45809444536782,0.0013661207899193961,13.45946056615774,24,24
sparse,0.9,0.7,replacing,exponential,3,3000,47,15,8,1,right,right,-0.1,15,9,1,right,False,normal_move,0.05,0.1,37.33966851375213,41.98498823173689,37.686489408563205,0.34682089481107425,13,4,1,down,0.062523502209,0.03938980639167,15.954395644256063,0.0021684456982847557,15.956564089954348,24,24
sparse,0.9,0.7,replacing,exponential,3,3000,47,15,8,1,right,right,-0.1,15,9,1,right,False,normal_move,0.05,0.1,37.33966851375213,41.98498823173689,37.686489408563205,0.34682089481107425,13,5,1,right,0.09924365430000001,0.062523502209,18.282304332251325,0.003441977298864692,18.28574630955019,24,24
sparse,0.9,0.7,replacing,exponential,3,3000,47,15,8,1,right,right,-0.1,15,9,1,right,False,normal_move,0.05,0.1,37.33966851375213,41.98498823173689,37.686489408563205,0.34682089481107425,13,6,1,down,0.15752961000000001,0.09924365430000001,20.95843194557847,0.0054634560299439555,20.963895401608415,24,24
sparse,0.9,0.7,replacing,exponential,3,3000,47,15,8,1,right,right,-0.1,15,9,1,right,False,normal_move,0.05,0.1,37.33966851375213,41.98498823173689,37.686489408563205,0.34682089481107425,14,6,1,down,0.250047,0.15752961000000001,24.122688644357403,0.008672152428482469,24.131360796785884,24,24
sparse,0.9,0.7,replacing,exponential,3,3000,47,15,8,1,right,right,-0.1,15,9,1,right,False,normal_move,0.05,0.1,37.33966851375213,41.98498823173689,37.686489408563205,0.34682089481107425,15,6,1,right,0.39690000000000003,0.250047,27.798573124965127,0.013765321315051537,27.81233844628018,24,24
sparse,0.9,0.7,replacing,exponential,3,3000,47,15,8,1,right,right,-0.1,15,9,1,right,False,normal_move,0.05,0.1,37.33966851375213,41.98498823173689,37.686489408563205,0.34682089481107425,15,7,1,right,0.63,0.39690000000000003,32.125125409068524,0.021849716373097676,32.14697512544162,24,24
sparse,0.9,0.7,replacing,exponential,3,3000,47,15,8,1,right,right,-0.1,15,9,1,right,False,normal_move,0.05,0.1,37.33966851375213,41.98498823173689,37.686489408563205,0.34682089481107425,15,8,1,right,1.0,0.63,37.33966851375213,0.034682089481107424,37.37435060323324,24,24
sparse,0.9,0.7,replacing,exponential,3,3000,48,15,9,1,right,right,-0.1,15,10,1,right,False,normal_move,0.05,0.1,41.98498823173689,49.456068270635214,44.41046144357169,2.425473211834799,3,6,0,right,2.4073286512514312e-06,1.5166170502884016e-06,2.3744652176301266,5.838911155692743e-07,2.374465801521242,25,25
sparse,0.9,0.7,replacing,exponential,3,3000,48,15,9,1,right,right,-0.1,15,10,1,right,False,normal_move,0.05,0.1,41.98498823173689,49.456068270635214,44.41046144357169,2.425473211834799,3,7,0,right,3.821156589287986e-06,2.4073286512514312e-06,2.895519286650329,9.268112945544037e-07,2.8955202134616234,25,25
sparse,0.9,0.7,replacing,exponential,3,3000,48,15,9,1,right,right,-0.1,15,10,1,right,False,normal_move,0.05,0.1,41.98498823173689,49.456068270635214,44.41046144357169,2.425473211834799,3,8,0,down,6.06532791950474e-06,3.821156589287986e-06,3.560585344206891,1.471129038975244e-06,3.56058681533593,25,25
sparse,0.9,0.7,replacing,exponential,3,3000,48,15,9,1,right,right,-0.1,15,10,1,right,False,normal_move,0.05,0.1,41.98498823173689,49.456068270635214,44.41046144357169,2.425473211834799,4,8,0,down,9.627504634134507e-06,6.06532791950474e-06,4.1857165437908135,2.3351254586908635e-06,4.185718878916272,25,25
sparse,0.9,0.7,replacing,exponential,3,3000,48,15,9,1,right,right,-0.1,15,10,1,right,False,normal_move,0.05,0.1,41.98498823173689,49.456068270635214,44.41046144357169,2.425473211834799,10,7,0,down,1.528175338751509e-05,9.627504634134507e-06,5.3831961449894274,3.7065483471283544e-06,5.383199851537775,25,25
sparse,0.9,0.7,replacing,exponential,3,3000,48,15,9,1,right,right,-0.1,15,10,1,right,False,normal_move,0.05,0.1,41.98498823173689,49.456068270635214,44.41046144357169,2.425473211834799,11,7,0,down,2.4256751408754113e-05,1.528175338751509e-05,7.03469252346698,5.883410074806912e-06,7.034698406877054,25,25
sparse,0.9,0.7,replacing,exponential,3,3000,48,15,9,1,right,right,-0.1,15,10,1,right,False,normal_move,0.05,0.1,41.98498823173689,49.456068270635214,44.41046144357169,2.425473211834799,12,8,0,left,6.111552383158003e-05,3.850278001389542e-05,7.425102220279537,1.482340658807486e-05,7.425117043686125,25,25
sparse,0.9,0.7,replacing,exponential,3,3000,48,15,9,1,right,right,-0.1,15,10,1,right,False,normal_move,0.05,0.1,41.98498823173689,49.456068270635214,44.41046144357169,2.425473211834799,12,7,0,left,9.700876798663497e-05,6.111552383158003e-05,8.627637061050304,2.3529216806468033e-05,8.62766059026711,25,25
sparse,0.9,0.7,replacing,exponential,3,3000,48,15,9,1,right,right,-0.1,15,10,1,right,False,normal_move,0.05,0.1,41.98498823173689,49.456068270635214,44.41046144357169,2.425473211834799,12,6,0,left,0.00024441614509104303,0.0001539821714073571,10.51588890879353,5.928248124582523e-05,10.515948191274775,25,25
sparse,0.9,0.7,replacing,exponential,3,3000,48,15,9,1,right,right,-0.1,15,10,1,right,False,normal_move,0.05,0.1,41.98498823173689,49.456068270635214,44.41046144357169,2.425473211834799,12,5,0,left,0.0003879621350651477,0.00024441614509104303,12.751116850050648,9.409917658067498e-05,12.751210949227229,25,25
sparse,0.9,0.7,replacing,exponential,3,3000,48,15,9,1,right,right,-0.1,15,10,1,right,False,normal_move,0.05,0.1,41.98498823173689,49.456068270635214,44.41046144357169,2.425473211834799,12,4,0,left,0.0006158129128018217,0.0003879621350651477,15.0154425394334,0.00014936377235027774,15.015591903205749,25,25
sparse,0.9,0.7,replacing,exponential,3,3000,48,15,9,1,right,right,-0.1,15,10,1,right,False,normal_move,0.05,0.1,41.98498823173689,49.456068270635214,44.41046144357169,2.425473211834799,12,3,0,left,0.0009774808139711457,0.0006158129128018217,17.931534758749503,0.00023708535293694882,17.93177184410244,25,25
sparse,0.9,0.7,replacing,exponential,3,3000,48,15,9,1,right,right,-0.1,15,10,1,right,False,normal_move,0.05,0.1,41.98498823173689,49.456068270635214,44.41046144357169,2.425473211834799,12,2,1,right,0.00984930291881791,0.006205060838855283,9.118731492112945,0.0023889220384839135,9.121120414151429,25,25
sparse,0.9,0.7,replacing,exponential,3,3000,48,15,9,1,right,right,-0.1,15,10,1,right,False,normal_move,0.05,0.1,41.98498823173689,49.456068270635214,44.41046144357169,2.425473211834799,10,2,1,down,0.003909188328478828,0.0024627886469416617,1.055795565130494,0.0009481631570742653,1.0567437282875682,25,25
sparse,0.9,0.7,replacing,exponential,3,3000,48,15,9,1,right,right,-0.1,15,10,1,right,False,normal_move,0.05,0.1,41.98498823173689,49.456068270635214,44.41046144357169,2.425473211834799,11,2,1,down,0.006205060838855283,0.003909188328478828,7.601990579417036,0.0015050208842448654,7.60349560030128,25,25
sparse,0.9,0.7,replacing,exponential,3,3000,48,15,9,1,right,right,-0.1,15,10,1,right,False,normal_move,0.05,0.1,41.98498823173689,49.456068270635214,44.41046144357169,2.425473211834799,12,3,1,down,0.015633814156853824,0.00984930291881791,11.732769712138444,0.0037919397436252593,11.736561651882068,25,25
sparse,0.9,0.7,replacing,exponential,3,3000,48,15,9,1,right,right,-0.1,15,10,1,right,False,normal_move,0.05,0.1,41.98498823173689,49.456068270635214,44.41046144357169,2.425473211834799,13,3,1,right,0.024815578026752102,0.015633814156853824,13.45946056615774,0.006018951974008348,13.465479518131747,25,25
sparse,0.9,0.7,replacing,exponential,3,3000,48,15,9,1,right,right,-0.1,15,10,1,right,False,normal_move,0.05,0.1,41.98498823173689,49.456068270635214,44.41046144357169,2.425473211834799,13,4,1,down,0.03938980639167,0.024815578026752102,15.956564089954348,0.009553892022235472,15.966117981976584,25,25
sparse,0.9,0.7,replacing,exponential,3,3000,48,15,9,1,right,right,-0.1,15,10,1,right,False,normal_move,0.05,0.1,41.98498823173689,49.456068270635214,44.41046144357169,2.425473211834799,13,5,1,right,0.062523502209,0.03938980639167,18.28574630955019,0.015164907971802338,18.300911217521993,25,25
sparse,0.9,0.7,replacing,exponential,3,3000,48,15,9,1,right,right,-0.1,15,10,1,right,False,normal_move,0.05,0.1,41.98498823173689,49.456068270635214,44.41046144357169,2.425473211834799,13,6,1,down,0.09924365430000001,0.062523502209,20.963895401608415,0.024071282494924347,20.987966684103338,25,25
sparse,0.9,0.7,replacing,exponential,3,3000,48,15,9,1,right,right,-0.1,15,10,1,right,False,normal_move,0.05,0.1,41.98498823173689,49.456068270635214,44.41046144357169,2.425473211834799,14,6,1,down,0.15752961000000001,0.09924365430000001,24.131360796785884,0.03820838491257833,24.169569181698463,25,25
sparse,0.9,0.7,replacing,exponential,3,3000,48,15,9,1,right,right,-0.1,15,10,1,right,False,normal_move,0.05,0.1,41.98498823173689,49.456068270635214,44.41046144357169,2.425473211834799,15,6,1,right,0.250047,0.15752961000000001,27.81233844628018,0.060648230019965596,27.872986676300144,25,25
sparse,0.9,0.7,replacing,exponential,3,3000,48,15,9,1,right,right,-0.1,15,10,1,right,False,normal_move,0.05,0.1,41.98498823173689,49.456068270635214,44.41046144357169,2.425473211834799,15,7,1,right,0.39690000000000003,0.250047,32.14697512544162,0.09626703177772317,32.24324215721934,25,25
sparse,0.9,0.7,replacing,exponential,3,3000,48,15,9,1,right,right,-0.1,15,10,1,right,False,normal_move,0.05,0.1,41.98498823173689,49.456068270635214,44.41046144357169,2.425473211834799,15,8,1,right,0.63,0.39690000000000003,37.37435060323324,0.15280481234559232,37.52715541557883,25,25
sparse,0.9,0.7,replacing,exponential,3,3000,48,15,9,1,right,right,-0.1,15,10,1,right,False,normal_move,0.05,0.1,41.98498823173689,49.456068270635214,44.41046144357169,2.425473211834799,15,9,1,right,1.0,0.63,41.98498823173689,0.24254732118347988,42.22753555292037,25,25
sparse,0.9,0.7,replacing,exponential,3,3000,49,15,10,1,right,right,-0.1,15,11,1,right,False,normal_move,0.05,0.1,49.456068270635214,61.05554129177921,54.84998716260129,5.393918891966074,3,6,0,right,1.5166170502884016e-06,0.0,2.374465801521242,8.180509359428471e-07,2.374466619572178,26,25
sparse,0.9,0.7,replacing,exponential,3,3000,49,15,10,1,right,right,-0.1,15,11,1,right,False,normal_move,0.05,0.1,49.456068270635214,61.05554129177921,54.84998716260129,5.393918891966074,3,7,0,right,2.4073286512514312e-06,1.5166170502884016e-06,2.8955202134616234,1.2984935491156303e-06,2.8955215119551725,26,25
sparse,0.9,0.7,replacing,exponential,3,3000,49,15,10,1,right,right,-0.1,15,11,1,right,False,normal_move,0.05,0.1,49.456068270635214,61.05554129177921,54.84998716260129,5.393918891966074,3,8,0,down,3.821156589287986e-06,2.4073286512514312e-06,3.56058681533593,2.0611008716121117e-06,3.560588876436802,26,25
sparse,0.9,0.7,replacing,exponential,3,3000,49,15,10,1,right,right,-0.1,15,11,1,right,False,normal_move,0.05,0.1,49.456068270635214,61.05554129177921,54.84998716260129,5.393918891966074,4,8,0,down,6.06532791950474e-06,3.821156589287986e-06,4.185718878916272,3.27158868509859e-06,4.185722150504957,26,25
sparse,0.9,0.7,replacing,exponential,3,3000,49,15,10,1,right,right,-0.1,15,11,1,right,False,normal_move,0.05,0.1,49.456068270635214,61.05554129177921,54.84998716260129,5.393918891966074,10,7,0,down,9.627504634134507e-06,6.06532791950474e-06,5.383199851537775,5.1929979128549046e-06,5.383205044535687,26,25
sparse,0.9,0.7,replacing,exponential,3,3000,49,15,10,1,right,right,-0.1,15,11,1,right,False,normal_move,0.05,0.1,49.456068270635214,61.05554129177921,54.84998716260129,5.393918891966074,11,7,0,down,1.528175338751509e-05,9.627504634134507e-06,7.034698406877054,8.24285382992842e-06,7.034706649730884,26,25
sparse,0.9,0.7,replacing,exponential,3,3000,49,15,10,1,right,right,-0.1,15,11,1,right,False,normal_move,0.05,0.1,49.456068270635214,61.05554129177921,54.84998716260129,5.393918891966074,12,8,0,left,3.850278001389542e-05,2.4256751408754113e-05,7.425117043686125,2.0768087251016428e-05,7.425137811773376,26,25
sparse,0.9,0.7,replacing,exponential,3,3000,49,15,10,1,right,right,-0.1,15,11,1,right,False,normal_move,0.05,0.1,49.456068270635214,61.05554129177921,54.84998716260129,5.393918891966074,12,7,0,left,6.111552383158003e-05,3.850278001389542e-05,8.62766059026711,3.2965217858756236e-05,8.627693555484969,26,25
sparse,0.9,0.7,replacing,exponential,3,3000,49,15,10,1,right,right,-0.1,15,11,1,right,False,normal_move,0.05,0.1,49.456068270635214,61.05554129177921,54.84998716260129,5.393918891966074,12,6,0,left,0.0001539821714073571,9.700876798663497e-05,10.515948191274775,8.305673433801017e-05,10.516031248009114,26,25
sparse,0.9,0.7,replacing,exponential,3,3000,49,15,10,1,right,right,-0.1,15,11,1,right,False,normal_move,0.05,0.1,49.456068270635214,61.05554129177921,54.84998716260129,5.393918891966074,12,5,0,left,0.00024441614509104303,0.0001539821714073571,12.751210949227229,0.0001318360862508098,12.75134278531348,26,25
sparse,0.9,0.7,replacing,exponential,3,3000,49,15,10,1,right,right,-0.1,15,11,1,right,False,normal_move,0.05,0.1,49.456068270635214,61.05554129177921,54.84998716260129,5.393918891966074,12,4,0,left,0.0003879621350651477,0.00024441614509104303,15.015591903205749,0.00020926362896953938,15.015801166834718,26,25
sparse,0.9,0.7,replacing,exponential,3,3000,49,15,10,1,right,right,-0.1,15,11,1,right,False,normal_move,0.05,0.1,49.456068270635214,61.05554129177921,54.84998716260129,5.393918891966074,12,3,0,left,0.0006158129128018217,0.0003879621350651477,17.93177184410244,0.0003321644904278403,17.932104008592866,26,25
sparse,0.9,0.7,replacing,exponential,3,3000,49,15,10,1,right,right,-0.1,15,11,1,right,False,normal_move,0.05,0.1,49.456068270635214,61.05554129177921,54.84998716260129,5.393918891966074,12,2,1,right,0.006205060838855283,0.003909188328478828,9.121120414151429,0.0033469594884500365,9.12446737363988,26,25
sparse,0.9,0.7,replacing,exponential,3,3000,49,15,10,1,right,right,-0.1,15,11,1,right,False,normal_move,0.05,0.1,49.456068270635214,61.05554129177921,54.84998716260129,5.393918891966074,10,2,1,down,0.0024627886469416617,0.001551556847573247,1.0567437282875682,0.0013284082209658195,1.0580721365085342,26,25
sparse,0.9,0.7,replacing,exponential,3,3000,49,15,10,1,right,right,-0.1,15,11,1,right,False,normal_move,0.05,0.1,49.456068270635214,61.05554129177921,54.84998716260129,5.393918891966074,11,2,1,down,0.003909188328478828,0.0024627886469416617,7.60349560030128,0.0021085844777235232,7.605604184779004,26,25
sparse,0.9,0.7,replacing,exponential,3,3000,49,15,10,1,right,right,-0.1,15,11,1,right,False,normal_move,0.05,0.1,49.456068270635214,61.05554129177921,54.84998716260129,5.393918891966074,12,3,1,down,0.00984930291881791,0.006205060838855283,11.736561651882068,0.005312634108650852,11.741874285990718,26,25
sparse,0.9,0.7,replacing,exponential,3,3000,49,15,10,1,right,right,-0.1,15,11,1,right,False,normal_move,0.05,0.1,49.456068270635214,61.05554129177921,54.84998716260129,5.393918891966074,13,3,1,right,0.015633814156853824,0.00984930291881791,13.465479518131747,0.00843275255341405,13.473912270685162,26,25
sparse,0.9,0.7,replacing,exponential,3,3000,49,15,10,1,right,right,-0.1,15,11,1,right,False,normal_move,0.05,0.1,49.456068270635214,61.05554129177921,54.84998716260129,5.393918891966074,13,4,1,down,0.024815578026752102,0.015633814156853824,15.966117981976584,0.013385321513355636,15.97950330348994,26,25
sparse,0.9,0.7,replacing,exponential,3,3000,49,15,10,1,right,right,-0.1,15,11,1,right,False,normal_move,0.05,0.1,49.456068270635214,61.05554129177921,54.84998716260129,5.393918891966074,13,5,1,right,0.03938980639167,0.024815578026752102,18.300911217521993,0.021246542084691483,18.322157759606686,26,25
sparse,0.9,0.7,replacing,exponential,3,3000,49,15,10,1,right,right,-0.1,15,11,1,right,False,normal_move,0.05,0.1,49.456068270635214,61.05554129177921,54.84998716260129,5.393918891966074,13,6,1,down,0.062523502209,0.03938980639167,20.987966684103338,0.03372466997570077,21.02169135407904,26,25
sparse,0.9,0.7,replacing,exponential,3,3000,49,15,10,1,right,right,-0.1,15,11,1,right,False,normal_move,0.05,0.1,49.456068270635214,61.05554129177921,54.84998716260129,5.393918891966074,14,6,1,down,0.09924365430000001,0.062523502209,24.169569181698463,0.053531222183652014,24.223100403882114,26,25
sparse,0.9,0.7,replacing,exponential,3,3000,49,15,10,1,right,right,-0.1,15,11,1,right,False,normal_move,0.05,0.1,49.456068270635214,61.05554129177921,54.84998716260129,5.393918891966074,15,6,1,right,0.15752961000000001,0.09924365430000001,27.872986676300144,0.08497019394230479,27.957956870242448,26,25
sparse,0.9,0.7,replacing,exponential,3,3000,49,15,10,1,right,right,-0.1,15,11,1,right,False,normal_move,0.05,0.1,49.456068270635214,61.05554129177921,54.84998716260129,5.393918891966074,15,7,1,right,0.250047,0.15752961000000001,32.24324215721934,0.1348733237179441,32.37811548093729,26,25
sparse,0.9,0.7,replacing,exponential,3,3000,49,15,10,1,right,right,-0.1,15,11,1,right,False,normal_move,0.05,0.1,49.456068270635214,61.05554129177921,54.84998716260129,5.393918891966074,15,8,1,right,0.39690000000000003,0.250047,37.52715541557883,0.2140846408221335,37.74124005640097,26,25
sparse,0.9,0.7,replacing,exponential,3,3000,49,15,10,1,right,right,-0.1,15,11,1,right,False,normal_move,0.05,0.1,49.456068270635214,61.05554129177921,54.84998716260129,5.393918891966074,15,9,1,right,0.63,0.39690000000000003,42.22753555292037,0.3398168901938627,42.56735244311424,26,25
sparse,0.9,0.7,replacing,exponential,3,3000,49,15,10,1,right,right,-0.1,15,11,1,right,False,normal_move,0.05,0.1,49.456068270635214,61.05554129177921,54.84998716260129,5.393918891966074,15,10,1,right,1.0,0.63,49.456068270635214,0.5393918891966074,49.99546015983182,26,25
sparse,0.9,0.7,replacing,exponential,3,3000,50,15,11,1,right,down,-0.1,16,11,1,right,False,normal_move,0.05,0.1,61.05554129177921,56.73996175404403,50.965965578639626,-10.089575713139581,3,7,0,right,1.5166170502884016e-06,0.0,2.8955215119551725,-1.530202255672325e-06,2.895519981752917,26,25
sparse,0.9,0.7,replacing,exponential,3,3000,50,15,11,1,right,down,-0.1,16,11,1,right,False,normal_move,0.05,0.1,61.05554129177921,56.73996175404403,50.965965578639626,-10.089575713139581,3,8,0,down,2.4073286512514312e-06,1.5166170502884016e-06,3.560588876436802,-2.4288924693211507e-06,3.5605864475443325,26,25
sparse,0.9,0.7,replacing,exponential,3,3000,50,15,11,1,right,down,-0.1,16,11,1,right,False,normal_move,0.05,0.1,61.05554129177921,56.73996175404403,50.965965578639626,-10.089575713139581,4,8,0,down,3.821156589287986e-06,2.4073286512514312e-06,4.185722150504957,-3.855384871938335e-06,4.185718295120085,26,25
sparse,0.9,0.7,replacing,exponential,3,3000,50,15,11,1,right,down,-0.1,16,11,1,right,False,normal_move,0.05,0.1,61.05554129177921,56.73996175404403,50.965965578639626,-10.089575713139581,10,7,0,down,6.06532791950474e-06,3.821156589287986e-06,5.383205044535687,-6.119658526886245e-06,5.383198924877161,26,25
sparse,0.9,0.7,replacing,exponential,3,3000,50,15,11,1,right,down,-0.1,16,11,1,right,False,normal_move,0.05,0.1,61.05554129177921,56.73996175404403,50.965965578639626,-10.089575713139581,11,7,0,down,9.627504634134507e-06,6.06532791950474e-06,7.034706649730884,-9.71374369347023e-06,7.03469693598719,26,25
sparse,0.9,0.7,replacing,exponential,3,3000,50,15,11,1,right,down,-0.1,16,11,1,right,False,normal_move,0.05,0.1,61.05554129177921,56.73996175404403,50.965965578639626,-10.089575713139581,12,8,0,left,2.4256751408754113e-05,1.528175338751509e-05,7.425137811773376,-2.4474032989342984e-05,7.425113337740386,26,25
sparse,0.9,0.7,replacing,exponential,3,3000,50,15,11,1,right,down,-0.1,16,11,1,right,False,normal_move,0.05,0.1,61.05554129177921,56.73996175404403,50.965965578639626,-10.089575713139581,12,7,0,left,3.850278001389542e-05,2.4256751408754113e-05,8.627693555484969,-3.884767141165553e-05,8.627654707813557,26,25
sparse,0.9,0.7,replacing,exponential,3,3000,50,15,11,1,right,down,-0.1,16,11,1,right,False,normal_move,0.05,0.1,61.05554129177921,56.73996175404403,50.965965578639626,-10.089575713139581,12,6,0,left,9.700876798663497e-05,6.111552383158003e-05,10.516031248009114,-9.787773094395448e-05,10.51593337027817,26,25
sparse,0.9,0.7,replacing,exponential,3,3000,50,15,11,1,right,down,-0.1,16,11,1,right,False,normal_move,0.05,0.1,61.05554129177921,56.73996175404403,50.965965578639626,-10.089575713139581,12,5,0,left,0.0001539821714073571,9.700876798663497e-05,12.75134278531348,-0.00015536147768881664,12.751187423835791,26,25
sparse,0.9,0.7,replacing,exponential,3,3000,50,15,11,1,right,down,-0.1,16,11,1,right,False,normal_move,0.05,0.1,61.05554129177921,56.73996175404403,50.965965578639626,-10.089575713139581,12,4,0,left,0.00024441614509104303,0.0001539821714073571,15.015801166834718,-0.0002466055201409788,15.015554561314577,26,25
sparse,0.9,0.7,replacing,exponential,3,3000,50,15,11,1,right,down,-0.1,16,11,1,right,False,normal_move,0.05,0.1,61.05554129177921,56.73996175404403,50.965965578639626,-10.089575713139581,12,3,0,left,0.0003879621350651477,0.00024441614509104303,17.932104008592866,-0.00039143733355710925,17.931712571259308,26,25
sparse,0.9,0.7,replacing,exponential,3,3000,50,15,11,1,right,down,-0.1,16,11,1,right,False,normal_move,0.05,0.1,61.05554129177921,56.73996175404403,50.965965578639626,-10.089575713139581,12,2,1,right,0.003909188328478828,0.0024627886469416617,9.12446737363988,-0.0039442051617108705,9.120523168478169,26,25
sparse,0.9,0.7,replacing,exponential,3,3000,50,15,11,1,right,down,-0.1,16,11,1,right,False,normal_move,0.05,0.1,61.05554129177921,56.73996175404403,50.965965578639626,-10.089575713139581,10,2,1,down,0.001551556847573247,0.0009774808139711457,1.0580721365085342,-0.0015654550286830445,1.0565066814798512,26,25
sparse,0.9,0.7,replacing,exponential,3,3000,50,15,11,1,right,down,-0.1,16,11,1,right,False,normal_move,0.05,0.1,61.05554129177921,56.73996175404403,50.965965578639626,-10.089575713139581,11,2,1,down,0.0024627886469416617,0.001551556847573247,7.605604184779004,-0.0024848492518778484,7.6031193355271265,26,25
sparse,0.9,0.7,replacing,exponential,3,3000,50,15,11,1,right,down,-0.1,16,11,1,right,False,normal_move,0.05,0.1,61.05554129177921,56.73996175404403,50.965965578639626,-10.089575713139581,12,3,1,down,0.006205060838855283,0.003909188328478828,11.741874285990718,-0.0062606431138267785,11.735613642876892,26,25
sparse,0.9,0.7,replacing,exponential,3,3000,50,15,11,1,right,down,-0.1,16,11,1,right,False,normal_move,0.05,0.1,61.05554129177921,56.73996175404403,50.965965578639626,-10.089575713139581,13,3,1,right,0.00984930291881791,0.006205060838855283,13.473912270685162,-0.009937528752105998,13.463974741933056,26,25
sparse,0.9,0.7,replacing,exponential,3,3000,50,15,11,1,right,down,-0.1,16,11,1,right,False,normal_move,0.05,0.1,61.05554129177921,56.73996175404403,50.965965578639626,-10.089575713139581,13,4,1,down,0.015633814156853824,0.00984930291881791,15.97950330348994,-0.01577385516207301,15.963729448327866,26,25
sparse,0.9,0.7,replacing,exponential,3,3000,50,15,11,1,right,down,-0.1,16,11,1,right,False,normal_move,0.05,0.1,61.05554129177921,56.73996175404403,50.965965578639626,-10.089575713139581,13,5,1,right,0.024815578026752102,0.015633814156853824,18.322157759606686,-0.02503786533662383,18.29711989427006,26,25
sparse,0.9,0.7,replacing,exponential,3,3000,50,15,11,1,right,down,-0.1,16,11,1,right,False,normal_move,0.05,0.1,61.05554129177921,56.73996175404403,50.965965578639626,-10.089575713139581,13,6,1,down,0.03938980639167,0.024815578026752102,21.02169135407904,-0.039742643391466395,20.981948710687572,26,25
sparse,0.9,0.7,replacing,exponential,3,3000,50,15,11,1,right,down,-0.1,16,11,1,right,False,normal_move,0.05,0.1,61.05554129177921,56.73996175404403,50.965965578639626,-10.089575713139581,14,6,1,down,0.062523502209,0.03938980639167,24.223100403882114,-0.06308356093883555,24.16001684294328,26,25
sparse,0.9,0.7,replacing,exponential,3,3000,50,15,11,1,right,down,-0.1,16,11,1,right,False,normal_move,0.05,0.1,61.05554129177921,56.73996175404403,50.965965578639626,-10.089575713139581,15,6,1,right,0.09924365430000001,0.062523502209,27.957956870242448,-0.10013263641085009,27.857824233831597,26,25
sparse,0.9,0.7,replacing,exponential,3,3000,50,15,11,1,right,down,-0.1,16,11,1,right,False,normal_move,0.05,0.1,61.05554129177921,56.73996175404403,50.965965578639626,-10.089575713139581,15,7,1,right,0.15752961000000001,0.09924365430000001,32.37811548093729,-0.15894069271563505,32.21917478822166,26,25
sparse,0.9,0.7,replacing,exponential,3,3000,50,15,11,1,right,down,-0.1,16,11,1,right,False,normal_move,0.05,0.1,61.05554129177921,56.73996175404403,50.965965578639626,-10.089575713139581,15,8,1,right,0.250047,0.15752961000000001,37.74124005640097,-0.2522868138343413,37.48895324256663,26,25
sparse,0.9,0.7,replacing,exponential,3,3000,50,15,11,1,right,down,-0.1,16,11,1,right,False,normal_move,0.05,0.1,61.05554129177921,56.73996175404403,50.965965578639626,-10.089575713139581,15,9,1,right,0.39690000000000003,0.250047,42.56735244311424,-0.40045526005451004,42.16689718305973,26,25
sparse,0.9,0.7,replacing,exponential,3,3000,50,15,11,1,right,down,-0.1,16,11,1,right,False,normal_move,0.05,0.1,61.05554129177921,56.73996175404403,50.965965578639626,-10.089575713139581,15,10,1,right,0.63,0.39690000000000003,49.99546015983182,-0.6356432699277937,49.35981688990403,26,25
sparse,0.9,0.7,replacing,exponential,3,3000,50,15,11,1,right,down,-0.1,16,11,1,right,False,normal_move,0.05,0.1,61.05554129177921,56.73996175404403,50.965965578639626,-10.089575713139581,15,11,1,right,1.0,0.63,61.05554129177921,-1.0089575713139582,60.04658372046525,26,25
sparse,0.9,0.7,replacing,exponential,3,3000,51,16,11,1,right,right,-0.1,16,12,1,right,False,normal_move,0.05,0.1,56.73996175404403,65.82998751213066,59.146988760917594,2.4070270068735624,3,8,0,down,1.5166170502884016e-06,0.0,3.5605864475443325,3.6505381991291023e-07,3.5605868125981526,26,25
sparse,0.9,0.7,replacing,exponential,3,3000,51,16,11,1,right,right,-0.1,16,12,1,right,False,normal_move,0.05,0.1,56.73996175404403,65.82998751213066,59.146988760917594,2.4070270068735624,4,8,0,down,2.4073286512514312e-06,1.5166170502884016e-06,4.185718295120085,5.794505077982703e-07,4.185718874570593,26,25
sparse,0.9,0.7,replacing,exponential,3,3000,51,16,11,1,right,right,-0.1,16,12,1,right,False,normal_move,0.05,0.1,56.73996175404403,65.82998751213066,59.146988760917594,2.4070270068735624,10,7,0,down,3.821156589287986e-06,2.4073286512514312e-06,5.383198924877161,9.197627107909052e-07,5.383199844639871,26,25
sparse,0.9,0.7,replacing,exponential,3,3000,51,16,11,1,right,right,-0.1,16,12,1,right,False,normal_move,0.05,0.1,56.73996175404403,65.82998751213066,59.146988760917594,2.4070270068735624,11,7,0,down,6.06532791950474e-06,3.821156589287986e-06,7.03469693598719,1.4599408107792146e-06,7.034698395928001,26,25
sparse,0.9,0.7,replacing,exponential,3,3000,51,16,11,1,right,right,-0.1,16,12,1,right,False,normal_move,0.05,0.1,56.73996175404403,65.82998751213066,59.146988760917594,2.4070270068735624,12,8,0,left,1.528175338751509e-05,9.627504634134507e-06,7.425113337740386,3.6783593116130372e-06,7.425117016099698,26,25
sparse,0.9,0.7,replacing,exponential,3,3000,51,16,11,1,right,right,-0.1,16,12,1,right,False,normal_move,0.05,0.1,56.73996175404403,65.82998751213066,59.146988760917594,2.4070270068735624,12,7,0,left,2.4256751408754113e-05,1.528175338751509e-05,8.627654707813557,5.838665573988948e-06,8.627660546479131,26,25
sparse,0.9,0.7,replacing,exponential,3,3000,51,16,11,1,right,right,-0.1,16,12,1,right,False,normal_move,0.05,0.1,56.73996175404403,65.82998751213066,59.146988760917594,2.4070270068735624,12,6,0,left,6.111552383158003e-05,3.850278001389542e-05,10.51593337027817,1.4710671640183795e-05,10.51594808094981,26,25
sparse,0.9,0.7,replacing,exponential,3,3000,51,16,11,1,right,right,-0.1,16,12,1,right,False,normal_move,0.05,0.1,56.73996175404403,65.82998751213066,59.146988760917594,2.4070270068735624,12,5,0,left,9.700876798663497e-05,6.111552383158003e-05,12.751187423835791,2.3350272444736183e-05,12.751210774108236,26,25
sparse,0.9,0.7,replacing,exponential,3,3000,51,16,11,1,right,right,-0.1,16,12,1,right,False,normal_move,0.05,0.1,56.73996175404403,65.82998751213066,59.146988760917594,2.4070270068735624,12,4,0,left,0.0001539821714073571,9.700876798663497e-05,15.015554561314577,3.7063924515454265e-05,15.015591625239093,26,25
sparse,0.9,0.7,replacing,exponential,3,3000,51,16,11,1,right,right,-0.1,16,12,1,right,False,normal_move,0.05,0.1,56.73996175404403,65.82998751213066,59.146988760917594,2.4070270068735624,12,3,0,left,0.00024441614509104303,0.0001539821714073571,17.931712571259308,5.883162621500677e-05,17.931771402885524,26,25
sparse,0.9,0.7,replacing,exponential,3,3000,51,16,11,1,right,right,-0.1,16,12,1,right,False,normal_move,0.05,0.1,56.73996175404403,65.82998751213066,59.146988760917594,2.4070270068735624,12,2,1,right,0.0024627886469416617,0.001551556847573247,9.120523168478169,0.0005927998785410179,9.12111596835671,26,25
sparse,0.9,0.7,replacing,exponential,3,3000,51,16,11,1,right,right,-0.1,16,12,1,right,False,normal_move,0.05,0.1,56.73996175404403,65.82998751213066,59.146988760917594,2.4070270068735624,10,2,1,down,0.0009774808139711457,0.0006158129128018217,1.0565066814798512,0.00023528227179293003,1.0567419637516442,26,25
sparse,0.9,0.7,replacing,exponential,3,3000,51,16,11,1,right,right,-0.1,16,12,1,right,False,normal_move,0.05,0.1,56.73996175404403,65.82998751213066,59.146988760917594,2.4070270068735624,11,2,1,down,0.001551556847573247,0.0009774808139711457,7.6031193355271265,0.0003734639234808413,7.603492799450607,26,25
sparse,0.9,0.7,replacing,exponential,3,3000,51,16,11,1,right,right,-0.1,16,12,1,right,False,normal_move,0.05,0.1,56.73996175404403,65.82998751213066,59.146988760917594,2.4070270068735624,12,3,1,down,0.003909188328478828,0.0024627886469416617,11.735613642876892,0.0009409521881603459,11.736554595065053,26,25
sparse,0.9,0.7,replacing,exponential,3,3000,51,16,11,1,right,right,-0.1,16,12,1,right,False,normal_move,0.05,0.1,56.73996175404403,65.82998751213066,59.146988760917594,2.4070270068735624,13,3,1,right,0.006205060838855283,0.003909188328478828,13.463974741933056,0.0014935749018418188,13.465468316834897,26,25
sparse,0.9,0.7,replacing,exponential,3,3000,51,16,11,1,right,right,-0.1,16,12,1,right,False,normal_move,0.05,0.1,56.73996175404403,65.82998751213066,59.146988760917594,2.4070270068735624,13,4,1,down,0.00984930291881791,0.006205060838855283,15.963729448327866,0.0023707538124473314,15.966100202140314,26,25
sparse,0.9,0.7,replacing,exponential,3,3000,51,16,11,1,right,right,-0.1,16,12,1,right,False,normal_move,0.05,0.1,56.73996175404403,65.82998751213066,59.146988760917594,2.4070270068735624,13,5,1,right,0.015633814156853824,0.00984930291881791,18.29711989427006,0.003763101289598939,18.30088299555966,26,25
sparse,0.9,0.7,replacing,exponential,3,3000,51,16,11,1,right,right,-0.1,16,12,1,right,False,normal_move,0.05,0.1,56.73996175404403,65.82998751213066,59.146988760917594,2.4070270068735624,13,6,1,down,0.024815578026752102,0.015633814156853824,20.981948710687572,0.005973176650157046,20.98792188733773,26,25
sparse,0.9,0.7,replacing,exponential,3,3000,51,16,11,1,right,right,-0.1,16,12,1,right,False,normal_move,0.05,0.1,56.73996175404403,65.82998751213066,59.146988760917594,2.4070270068735624,14,6,1,down,0.03938980639167,0.024815578026752102,24.16001684294328,0.009481232778027057,24.169498075721304,26,25
sparse,0.9,0.7,replacing,exponential,3,3000,51,16,11,1,right,right,-0.1,16,12,1,right,False,normal_move,0.05,0.1,56.73996175404403,65.82998751213066,59.146988760917594,2.4070270068735624,15,6,1,right,0.062523502209,0.03938980639167,27.857824233831597,0.015049575838138186,27.872873809669734,26,25
sparse,0.9,0.7,replacing,exponential,3,3000,51,16,11,1,right,right,-0.1,16,12,1,right,False,normal_move,0.05,0.1,56.73996175404403,65.82998751213066,59.146988760917594,2.4070270068735624,15,7,1,right,0.09924365430000001,0.062523502209,32.21917478822166,0.02388821561609236,32.24306300383775,26,25
sparse,0.9,0.7,replacing,exponential,3,3000,51,16,11,1,right,right,-0.1,16,12,1,right,False,normal_move,0.05,0.1,56.73996175404403,65.82998751213066,59.146988760917594,2.4070270068735624,15,8,1,right,0.15752961000000001,0.09924365430000001,37.48895324256663,0.037917802565225964,37.526871045131855,26,25
sparse,0.9,0.7,replacing,exponential,3,3000,51,16,11,1,right,right,-0.1,16,12,1,right,False,normal_move,0.05,0.1,56.73996175404403,65.82998751213066,59.146988760917594,2.4070270068735624,15,9,1,right,0.250047,0.15752961000000001,42.16689718305973,0.06018698819877137,42.227084171258504,26,25
sparse,0.9,0.7,replacing,exponential,3,3000,51,16,11,1,right,right,-0.1,16,12,1,right,False,normal_move,0.05,0.1,56.73996175404403,65.82998751213066,59.146988760917594,2.4070270068735624,15,10,1,right,0.39690000000000003,0.250047,49.35981688990403,0.0955349019028117,49.45535179180684,26,25
sparse,0.9,0.7,replacing,exponential,3,3000,51,16,11,1,right,right,-0.1,16,12,1,right,False,normal_move,0.05,0.1,56.73996175404403,65.82998751213066,59.146988760917594,2.4070270068735624,15,11,1,right,0.63,0.39690000000000003,60.04658372046525,0.15164270143303443,60.19822642189828,26,25
sparse,0.9,0.7,replacing,exponential,3,3000,51,16,11,1,right,right,-0.1,16,12,1,right,False,normal_move,0.05,0.1,56.73996175404403,65.82998751213066,59.146988760917594,2.4070270068735624,16,11,1,right,1.0,0.63,56.73996175404403,0.24070270068735625,56.98066445473139,26,25
sparse,0.9,0.7,replacing,exponential,3,3000,52,16,12,1,right,up,-0.1,15,12,1,right,False,normal_move,0.05,0.1,65.82998751213066,71.0268758077121,63.82418822694089,-2.0057992851897666,4,8,0,down,1.5166170502884016e-06,0.0,4.185718874570593,-3.0420293953750885e-07,4.185718570367654,26,25
sparse,0.9,0.7,replacing,exponential,3,3000,52,16,12,1,right,up,-0.1,15,12,1,right,False,normal_move,0.05,0.1,65.82998751213066,71.0268758077121,63.82418822694089,-2.0057992851897666,10,7,0,down,2.4073286512514312e-06,1.5166170502884016e-06,5.383199844639871,-4.828618087896966e-07,5.383199361778062,26,25
sparse,0.9,0.7,replacing,exponential,3,3000,52,16,12,1,right,up,-0.1,15,12,1,right,False,normal_move,0.05,0.1,65.82998751213066,71.0268758077121,63.82418822694089,-2.0057992851897666,11,7,0,down,3.821156589287986e-06,2.4073286512514312e-06,7.034698395928001,-7.664473155392009e-07,7.034697629480686,26,25
sparse,0.9,0.7,replacing,exponential,3,3000,52,16,12,1,right,up,-0.1,15,12,1,right,False,normal_move,0.05,0.1,65.82998751213066,71.0268758077121,63.82418822694089,-2.0057992851897666,12,8,0,left,9.627504634134507e-06,6.06532791950474e-06,7.425117016099698,-1.931084191330816e-06,7.4251150850155065,26,25
sparse,0.9,0.7,replacing,exponential,3,3000,52,16,12,1,right,up,-0.1,15,12,1,right,False,normal_move,0.05,0.1,65.82998751213066,71.0268758077121,63.82418822694089,-2.0057992851897666,12,7,0,left,1.528175338751509e-05,9.627504634134507e-06,8.627660546479131,-3.0652130021124066e-06,8.627657481266128,26,25
sparse,0.9,0.7,replacing,exponential,3,3000,52,16,12,1,right,up,-0.1,15,12,1,right,False,normal_move,0.05,0.1,65.82998751213066,71.0268758077121,63.82418822694089,-2.0057992851897666,12,6,0,left,3.850278001389542e-05,2.4256751408754113e-05,10.51594808094981,-7.722884862969027e-06,10.515940358064947,26,25
sparse,0.9,0.7,replacing,exponential,3,3000,52,16,12,1,right,up,-0.1,15,12,1,right,False,normal_move,0.05,0.1,65.82998751213066,71.0268758077121,63.82418822694089,-2.0057992851897666,12,5,0,left,6.111552383158003e-05,3.850278001389542e-05,12.751210774108236,-1.2258547401538137e-05,12.751198515560834,26,25
sparse,0.9,0.7,replacing,exponential,3,3000,52,16,12,1,right,up,-0.1,15,12,1,right,False,normal_move,0.05,0.1,65.82998751213066,71.0268758077121,63.82418822694089,-2.0057992851897666,12,4,0,left,9.700876798663497e-05,6.111552383158003e-05,15.015591625239093,-1.9458011748473233e-05,15.015572167227345,26,25
sparse,0.9,0.7,replacing,exponential,3,3000,52,16,12,1,right,up,-0.1,15,12,1,right,False,normal_move,0.05,0.1,65.82998751213066,71.0268758077121,63.82418822694089,-2.0057992851897666,12,3,0,left,0.0001539821714073571,9.700876798663497e-05,17.931771402885524,-3.08857329340845e-05,17.93174051715259,26,25
sparse,0.9,0.7,replacing,exponential,3,3000,52,16,12,1,right,up,-0.1,15,12,1,right,False,normal_move,0.05,0.1,65.82998751213066,71.0268758077121,63.82418822694089,-2.0057992851897666,12,2,1,right,0.001551556847573247,0.0009774808139711457,9.12111596835671,-0.00031121116157937064,9.120804757195131,26,25
sparse,0.9,0.7,replacing,exponential,3,3000,52,16,12,1,right,up,-0.1,15,12,1,right,False,normal_move,0.05,0.1,65.82998751213066,71.0268758077121,63.82418822694089,-2.0057992851897666,10,2,1,down,0.0006158129128018217,0.0003879621350651477,1.0567419637516442,-0.00012351971003085222,1.0566184440416133,26,25
sparse,0.9,0.7,replacing,exponential,3,3000,52,16,12,1,right,up,-0.1,15,12,1,right,False,normal_move,0.05,0.1,65.82998751213066,71.0268758077121,63.82418822694089,-2.0057992851897666,11,2,1,down,0.0009774808139711457,0.0006158129128018217,7.603492799450607,-0.00019606303179500352,7.603296736418812,26,25
sparse,0.9,0.7,replacing,exponential,3,3000,52,16,12,1,right,up,-0.1,15,12,1,right,False,normal_move,0.05,0.1,65.82998751213066,71.0268758077121,63.82418822694089,-2.0057992851897666,12,3,1,down,0.0024627886469416617,0.001551556847573247,11.736554595065053,-0.0004939859707609058,11.736060609094292,26,25
sparse,0.9,0.7,replacing,exponential,3,3000,52,16,12,1,right,up,-0.1,15,12,1,right,False,normal_move,0.05,0.1,65.82998751213066,71.0268758077121,63.82418822694089,-2.0057992851897666,13,3,1,right,0.003909188328478828,0.0024627886469416617,13.465468316834897,-0.0007841047154935012,13.464684212119405,26,25
sparse,0.9,0.7,replacing,exponential,3,3000,52,16,12,1,right,up,-0.1,15,12,1,right,False,normal_move,0.05,0.1,65.82998751213066,71.0268758077121,63.82418822694089,-2.0057992851897666,13,4,1,down,0.006205060838855283,0.003909188328478828,15.966100202140314,-0.001244610659513494,15.9648555914808,26,25
sparse,0.9,0.7,replacing,exponential,3,3000,52,16,12,1,right,up,-0.1,15,12,1,right,False,normal_move,0.05,0.1,65.82998751213066,71.0268758077121,63.82418822694089,-2.0057992851897666,13,5,1,right,0.00984930291881791,0.006205060838855283,18.30088299555966,-0.0019755724754182444,18.29890742308424,26,25
sparse,0.9,0.7,replacing,exponential,3,3000,52,16,12,1,right,up,-0.1,15,12,1,right,False,normal_move,0.05,0.1,65.82998751213066,71.0268758077121,63.82418822694089,-2.0057992851897666,13,6,1,down,0.015633814156853824,0.00984930291881791,20.98792188733773,-0.0031358293260607055,20.984786058011668,26,25
sparse,0.9,0.7,replacing,exponential,3,3000,52,16,12,1,right,up,-0.1,15,12,1,right,False,normal_move,0.05,0.1,65.82998751213066,71.0268758077121,63.82418822694089,-2.0057992851897666,14,6,1,down,0.024815578026752102,0.015633814156853824,24.169498075721304,-0.004977506866763025,24.16452056885454,26,25
sparse,0.9,0.7,replacing,exponential,3,3000,52,16,12,1,right,up,-0.1,15,12,1,right,False,normal_move,0.05,0.1,65.82998751213066,71.0268758077121,63.82418822694089,-2.0057992851897666,15,6,1,right,0.03938980639167,0.024815578026752102,27.872873809669734,-0.007900804550417499,27.864973005119317,26,25
sparse,0.9,0.7,replacing,exponential,3,3000,52,16,12,1,right,up,-0.1,15,12,1,right,False,normal_move,0.05,0.1,65.82998751213066,71.0268758077121,63.82418822694089,-2.0057992851897666,15,7,1,right,0.062523502209,0.03938980639167,32.24306300383775,-0.0125409596038373,32.23052204423391,26,25
sparse,0.9,0.7,replacing,exponential,3,3000,52,16,12,1,right,up,-0.1,15,12,1,right,False,normal_move,0.05,0.1,65.82998751213066,71.0268758077121,63.82418822694089,-2.0057992851897666,15,8,1,right,0.09924365430000001,0.062523502209,37.526871045131855,-0.019906285085456034,37.5069647600464,26,25
sparse,0.9,0.7,replacing,exponential,3,3000,52,16,12,1,right,up,-0.1,15,12,1,right,False,normal_move,0.05,0.1,65.82998751213066,71.0268758077121,63.82418822694089,-2.0057992851897666,15,9,1,right,0.15752961000000001,0.09924365430000001,42.227084171258504,-0.031597277913422275,42.195486893345084,26,25
sparse,0.9,0.7,replacing,exponential,3,3000,52,16,12,1,right,up,-0.1,15,12,1,right,False,normal_move,0.05,0.1,65.82998751213066,71.0268758077121,63.82418822694089,-2.0057992851897666,15,10,1,right,0.250047,0.15752961000000001,49.45535179180684,-0.05015440938638456,49.405197382420454,26,25
sparse,0.9,0.7,replacing,exponential,3,3000,52,16,12,1,right,up,-0.1,15,12,1,right,False,normal_move,0.05,0.1,65.82998751213066,71.0268758077121,63.82418822694089,-2.0057992851897666,15,11,1,right,0.39690000000000003,0.250047,60.19822642189828,-0.07961017362918184,60.1186162482691,26,25
sparse,0.9,0.7,replacing,exponential,3,3000,52,16,12,1,right,up,-0.1,15,12,1,right,False,normal_move,0.05,0.1,65.82998751213066,71.0268758077121,63.82418822694089,-2.0057992851897666,16,11,1,right,0.63,0.39690000000000003,56.98066445473139,-0.1263653549669553,56.85429909976443,26,25
sparse,0.9,0.7,replacing,exponential,3,3000,52,16,12,1,right,up,-0.1,15,12,1,right,False,normal_move,0.05,0.1,65.82998751213066,71.0268758077121,63.82418822694089,-2.0057992851897666,16,12,1,right,1.0,0.63,65.82998751213066,-0.20057992851897666,65.62940758361168,26,25
sparse,0.9,0.7,replacing,exponential,3,3000,53,15,12,1,right,down,-0.1,16,12,1,right,False,normal_move,0.05,0.1,71.0268758077121,65.62940758361168,58.966466825250514,-12.060408982461588,10,7,0,down,1.5166170502884016e-06,0.0,5.383199361778062,-1.829102189625264e-06,5.383197532675872,26,25
sparse,0.9,0.7,replacing,exponential,3,3000,53,15,12,1,right,down,-0.1,16,12,1,right,False,normal_move,0.05,0.1,71.0268758077121,65.62940758361168,58.966466825250514,-12.060408982461588,11,7,0,down,2.4073286512514312e-06,1.5166170502884016e-06,7.034697629480686,-2.9033368089289905e-06,7.034694726143877,26,25
sparse,0.9,0.7,replacing,exponential,3,3000,53,15,12,1,right,down,-0.1,16,12,1,right,False,normal_move,0.05,0.1,71.0268758077121,65.62940758361168,58.966466825250514,-12.060408982461588,12,8,0,left,6.06532791950474e-06,3.821156589287986e-06,7.4251150850155065,-7.315033532197003e-06,7.425107769981975,26,25
sparse,0.9,0.7,replacing,exponential,3,3000,53,15,12,1,right,down,-0.1,16,12,1,right,False,normal_move,0.05,0.1,71.0268758077121,65.62940758361168,58.966466825250514,-12.060408982461588,12,7,0,left,9.627504634134507e-06,6.06532791950474e-06,8.627657481266128,-1.161116433682064e-05,8.62764587010179,26,25
sparse,0.9,0.7,replacing,exponential,3,3000,53,15,12,1,right,down,-0.1,16,12,1,right,False,normal_move,0.05,0.1,71.0268758077121,65.62940758361168,58.966466825250514,-12.060408982461588,12,6,0,left,2.4256751408754113e-05,1.528175338751509e-05,10.515940358064947,-2.9254634257547594e-05,10.515911103430689,26,25
sparse,0.9,0.7,replacing,exponential,3,3000,53,15,12,1,right,down,-0.1,16,12,1,right,False,normal_move,0.05,0.1,71.0268758077121,65.62940758361168,58.966466825250514,-12.060408982461588,12,5,0,left,3.850278001389542e-05,2.4256751408754113e-05,12.751198515560834,-4.643592739293269e-05,12.75115207963344,26,25
sparse,0.9,0.7,replacing,exponential,3,3000,53,15,12,1,right,down,-0.1,16,12,1,right,False,normal_move,0.05,0.1,71.0268758077121,65.62940758361168,58.966466825250514,-12.060408982461588,12,4,0,left,6.111552383158003e-05,3.850278001389542e-05,15.015572167227345,-7.370782125862331e-05,15.015498459406087,26,25
sparse,0.9,0.7,replacing,exponential,3,3000,53,15,12,1,right,down,-0.1,16,12,1,right,False,normal_move,0.05,0.1,71.0268758077121,65.62940758361168,58.966466825250514,-12.060408982461588,12,3,0,left,9.700876798663497e-05,6.111552383158003e-05,17.93174051715259,-0.00011699654168035448,17.93162352061091,26,25
sparse,0.9,0.7,replacing,exponential,3,3000,53,15,12,1,right,down,-0.1,16,12,1,right,False,normal_move,0.05,0.1,71.0268758077121,65.62940758361168,58.966466825250514,-12.060408982461588,12,2,1,right,0.0009774808139711457,0.0006158129128018217,9.120804757195131,-0.0011788818389001472,9.119625875356231,26,25
sparse,0.9,0.7,replacing,exponential,3,3000,53,15,12,1,right,down,-0.1,16,12,1,right,False,normal_move,0.05,0.1,71.0268758077121,65.62940758361168,58.966466825250514,-12.060408982461588,10,2,1,down,0.0003879621350651477,0.00024441614509104303,1.0566184440416133,-0.0004678982018594684,1.0561505458397538,26,25
sparse,0.9,0.7,replacing,exponential,3,3000,53,15,12,1,right,down,-0.1,16,12,1,right,False,normal_move,0.05,0.1,71.0268758077121,65.62940758361168,58.966466825250514,-12.060408982461588,11,2,1,down,0.0006158129128018217,0.0003879621350651477,7.603296736418812,-0.0007426955585070927,7.602554040860305,26,25
sparse,0.9,0.7,replacing,exponential,3,3000,53,15,12,1,right,down,-0.1,16,12,1,right,False,normal_move,0.05,0.1,71.0268758077121,65.62940758361168,58.966466825250514,-12.060408982461588,12,3,1,down,0.001551556847573247,0.0009774808139711457,11.736060609094292,-0.0018712410141272177,11.734189368080164,26,25
sparse,0.9,0.7,replacing,exponential,3,3000,53,15,12,1,right,down,-0.1,16,12,1,right,False,normal_move,0.05,0.1,71.0268758077121,65.62940758361168,58.966466825250514,-12.060408982461588,13,3,1,right,0.0024627886469416617,0.001551556847573247,13.464684212119405,-0.002970223831947964,13.461713988287457,26,25
sparse,0.9,0.7,replacing,exponential,3,3000,53,15,12,1,right,down,-0.1,16,12,1,right,False,normal_move,0.05,0.1,71.0268758077121,65.62940758361168,58.966466825250514,-12.060408982461588,13,4,1,down,0.003909188328478828,0.0024627886469416617,15.9648555914808,-0.004714641003092007,15.960140950477708,26,25
sparse,0.9,0.7,replacing,exponential,3,3000,53,15,12,1,right,down,-0.1,16,12,1,right,False,normal_move,0.05,0.1,71.0268758077121,65.62940758361168,58.966466825250514,-12.060408982461588,13,5,1,right,0.006205060838855283,0.003909188328478828,18.29890742308424,-0.00748355714776509,18.291423865936476,26,25
sparse,0.9,0.7,replacing,exponential,3,3000,53,15,12,1,right,down,-0.1,16,12,1,right,False,normal_move,0.05,0.1,71.0268758077121,65.62940758361168,58.966466825250514,-12.060408982461588,13,6,1,down,0.00984930291881791,0.006205060838855283,20.984786058011668,-0.011878662139309668,20.972907395872358,26,25
sparse,0.9,0.7,replacing,exponential,3,3000,53,15,12,1,right,down,-0.1,16,12,1,right,False,normal_move,0.05,0.1,71.0268758077121,65.62940758361168,58.966466825250514,-12.060408982461588,14,6,1,down,0.015633814156853824,0.00984930291881791,24.16452056885454,-0.018855019268745502,24.145665549585797,26,25
sparse,0.9,0.7,replacing,exponential,3,3000,53,15,12,1,right,down,-0.1,16,12,1,right,False,normal_move,0.05,0.1,71.0268758077121,65.62940758361168,58.966466825250514,-12.060408982461588,15,6,1,right,0.024815578026752102,0.015633814156853824,27.864973005119317,-0.029928602013881752,27.835044403105435,26,25
sparse,0.9,0.7,replacing,exponential,3,3000,53,15,12,1,right,down,-0.1,16,12,1,right,False,normal_move,0.05,0.1,71.0268758077121,65.62940758361168,58.966466825250514,-12.060408982461588,15,7,1,right,0.03938980639167,0.024815578026752102,32.23052204423391,-0.04750571748235198,32.183016326751556,26,25
sparse,0.9,0.7,replacing,exponential,3,3000,53,15,12,1,right,down,-0.1,16,12,1,right,False,normal_move,0.05,0.1,71.0268758077121,65.62940758361168,58.966466825250514,-12.060408982461588,15,8,1,right,0.062523502209,0.03938980639167,37.5069647600464,-0.07540590076563808,37.43155885928076,26,25
sparse,0.9,0.7,replacing,exponential,3,3000,53,15,12,1,right,down,-0.1,16,12,1,right,False,normal_move,0.05,0.1,71.0268758077121,65.62940758361168,58.966466825250514,-12.060408982461588,15,9,1,right,0.09924365430000001,0.062523502209,42.195486893345084,-0.11969190597720329,42.07579498736788,26,25
sparse,0.9,0.7,replacing,exponential,3,3000,53,15,12,1,right,down,-0.1,16,12,1,right,False,normal_move,0.05,0.1,71.0268758077121,65.62940758361168,58.966466825250514,-12.060408982461588,15,10,1,right,0.15752961000000001,0.09924365430000001,49.405197382420454,-0.18998715234476712,49.215210230075684,26,25
sparse,0.9,0.7,replacing,exponential,3,3000,53,15,12,1,right,down,-0.1,16,12,1,right,False,normal_move,0.05,0.1,71.0268758077121,65.62940758361168,58.966466825250514,-12.060408982461588,15,11,1,right,0.250047,0.15752961000000001,60.1186162482691,-0.30156690848375733,59.81704933978534,26,25
sparse,0.9,0.7,replacing,exponential,3,3000,53,15,12,1,right,down,-0.1,16,12,1,right,False,normal_move,0.05,0.1,71.0268758077121,65.62940758361168,58.966466825250514,-12.060408982461588,16,11,1,right,0.39690000000000003,0.250047,56.85429909976443,-0.47867763251390055,56.37562146725053,26,25
sparse,0.9,0.7,replacing,exponential,3,3000,53,15,12,1,right,down,-0.1,16,12,1,right,False,normal_move,0.05,0.1,71.0268758077121,65.62940758361168,58.966466825250514,-12.060408982461588,16,12,1,right,0.63,0.39690000000000003,65.62940758361168,-0.7598057658950802,64.8696018177166,26,25
sparse,0.9,0.7,replacing,exponential,3,3000,53,15,12,1,right,down,-0.1,16,12,1,right,False,normal_move,0.05,0.1,71.0268758077121,65.62940758361168,58.966466825250514,-12.060408982461588,15,12,1,right,1.0,0.63,71.0268758077121,-1.206040898246159,69.82083490946594,26,25
sparse,0.9,0.7,replacing,exponential,3,3000,54,16,12,1,right,right,-0.1,16,13,1,right,False,normal_move,0.05,0.1,64.8696018177166,73.30109852205027,65.87098866984525,1.0013868521286469,11,7,0,down,1.5166170502884016e-06,0.0,7.034694726143877,1.5187203738729364e-07,7.034694878015914,25,24
sparse,0.9,0.7,replacing,exponential,3,3000,54,16,12,1,right,right,-0.1,16,13,1,right,False,normal_move,0.05,0.1,64.8696018177166,73.30109852205027,65.87098866984525,1.0013868521286469,12,8,0,left,3.821156589287986e-06,2.4073286512514312e-06,7.425107769981975,3.826455968437733e-07,7.425108152627572,25,24
sparse,0.9,0.7,replacing,exponential,3,3000,54,16,12,1,right,right,-0.1,16,13,1,right,False,normal_move,0.05,0.1,64.8696018177166,73.30109852205027,65.87098866984525,1.0013868521286469,12,7,0,left,6.06532791950474e-06,3.821156589287986e-06,8.62764587010179,6.073739632440846e-07,8.627646477475754,25,24
sparse,0.9,0.7,replacing,exponential,3,3000,54,16,12,1,right,right,-0.1,16,13,1,right,False,normal_move,0.05,0.1,64.8696018177166,73.30109852205027,65.87098866984525,1.0013868521286469,12,6,0,left,1.528175338751509e-05,9.627504634134507e-06,10.515911103430689,1.5302946919730023e-06,10.515912633725382,25,24
sparse,0.9,0.7,replacing,exponential,3,3000,54,16,12,1,right,right,-0.1,16,13,1,right,False,normal_move,0.05,0.1,64.8696018177166,73.30109852205027,65.87098866984525,1.0013868521286469,12,5,0,left,2.4256751408754113e-05,1.528175338751509e-05,12.75115207963344,2.4290391936079403e-06,12.751154508672634,25,24
sparse,0.9,0.7,replacing,exponential,3,3000,54,16,12,1,right,right,-0.1,16,13,1,right,False,normal_move,0.05,0.1,64.8696018177166,73.30109852205027,65.87098866984525,1.0013868521286469,12,4,0,left,3.850278001389542e-05,2.4256751408754113e-05,15.015498459406087,3.855617767631651e-06,15.015502315023856,25,24
sparse,0.9,0.7,replacing,exponential,3,3000,54,16,12,1,right,right,-0.1,16,13,1,right,False,normal_move,0.05,0.1,64.8696018177166,73.30109852205027,65.87098866984525,1.0013868521286469,12,3,0,left,6.111552383158003e-05,3.850278001389542e-05,17.93162352061091,6.120028202589922e-06,17.931629640639112,25,24
sparse,0.9,0.7,replacing,exponential,3,3000,54,16,12,1,right,right,-0.1,16,13,1,right,False,normal_move,0.05,0.1,64.8696018177166,73.30109852205027,65.87098866984525,1.0013868521286469,12,2,1,right,0.0006158129128018217,0.0003879621350651477,9.119625875356231,6.166669542507892e-05,9.119687542051656,25,24
sparse,0.9,0.7,replacing,exponential,3,3000,54,16,12,1,right,right,-0.1,16,13,1,right,False,normal_move,0.05,0.1,64.8696018177166,73.30109852205027,65.87098866984525,1.0013868521286469,10,2,1,down,0.00024441614509104303,0.0001539821714073571,1.0561505458397538,2.4475511414213822e-05,1.056175021351168,25,24
sparse,0.9,0.7,replacing,exponential,3,3000,54,16,12,1,right,right,-0.1,16,13,1,right,False,normal_move,0.05,0.1,64.8696018177166,73.30109852205027,65.87098866984525,1.0013868521286469,11,2,1,down,0.0003879621350651477,0.00024441614509104303,7.602554040860305,3.8850018117799716e-05,7.602592890878423,25,24
sparse,0.9,0.7,replacing,exponential,3,3000,54,16,12,1,right,right,-0.1,16,13,1,right,False,normal_move,0.05,0.1,64.8696018177166,73.30109852205027,65.87098866984525,1.0013868521286469,12,3,1,down,0.0009774808139711457,0.0006158129128018217,11.734189368080164,9.78836435318713e-05,11.734287251723696,25,24
sparse,0.9,0.7,replacing,exponential,3,3000,54,16,12,1,right,right,-0.1,16,13,1,right,False,normal_move,0.05,0.1,64.8696018177166,73.30109852205027,65.87098866984525,1.0013868521286469,13,3,1,right,0.001551556847573247,0.0009774808139711457,13.461713988287457,0.00015537086274900207,13.461869359150207,25,24
sparse,0.9,0.7,replacing,exponential,3,3000,54,16,12,1,right,right,-0.1,16,13,1,right,False,normal_move,0.05,0.1,64.8696018177166,73.30109852205027,65.87098866984525,1.0013868521286469,13,4,1,down,0.0024627886469416617,0.001551556847573247,15.960140950477708,0.00024662041706190803,15.96038757089477,25,24
sparse,0.9,0.7,replacing,exponential,3,3000,54,16,12,1,right,right,-0.1,16,13,1,right,False,normal_move,0.05,0.1,64.8696018177166,73.30109852205027,65.87098866984525,1.0013868521286469,13,5,1,right,0.003909188328478828,0.0024627886469416617,18.291423865936476,0.0003914609794633461,18.29181532691594,25,24
sparse,0.9,0.7,replacing,exponential,3,3000,54,16,12,1,right,right,-0.1,16,13,1,right,False,normal_move,0.05,0.1,64.8696018177166,73.30109852205027,65.87098866984525,1.0013868521286469,13,6,1,down,0.006205060838855283,0.003909188328478828,20.972907395872358,0.0006213666340688033,20.973528762506426,25,24
sparse,0.9,0.7,replacing,exponential,3,3000,54,16,12,1,right,right,-0.1,16,13,1,right,False,normal_move,0.05,0.1,64.8696018177166,73.30109852205027,65.87098866984525,1.0013868521286469,14,6,1,down,0.00984930291881791,0.006205060838855283,24.145665549585797,0.000986296244553656,24.146651845830352,25,24
sparse,0.9,0.7,replacing,exponential,3,3000,54,16,12,1,right,right,-0.1,16,13,1,right,False,normal_move,0.05,0.1,64.8696018177166,73.30109852205027,65.87098866984525,1.0013868521286469,15,6,1,right,0.015633814156853824,0.00984930291881791,27.835044403105435,0.0015655495945296127,27.836609952699966,25,24
sparse,0.9,0.7,replacing,exponential,3,3000,54,16,12,1,right,right,-0.1,16,13,1,right,False,normal_move,0.05,0.1,64.8696018177166,73.30109852205027,65.87098866984525,1.0013868521286469,15,7,1,right,0.024815578026752102,0.015633814156853824,32.183016326751556,0.0024849993563962106,32.18550132610795,25,24
sparse,0.9,0.7,replacing,exponential,3,3000,54,16,12,1,right,right,-0.1,16,13,1,right,False,normal_move,0.05,0.1,64.8696018177166,73.30109852205027,65.87098866984525,1.0013868521286469,15,8,1,right,0.03938980639167,0.024815578026752102,37.43155885928076,0.003944443422851128,37.435503302703616,25,24
sparse,0.9,0.7,replacing,exponential,3,3000,54,16,12,1,right,right,-0.1,16,13,1,right,False,normal_move,0.05,0.1,64.8696018177166,73.30109852205027,65.87098866984525,1.0013868521286469,15,9,1,right,0.062523502209,0.03938980639167,42.07579498736788,0.006261021306112902,42.082056008673995,25,24
sparse,0.9,0.7,replacing,exponential,3,3000,54,16,12,1,right,right,-0.1,16,13,1,right,False,normal_move,0.05,0.1,64.8696018177166,73.30109852205027,65.87098866984525,1.0013868521286469,15,10,1,right,0.09924365430000001,0.062523502209,49.215210230075684,0.009938129057322066,49.22514835913301,25,24
sparse,0.9,0.7,replacing,exponential,3,3000,54,16,12,1,right,right,-0.1,16,13,1,right,False,normal_move,0.05,0.1,64.8696018177166,73.30109852205027,65.87098866984525,1.0013868521286469,15,11,1,right,0.15752961000000001,0.09924365430000001,59.81704933978534,0.015774808027495344,59.832824147812836,25,24
sparse,0.9,0.7,replacing,exponential,3,3000,54,16,12,1,right,right,-0.1,16,13,1,right,False,normal_move,0.05,0.1,64.8696018177166,73.30109852205027,65.87098866984525,1.0013868521286469,16,11,1,right,0.250047,0.15752961000000001,56.37562146725053,0.02503937782142118,56.400660845071954,25,24
sparse,0.9,0.7,replacing,exponential,3,3000,54,16,12,1,right,right,-0.1,16,13,1,right,False,normal_move,0.05,0.1,64.8696018177166,73.30109852205027,65.87098866984525,1.0013868521286469,16,12,1,right,1.0,0.63,64.8696018177166,0.10013868521286469,64.96974050292947,25,24
sparse,0.9,0.7,replacing,exponential,3,3000,54,16,12,1,right,right,-0.1,16,13,1,right,False,normal_move,0.05,0.1,64.8696018177166,73.30109852205027,65.87098866984525,1.0013868521286469,15,12,1,right,0.63,0.39690000000000003,69.82083490946594,0.06308737168410475,69.88392228115005,25,24
sparse,0.9,0.7,replacing,exponential,3,3000,55,16,13,1,right,right,-0.1,16,14,1,up,False,normal_move,0.05,0.1,73.30109852205027,82.35899543479594,74.02309589131636,0.7219973692660915,12,8,0,left,2.4073286512514312e-06,1.5166170502884016e-06,7.425108152627572,1.7380849531624217e-07,7.425108326436067,25,25
sparse,0.9,0.7,replacing,exponential,3,3000,55,16,13,1,right,right,-0.1,16,14,1,up,False,normal_move,0.05,0.1,73.30109852205027,82.35899543479594,74.02309589131636,0.7219973692660915,12,7,0,left,3.821156589287986e-06,2.4073286512514312e-06,8.627646477475754,2.7588650050197166e-07,8.627646753362255,25,25
sparse,0.9,0.7,replacing,exponential,3,3000,55,16,13,1,right,right,-0.1,16,14,1,up,False,normal_move,0.05,0.1,73.30109852205027,82.35899543479594,74.02309589131636,0.7219973692660915,12,6,0,left,9.627504634134507e-06,6.06532791950474e-06,10.515912633725382,6.951033018442219e-07,10.515913328828683,25,25
sparse,0.9,0.7,replacing,exponential,3,3000,55,16,13,1,right,right,-0.1,16,14,1,up,False,normal_move,0.05,0.1,73.30109852205027,82.35899543479594,74.02309589131636,0.7219973692660915,12,5,0,left,1.528175338751509e-05,9.627504634134507e-06,12.751154508672634,1.1033385743559078e-06,12.751155612011209,25,25
sparse,0.9,0.7,replacing,exponential,3,3000,55,16,13,1,right,right,-0.1,16,14,1,up,False,normal_move,0.05,0.1,73.30109852205027,82.35899543479594,74.02309589131636,0.7219973692660915,12,4,0,left,2.4256751408754113e-05,1.528175338751509e-05,15.015502315023856,1.7513310704062028e-06,15.015504066354927,25,25
sparse,0.9,0.7,replacing,exponential,3,3000,55,16,13,1,right,right,-0.1,16,14,1,up,False,normal_move,0.05,0.1,73.30109852205027,82.35899543479594,74.02309589131636,0.7219973692660915,12,3,0,left,3.850278001389542e-05,2.4256751408754113e-05,17.931629640639112,2.779890587946354e-06,17.931632420529702,25,25
sparse,0.9,0.7,replacing,exponential,3,3000,55,16,13,1,right,right,-0.1,16,14,1,up,False,normal_move,0.05,0.1,73.30109852205027,82.35899543479594,74.02309589131636,0.7219973692660915,12,2,1,right,0.0003879621350651477,0.00024441614509104303,9.119687542051656,2.801076408918927e-05,9.119715552815745,25,25
sparse,0.9,0.7,replacing,exponential,3,3000,55,16,13,1,right,right,-0.1,16,14,1,up,False,normal_move,0.05,0.1,73.30109852205027,82.35899543479594,74.02309589131636,0.7219973692660915,10,2,1,down,0.0001539821714073571,9.700876798663497e-05,1.056175021351168,1.111747226699922e-05,1.056186138823435,25,25
sparse,0.9,0.7,replacing,exponential,3,3000,55,16,13,1,right,right,-0.1,16,14,1,up,False,normal_move,0.05,0.1,73.30109852205027,82.35899543479594,74.02309589131636,0.7219973692660915,11,2,1,down,0.00024441614509104303,0.0001539821714073571,7.602592890878423,1.764678137618924e-05,7.6026105376598,25,25
sparse,0.9,0.7,replacing,exponential,3,3000,55,16,13,1,right,right,-0.1,16,14,1,up,False,normal_move,0.05,0.1,73.30109852205027,82.35899543479594,74.02309589131636,0.7219973692660915,12,3,1,down,0.0006158129128018217,0.0003879621350651477,11.734287251723696,4.446153030030043e-05,11.734331713253997,25,25
sparse,0.9,0.7,replacing,exponential,3,3000,55,16,13,1,right,right,-0.1,16,14,1,up,False,normal_move,0.05,0.1,73.30109852205027,82.35899543479594,74.02309589131636,0.7219973692660915,13,3,1,right,0.0009774808139711457,0.0006158129128018217,13.461869359150207,7.05738576195245e-05,13.461939933007827,25,25
sparse,0.9,0.7,replacing,exponential,3,3000,55,16,13,1,right,right,-0.1,16,14,1,up,False,normal_move,0.05,0.1,73.30109852205027,82.35899543479594,74.02309589131636,0.7219973692660915,13,4,1,down,0.001551556847573247,0.0009774808139711457,15.96038757089477,0.00011202199622146745,15.960499592890992,25,25
sparse,0.9,0.7,replacing,exponential,3,3000,55,16,13,1,right,right,-0.1,16,14,1,up,False,normal_move,0.05,0.1,73.30109852205027,82.35899543479594,74.02309589131636,0.7219973692660915,13,5,1,right,0.0024627886469416617,0.001551556847573247,18.29181532691594,0.00017781269241502767,18.291993139608355,25,25
sparse,0.9,0.7,replacing,exponential,3,3000,55,16,13,1,right,right,-0.1,16,14,1,up,False,normal_move,0.05,0.1,73.30109852205027,82.35899543479594,74.02309589131636,0.7219973692660915,13,6,1,down,0.003909188328478828,0.0024627886469416617,20.973528762506426,0.00028224236891274235,20.973811004875337,25,25
sparse,0.9,0.7,replacing,exponential,3,3000,55,16,13,1,right,right,-0.1,16,14,1,up,False,normal_move,0.05,0.1,73.30109852205027,82.35899543479594,74.02309589131636,0.7219973692660915,14,6,1,down,0.006205060838855283,0.003909188328478828,24.146651845830352,0.0004480037601789561,24.147099849590532,25,25
sparse,0.9,0.7,replacing,exponential,3,3000,55,16,13,1,right,right,-0.1,16,14,1,up,False,normal_move,0.05,0.1,73.30109852205027,82.35899543479594,74.02309589131636,0.7219973692660915,15,6,1,right,0.00984930291881791,0.006205060838855283,27.836609952699966,0.0007111170796491367,27.837321069779616,25,25
sparse,0.9,0.7,replacing,exponential,3,3000,55,16,13,1,right,right,-0.1,16,14,1,up,False,normal_move,0.05,0.1,73.30109852205027,82.35899543479594,74.02309589131636,0.7219973692660915,15,7,1,right,0.015633814156853824,0.00984930291881791,32.18550132610795,0.001128757269284344,32.18663008337724,25,25
sparse,0.9,0.7,replacing,exponential,3,3000,55,16,13,1,right,right,-0.1,16,14,1,up,False,normal_move,0.05,0.1,73.30109852205027,82.35899543479594,74.02309589131636,0.7219973692660915,15,8,1,right,0.024815578026752102,0.015633814156853824,37.435503302703616,0.0017916782052132443,37.43729498090883,25,25
sparse,0.9,0.7,replacing,exponential,3,3000,55,16,13,1,right,right,-0.1,16,14,1,up,False,normal_move,0.05,0.1,73.30109852205027,82.35899543479594,74.02309589131636,0.7219973692660915,15,9,1,right,0.03938980639167,0.024815578026752102,42.082056008673995,0.0028439336590686416,42.08489994233306,25,25
sparse,0.9,0.7,replacing,exponential,3,3000,55,16,13,1,right,right,-0.1,16,14,1,up,False,normal_move,0.05,0.1,73.30109852205027,82.35899543479594,74.02309589131636,0.7219973692660915,15,10,1,right,0.062523502209,0.03938980639167,49.22514835913301,0.004514180411220066,49.22966253954423,25,25
sparse,0.9,0.7,replacing,exponential,3,3000,55,16,13,1,right,right,-0.1,16,14,1,up,False,normal_move,0.05,0.1,73.30109852205027,82.35899543479594,74.02309589131636,0.7219973692660915,15,11,1,right,0.09924365430000001,0.062523502209,59.832824147812836,0.0071653657320953435,59.83998951354493,25,25
sparse,0.9,0.7,replacing,exponential,3,3000,55,16,13,1,right,right,-0.1,16,14,1,up,False,normal_move,0.05,0.1,73.30109852205027,82.35899543479594,74.02309589131636,0.7219973692660915,16,11,1,right,0.15752961000000001,0.09924365430000001,56.400660845071954,0.011373596400151339,56.4120344414721,25,25
sparse,0.9,0.7,replacing,exponential,3,3000,55,16,13,1,right,right,-0.1,16,14,1,up,False,normal_move,0.05,0.1,73.30109852205027,82.35899543479594,74.02309589131636,0.7219973692660915,16,12,1,right,0.63,0.39690000000000003,64.96974050292947,0.045485834263763764,65.01522633719323,25,25
sparse,0.9,0.7,replacing,exponential,3,3000,55,16,13,1,right,right,-0.1,16,14,1,up,False,normal_move,0.05,0.1,73.30109852205027,82.35899543479594,74.02309589131636,0.7219973692660915,15,12,1,right,0.39690000000000003,0.250047,69.88392228115005,0.028656075586171174,69.91257835673622,25,25
sparse,0.9,0.7,replacing,exponential,3,3000,55,16,13,1,right,right,-0.1,16,14,1,up,False,normal_move,0.05,0.1,73.30109852205027,82.35899543479594,74.02309589131636,0.7219973692660915,16,13,1,right,1.0,0.63,73.30109852205027,0.07219973692660915,73.37329825897687,25,25
sparse,0.9,0.7,replacing,exponential,3,3000,56,16,14,1,up,left,-0.1,16,13,1,right,False,normal_move,0.05,0.1,82.35899543479594,73.37329825897687,65.9359684330792,-16.423027001716747,12,8,0,left,1.5166170502884016e-06,0.0,7.425108326436067,-2.490744276815043e-06,7.425105835691791,26,25
sparse,0.9,0.7,replacing,exponential,3,3000,56,16,14,1,up,left,-0.1,16,13,1,right,False,normal_move,0.05,0.1,82.35899543479594,73.37329825897687,65.9359684330792,-16.423027001716747,12,7,0,left,2.4073286512514312e-06,1.5166170502884016e-06,8.627646753362255,-3.953562344150861e-06,8.627642799799911,26,25
sparse,0.9,0.7,replacing,exponential,3,3000,56,16,14,1,up,left,-0.1,16,13,1,right,False,normal_move,0.05,0.1,82.35899543479594,73.37329825897687,65.9359684330792,-16.423027001716747,12,6,0,left,6.06532791950474e-06,3.821156589287986e-06,10.515913328828683,-9.96110441962928e-06,10.515903367724263,26,25
sparse,0.9,0.7,replacing,exponential,3,3000,56,16,14,1,up,left,-0.1,16,13,1,right,False,normal_move,0.05,0.1,82.35899543479594,73.37329825897687,65.9359684330792,-16.423027001716747,12,5,0,left,9.627504634134507e-06,6.06532791950474e-06,12.751155612011209,-1.5811276856554414e-05,12.751139800734352,26,25
sparse,0.9,0.7,replacing,exponential,3,3000,56,16,14,1,up,left,-0.1,16,13,1,right,False,normal_move,0.05,0.1,82.35899543479594,73.37329825897687,65.9359684330792,-16.423027001716747,12,4,0,left,1.528175338751509e-05,9.627504634134507e-06,15.015504066354927,-2.5097264851673674e-05,15.015478969090076,26,25
sparse,0.9,0.7,replacing,exponential,3,3000,56,16,14,1,up,left,-0.1,16,13,1,right,False,normal_move,0.05,0.1,82.35899543479594,73.37329825897687,65.9359684330792,-16.423027001716747,12,3,0,left,2.4256751408754113e-05,1.528175338751509e-05,17.931632420529702,-3.983692833598996e-05,17.931592583601365,26,25
sparse,0.9,0.7,replacing,exponential,3,3000,56,16,14,1,up,left,-0.1,16,13,1,right,False,normal_move,0.05,0.1,82.35899543479594,73.37329825897687,65.9359684330792,-16.423027001716747,12,2,1,right,0.00024441614509104303,0.0001539821714073571,9.119715552815745,-0.0004014052950485718,9.119314147520695,26,25
sparse,0.9,0.7,replacing,exponential,3,3000,56,16,14,1,up,left,-0.1,16,13,1,right,False,normal_move,0.05,0.1,82.35899543479594,73.37329825897687,65.9359684330792,-16.423027001716747,10,2,1,down,9.700876798663497e-05,6.111552383158003e-05,1.056186138823435,-0.00015931776160477812,1.0560268210618302,26,25
sparse,0.9,0.7,replacing,exponential,3,3000,56,16,14,1,up,left,-0.1,16,13,1,right,False,normal_move,0.05,0.1,82.35899543479594,73.37329825897687,65.9359684330792,-16.423027001716747,11,2,1,down,0.0001539821714073571,9.700876798663497e-05,7.6026105376598,-0.00025288533588060024,7.602357652323919,26,25
sparse,0.9,0.7,replacing,exponential,3,3000,56,16,14,1,up,left,-0.1,16,13,1,right,False,normal_move,0.05,0.1,82.35899543479594,73.37329825897687,65.9359684330792,-16.423027001716747,12,3,1,down,0.0003879621350651477,0.00024441614509104303,11.734331713253997,-0.0006371512619818601,11.733694561992015,26,25
sparse,0.9,0.7,replacing,exponential,3,3000,56,16,14,1,up,left,-0.1,16,13,1,right,False,normal_move,0.05,0.1,82.35899543479594,73.37329825897687,65.9359684330792,-16.423027001716747,13,3,1,right,0.0006158129128018217,0.0003879621350651477,13.461939933007827,-0.001011351209495016,13.460928581798331,26,25
sparse,0.9,0.7,replacing,exponential,3,3000,56,16,14,1,up,left,-0.1,16,13,1,right,False,normal_move,0.05,0.1,82.35899543479594,73.37329825897687,65.9359684330792,-16.423027001716747,13,4,1,down,0.0009774808139711457,0.0006158129128018217,15.960499592890992,-0.001605319380150819,15.958894273510841,26,25
sparse,0.9,0.7,replacing,exponential,3,3000,56,16,14,1,up,left,-0.1,16,13,1,right,False,normal_move,0.05,0.1,82.35899543479594,73.37329825897687,65.9359684330792,-16.423027001716747,13,5,1,right,0.001551556847573247,0.0009774808139711457,18.291993139608355,-0.0025481260002393953,18.289445013608116,26,25
sparse,0.9,0.7,replacing,exponential,3,3000,56,16,14,1,up,left,-0.1,16,13,1,right,False,normal_move,0.05,0.1,82.35899543479594,73.37329825897687,65.9359684330792,-16.423027001716747,13,6,1,down,0.0024627886469416617,0.001551556847573247,20.973811004875337,-0.004044644444824437,20.969766360430512,26,25
sparse,0.9,0.7,replacing,exponential,3,3000,56,16,14,1,up,left,-0.1,16,13,1,right,False,normal_move,0.05,0.1,82.35899543479594,73.37329825897687,65.9359684330792,-16.423027001716747,14,6,1,down,0.003909188328478828,0.0024627886469416617,24.147099849590532,-0.006420070547340376,24.140679779043193,26,25
sparse,0.9,0.7,replacing,exponential,3,3000,56,16,14,1,up,left,-0.1,16,13,1,right,False,normal_move,0.05,0.1,82.35899543479594,73.37329825897687,65.9359684330792,-16.423027001716747,15,6,1,right,0.006205060838855283,0.003909188328478828,27.837321069779616,-0.01019058817038155,27.827130481609235,26,25
sparse,0.9,0.7,replacing,exponential,3,3000,56,16,14,1,up,left,-0.1,16,13,1,right,False,normal_move,0.05,0.1,82.35899543479594,73.37329825897687,65.9359684330792,-16.423027001716747,15,7,1,right,0.00984930291881791,0.006205060838855283,32.18663008337724,-0.01617553677838341,32.170454546598855,26,25
sparse,0.9,0.7,replacing,exponential,3,3000,56,16,14,1,up,left,-0.1,16,13,1,right,False,normal_move,0.05,0.1,82.35899543479594,73.37329825897687,65.9359684330792,-16.423027001716747,15,8,1,right,0.015633814156853824,0.00984930291881791,37.43729498090883,-0.02567545520378319,37.41161952570505,26,25
sparse,0.9,0.7,replacing,exponential,3,3000,56,16,14,1,up,left,-0.1,16,13,1,right,False,normal_move,0.05,0.1,82.35899543479594,73.37329825897687,65.9359684330792,-16.423027001716747,15,9,1,right,0.024815578026752102,0.015633814156853824,42.08489994233306,-0.04075469079965586,42.0441452515334,26,25
sparse,0.9,0.7,replacing,exponential,3,3000,56,16,14,1,up,left,-0.1,16,13,1,right,False,normal_move,0.05,0.1,82.35899543479594,73.37329825897687,65.9359684330792,-16.423027001716747,15,10,1,right,0.03938980639167,0.024815578026752102,49.22966253954423,-0.06468998539627914,49.16497255414795,26,25
sparse,0.9,0.7,replacing,exponential,3,3000,56,16,14,1,up,left,-0.1,16,13,1,right,False,normal_move,0.05,0.1,82.35899543479594,73.37329825897687,65.9359684330792,-16.423027001716747,15,11,1,right,0.062523502209,0.03938980639167,59.83998951354493,-0.10268251650203038,59.7373069970429,26,25
sparse,0.9,0.7,replacing,exponential,3,3000,56,16,14,1,up,left,-0.1,16,13,1,right,False,normal_move,0.05,0.1,82.35899543479594,73.37329825897687,65.9359684330792,-16.423027001716747,16,11,1,right,0.09924365430000001,0.062523502209,56.4120344414721,-0.16298812143179425,56.24904632004031,26,25
sparse,0.9,0.7,replacing,exponential,3,3000,56,16,14,1,up,left,-0.1,16,13,1,right,False,normal_move,0.05,0.1,82.35899543479594,73.37329825897687,65.9359684330792,-16.423027001716747,16,12,1,right,0.39690000000000003,0.250047,65.01522633719323,-0.6518299416981378,64.36339639549509,26,25
sparse,0.9,0.7,replacing,exponential,3,3000,56,16,14,1,up,left,-0.1,16,13,1,right,False,normal_move,0.05,0.1,82.35899543479594,73.37329825897687,65.9359684330792,-16.423027001716747,15,12,1,right,0.250047,0.15752961000000001,69.91257835673622,-0.4106528632698268,69.50192549346639,26,25
sparse,0.9,0.7,replacing,exponential,3,3000,56,16,14,1,up,left,-0.1,16,13,1,right,False,normal_move,0.05,0.1,82.35899543479594,73.37329825897687,65.9359684330792,-16.423027001716747,16,13,1,right,0.63,0.39690000000000003,73.37329825897687,-1.0346507011081552,72.33864755786873,26,25
sparse,0.9,0.7,replacing,exponential,3,3000,56,16,14,1,up,left,-0.1,16,13,1,right,False,normal_move,0.05,0.1,82.35899543479594,73.37329825897687,65.9359684330792,-16.423027001716747,16,14,1,up,1.0,0.63,82.35899543479594,-1.6423027001716748,80.71669273462427,26,25
sparse,0.9,0.7,replacing,exponential,3,3000,57,16,13,1,right,up,-0.1,15,13,1,right,False,normal_move,0.05,0.1,72.33864755786873,83.73740356997494,75.26366321297746,2.925015655108737,12,7,0,left,1.5166170502884016e-06,0.0,8.627642799799911,4.43612861489841e-07,8.627643243412773,25,24
sparse,0.9,0.7,replacing,exponential,3,3000,57,16,13,1,right,up,-0.1,15,13,1,right,False,normal_move,0.05,0.1,72.33864755786873,83.73740356997494,75.26366321297746,2.925015655108737,12,6,0,left,3.821156589287986e-06,2.4073286512514312e-06,10.515903367724263,1.1176942844289268e-06,10.515904485418547,25,24
sparse,0.9,0.7,replacing,exponential,3,3000,57,16,13,1,right,up,-0.1,15,13,1,right,False,normal_move,0.05,0.1,72.33864755786873,83.73740356997494,75.26366321297746,2.925015655108737,12,5,0,left,6.06532791950474e-06,3.821156589287986e-06,12.751139800734352,1.7741179117919472e-06,12.751141574852264,25,24
sparse,0.9,0.7,replacing,exponential,3,3000,57,16,13,1,right,up,-0.1,15,13,1,right,False,normal_move,0.05,0.1,72.33864755786873,83.73740356997494,75.26366321297746,2.925015655108737,12,4,0,left,9.627504634134507e-06,6.06532791950474e-06,15.015478969090076,2.8160601774475352e-06,15.015481785150254,25,24
sparse,0.9,0.7,replacing,exponential,3,3000,57,16,13,1,right,up,-0.1,15,13,1,right,False,normal_move,0.05,0.1,72.33864755786873,83.73740356997494,75.26366321297746,2.925015655108737,12,3,0,left,1.528175338751509e-05,9.627504634134507e-06,17.931592583601365,4.469936789599262e-06,17.931597053538155,25,24
sparse,0.9,0.7,replacing,exponential,3,3000,57,16,13,1,right,up,-0.1,15,13,1,right,False,normal_move,0.05,0.1,72.33864755786873,83.73740356997494,75.26366321297746,2.925015655108737,12,2,1,right,0.0001539821714073571,9.700876798663497e-05,9.119314147520695,4.504002619741565e-05,9.119359187546893,25,24
sparse,0.9,0.7,replacing,exponential,3,3000,57,16,13,1,right,up,-0.1,15,13,1,right,False,normal_move,0.05,0.1,72.33864755786873,83.73740356997494,75.26366321297746,2.925015655108737,10,2,1,down,6.111552383158003e-05,3.850278001389542e-05,1.0560268210618302,1.787638639775427e-05,1.056044697448228,25,24
sparse,0.9,0.7,replacing,exponential,3,3000,57,16,13,1,right,up,-0.1,15,13,1,right,False,normal_move,0.05,0.1,72.33864755786873,83.73740356997494,75.26366321297746,2.925015655108737,11,2,1,down,9.700876798663497e-05,6.111552383158003e-05,7.602357652323919,2.837521650437186e-05,7.602386027540423,25,24
sparse,0.9,0.7,replacing,exponential,3,3000,57,16,13,1,right,up,-0.1,15,13,1,right,False,normal_move,0.05,0.1,72.33864755786873,83.73740356997494,75.26366321297746,2.925015655108737,12,3,1,down,0.00024441614509104303,0.0001539821714073571,11.733694561992015,7.149210507526294e-05,11.73376605409709,25,24
sparse,0.9,0.7,replacing,exponential,3,3000,57,16,13,1,right,up,-0.1,15,13,1,right,False,normal_move,0.05,0.1,72.33864755786873,83.73740356997494,75.26366321297746,2.925015655108737,13,3,1,right,0.0003879621350651477,0.00024441614509104303,13.460928581798331,0.00011347953186549676,13.461042061330197,25,24
sparse,0.9,0.7,replacing,exponential,3,3000,57,16,13,1,right,up,-0.1,15,13,1,right,False,normal_move,0.05,0.1,72.33864755786873,83.73740356997494,75.26366321297746,2.925015655108737,13,4,1,down,0.0006158129128018217,0.0003879621350651477,15.958894273510841,0.00018012624105634404,15.959074399751898,25,24
sparse,0.9,0.7,replacing,exponential,3,3000,57,16,13,1,right,up,-0.1,15,13,1,right,False,normal_move,0.05,0.1,72.33864755786873,83.73740356997494,75.26366321297746,2.925015655108737,13,5,1,right,0.0009774808139711457,0.0006158129128018217,18.289445013608116,0.00028591466834340326,18.28973092827646,25,24
sparse,0.9,0.7,replacing,exponential,3,3000,57,16,13,1,right,up,-0.1,15,13,1,right,False,normal_move,0.05,0.1,72.33864755786873,83.73740356997494,75.26366321297746,2.925015655108737,13,6,1,down,0.001551556847573247,0.0009774808139711457,20.969766360430512,0.00045383280689429085,20.970220193237406,25,24
sparse,0.9,0.7,replacing,exponential,3,3000,57,16,13,1,right,up,-0.1,15,13,1,right,False,normal_move,0.05,0.1,72.33864755786873,83.73740356997494,75.26366321297746,2.925015655108737,14,6,1,down,0.0024627886469416617,0.001551556847573247,24.140679779043193,0.0007203695347528426,24.141400148577947,25,24
sparse,0.9,0.7,replacing,exponential,3,3000,57,16,13,1,right,up,-0.1,15,13,1,right,False,normal_move,0.05,0.1,72.33864755786873,83.73740356997494,75.26366321297746,2.925015655108737,15,6,1,right,0.003909188328478828,0.0024627886469416617,27.827130481609235,0.001143443705956893,27.82827392531519,25,24
sparse,0.9,0.7,replacing,exponential,3,3000,57,16,13,1,right,up,-0.1,15,13,1,right,False,normal_move,0.05,0.1,72.33864755786873,83.73740356997494,75.26366321297746,2.925015655108737,15,7,1,right,0.006205060838855283,0.003909188328478828,32.170454546598855,0.0018149900094553857,32.17226953660831,25,24
sparse,0.9,0.7,replacing,exponential,3,3000,57,16,13,1,right,up,-0.1,15,13,1,right,False,normal_move,0.05,0.1,72.33864755786873,83.73740356997494,75.26366321297746,2.925015655108737,15,8,1,right,0.00984930291881791,0.006205060838855283,37.41161952570505,0.002880936522945057,37.41450046222799,25,24
sparse,0.9,0.7,replacing,exponential,3,3000,57,16,13,1,right,up,-0.1,15,13,1,right,False,normal_move,0.05,0.1,72.33864755786873,83.73740356997494,75.26366321297746,2.925015655108737,15,9,1,right,0.015633814156853824,0.00984930291881791,42.0441452515334,0.004572915115785804,42.04871816664919,25,24
sparse,0.9,0.7,replacing,exponential,3,3000,57,16,13,1,right,up,-0.1,15,13,1,right,False,normal_move,0.05,0.1,72.33864755786873,83.73740356997494,75.26366321297746,2.925015655108737,15,10,1,right,0.024815578026752102,0.015633814156853824,49.16497255414795,0.007258595421882229,49.17223114956983,25,24
sparse,0.9,0.7,replacing,exponential,3,3000,57,16,13,1,right,up,-0.1,15,13,1,right,False,normal_move,0.05,0.1,72.33864755786873,83.73740356997494,75.26366321297746,2.925015655108737,15,11,1,right,0.03938980639167,0.024815578026752102,59.7373069970429,0.011521580034733697,59.74882857707763,25,24
sparse,0.9,0.7,replacing,exponential,3,3000,57,16,13,1,right,up,-0.1,15,13,1,right,False,normal_move,0.05,0.1,72.33864755786873,83.73740356997494,75.26366321297746,2.925015655108737,16,11,1,right,0.062523502209,0.03938980639167,56.24904632004031,0.018288222277355076,56.26733454231766,25,24
sparse,0.9,0.7,replacing,exponential,3,3000,57,16,13,1,right,up,-0.1,15,13,1,right,False,normal_move,0.05,0.1,72.33864755786873,83.73740356997494,75.26366321297746,2.925015655108737,16,12,1,right,0.250047,0.15752961000000001,64.36339639549509,0.07313913895129745,64.43653553444638,25,24
sparse,0.9,0.7,replacing,exponential,3,3000,57,16,13,1,right,up,-0.1,15,13,1,right,False,normal_move,0.05,0.1,72.33864755786873,83.73740356997494,75.26366321297746,2.925015655108737,15,12,1,right,0.15752961000000001,0.09924365430000001,69.50192549346639,0.0460776575393174,69.5480031510057,25,24
sparse,0.9,0.7,replacing,exponential,3,3000,57,16,13,1,right,up,-0.1,15,13,1,right,False,normal_move,0.05,0.1,72.33864755786873,83.73740356997494,75.26366321297746,2.925015655108737,16,13,1,right,1.0,0.63,72.33864755786873,0.29250156551087375,72.6311491233796,25,24
sparse,0.9,0.7,replacing,exponential,3,3000,57,16,13,1,right,up,-0.1,15,13,1,right,False,normal_move,0.05,0.1,72.33864755786873,83.73740356997494,75.26366321297746,2.925015655108737,16,14,1,up,0.63,0.39690000000000003,80.71669273462427,0.18427598627185046,80.90096872089613,25,24
sparse,0.9,0.7,replacing,exponential,3,3000,58,15,13,1,right,right,-0.1,15,14,1,right,False,door_passed,0.05,0.1,83.73740356997494,94.68520803057723,85.11668722751952,1.3792836575445762,12,6,0,left,2.4073286512514312e-06,1.5166170502884016e-06,10.515904485418547,3.320389067009926e-07,10.515904817457454,25,25
sparse,0.9,0.7,replacing,exponential,3,3000,58,15,13,1,right,right,-0.1,15,14,1,right,False,door_passed,0.05,0.1,83.73740356997494,94.68520803057723,85.11668722751952,1.3792836575445762,12,5,0,left,3.821156589287986e-06,2.4073286512514312e-06,12.751141574852264,5.270458836523692e-07,12.751142101898148,25,25
sparse,0.9,0.7,replacing,exponential,3,3000,58,15,13,1,right,right,-0.1,15,14,1,right,False,door_passed,0.05,0.1,83.73740356997494,94.68520803057723,85.11668722751952,1.3792836575445762,12,4,0,left,6.06532791950474e-06,3.821156589287986e-06,15.015481785150254,8.365807677021733e-07,15.01548262173102,25,25
sparse,0.9,0.7,replacing,exponential,3,3000,58,15,13,1,right,right,-0.1,15,14,1,right,False,door_passed,0.05,0.1,83.73740356997494,94.68520803057723,85.11668722751952,1.3792836575445762,12,3,0,left,9.627504634134507e-06,6.06532791950474e-06,17.931597053538155,1.3279059804796401e-06,17.931598381444136,25,25
sparse,0.9,0.7,replacing,exponential,3,3000,58,15,13,1,right,right,-0.1,15,14,1,right,False,door_passed,0.05,0.1,83.73740356997494,94.68520803057723,85.11668722751952,1.3792836575445762,12,2,1,right,9.700876798663497e-05,6.111552383158003e-05,9.119359187546893,1.3380260832249908e-05,9.119372567807725,25,25
sparse,0.9,0.7,replacing,exponential,3,3000,58,15,13,1,right,right,-0.1,15,14,1,right,False,door_passed,0.05,0.1,83.73740356997494,94.68520803057723,85.11668722751952,1.3792836575445762,10,2,1,down,3.850278001389542e-05,2.4256751408754113e-05,1.056044697448228,5.310625524319988e-06,1.0560500080737523,25,25
sparse,0.9,0.7,replacing,exponential,3,3000,58,15,13,1,right,right,-0.1,15,14,1,right,False,door_passed,0.05,0.1,83.73740356997494,94.68520803057723,85.11668722751952,1.3792836575445762,11,2,1,down,6.111552383158003e-05,3.850278001389542e-05,7.602386027540423,8.429564324317443e-06,7.602394457104747,25,25
sparse,0.9,0.7,replacing,exponential,3,3000,58,15,13,1,right,right,-0.1,15,14,1,right,False,door_passed,0.05,0.1,83.73740356997494,94.68520803057723,85.11668722751952,1.3792836575445762,12,3,1,down,0.0001539821714073571,9.700876798663497e-05,11.73376605409709,2.123850925753954e-05,11.733787292606348,25,25
sparse,0.9,0.7,replacing,exponential,3,3000,58,15,13,1,right,right,-0.1,15,14,1,right,False,door_passed,0.05,0.1,83.73740356997494,94.68520803057723,85.11668722751952,1.3792836575445762,13,3,1,right,0.00024441614509104303,0.0001539821714073571,13.461042061330197,3.371191945641197e-05,13.461075773249654,25,25
sparse,0.9,0.7,replacing,exponential,3,3000,58,15,13,1,right,right,-0.1,15,14,1,right,False,door_passed,0.05,0.1,83.73740356997494,94.68520803057723,85.11668722751952,1.3792836575445762,13,4,1,down,0.0003879621350651477,0.00024441614509104303,15.959074399751898,5.351098326414599e-05,15.959127910735162,25,25
sparse,0.9,0.7,replacing,exponential,3,3000,58,15,13,1,right,right,-0.1,15,14,1,right,False,door_passed,0.05,0.1,83.73740356997494,94.68520803057723,85.11668722751952,1.3792836575445762,13,5,1,right,0.0006158129128018217,0.0003879621350651477,18.28973092827646,8.49380686732476e-05,18.289815866345133,25,25
sparse,0.9,0.7,replacing,exponential,3,3000,58,15,13,1,right,right,-0.1,15,14,1,right,False,door_passed,0.05,0.1,83.73740356997494,94.68520803057723,85.11668722751952,1.3792836575445762,13,6,1,down,0.0009774808139711457,0.0006158129128018217,20.970220193237406,0.00013482233122737714,20.970355015568632,25,25
sparse,0.9,0.7,replacing,exponential,3,3000,58,15,13,1,right,right,-0.1,15,14,1,right,False,door_passed,0.05,0.1,83.73740356997494,94.68520803057723,85.11668722751952,1.3792836575445762,14,6,1,down,0.001551556847573247,0.0009774808139711457,24.141400148577947,0.0002140037003609161,24.141614152278308,25,25
sparse,0.9,0.7,replacing,exponential,3,3000,58,15,13,1,right,right,-0.1,15,14,1,right,False,door_passed,0.05,0.1,83.73740356997494,94.68520803057723,85.11668722751952,1.3792836575445762,15,6,1,right,0.0024627886469416617,0.001551556847573247,27.82827392531519,0.0003396884132712953,27.82861361372846,25,25
sparse,0.9,0.7,replacing,exponential,3,3000,58,15,13,1,right,right,-0.1,15,14,1,right,False,door_passed,0.05,0.1,83.73740356997494,94.68520803057723,85.11668722751952,1.3792836575445762,15,7,1,right,0.003909188328478828,0.0024627886469416617,32.17226953660831,0.0005391879575734847,32.17280872456588,25,25
sparse,0.9,0.7,replacing,exponential,3,3000,58,15,13,1,right,right,-0.1,15,14,1,right,False,door_passed,0.05,0.1,83.73740356997494,94.68520803057723,85.11668722751952,1.3792836575445762,15,8,1,right,0.006205060838855283,0.003909188328478828,37.41450046222799,0.0008558539009102932,37.4153563161289,25,25
sparse,0.9,0.7,replacing,exponential,3,3000,58,15,13,1,right,right,-0.1,15,14,1,right,False,door_passed,0.05,0.1,83.73740356997494,94.68520803057723,85.11668722751952,1.3792836575445762,15,9,1,right,0.00984930291881791,0.006205060838855283,42.04871816664919,0.0013584982554131638,42.0500766649046,25,25
sparse,0.9,0.7,replacing,exponential,3,3000,58,15,13,1,right,right,-0.1,15,14,1,right,False,door_passed,0.05,0.1,83.73740356997494,94.68520803057723,85.11668722751952,1.3792836575445762,15,10,1,right,0.015633814156853824,0.00984930291881791,49.17223114956983,0.0021563464371637518,49.17438749600699,25,25
sparse,0.9,0.7,replacing,exponential,3,3000,58,15,13,1,right,right,-0.1,15,14,1,right,False,door_passed,0.05,0.1,83.73740356997494,94.68520803057723,85.11668722751952,1.3792836575445762,15,11,1,right,0.024815578026752102,0.015633814156853824,59.74882857707763,0.003422772122482146,59.752251349200115,25,25
sparse,0.9,0.7,replacing,exponential,3,3000,58,15,13,1,right,right,-0.1,15,14,1,right,False,door_passed,0.05,0.1,83.73740356997494,94.68520803057723,85.11668722751952,1.3792836575445762,16,11,1,right,0.03938980639167,0.024815578026752102,56.26733454231766,0.005432971622987533,56.27276751394065,25,25
sparse,0.9,0.7,replacing,exponential,3,3000,58,15,13,1,right,right,-0.1,15,14,1,right,False,door_passed,0.05,0.1,83.73740356997494,94.68520803057723,85.11668722751952,1.3792836575445762,16,12,1,right,0.15752961000000001,0.09924365430000001,64.43653553444638,0.02172780166523707,64.45826333611161,25,25
sparse,0.9,0.7,replacing,exponential,3,3000,58,15,13,1,right,right,-0.1,15,14,1,right,False,door_passed,0.05,0.1,83.73740356997494,94.68520803057723,85.11668722751952,1.3792836575445762,15,12,1,right,0.09924365430000001,0.062523502209,69.5480031510057,0.013688515049099353,69.5616916660548,25,25
sparse,0.9,0.7,replacing,exponential,3,3000,58,15,13,1,right,right,-0.1,15,14,1,right,False,door_passed,0.05,0.1,83.73740356997494,94.68520803057723,85.11668722751952,1.3792836575445762,16,13,1,right,0.63,0.39690000000000003,72.6311491233796,0.08689487042530832,72.71804399380491,25,25
sparse,0.9,0.7,replacing,exponential,3,3000,58,15,13,1,right,right,-0.1,15,14,1,right,False,door_passed,0.05,0.1,83.73740356997494,94.68520803057723,85.11668722751952,1.3792836575445762,16,14,1,up,0.39690000000000003,0.250047,80.90096872089613,0.054743768367944236,80.95571248926407,25,25
sparse,0.9,0.7,replacing,exponential,3,3000,58,15,13,1,right,right,-0.1,15,14,1,right,False,door_passed,0.05,0.1,83.73740356997494,94.68520803057723,85.11668722751952,1.3792836575445762,15,13,1,right,1.0,0.63,83.73740356997494,0.13792836575445763,83.8753319357294,25,25
sparse,0.9,0.7,replacing,exponential,3,3000,59,15,14,1,right,right,100.0,15,15,1,,True,goal_reached,0.05,0.1,94.68520803057723,0.0,100.0,5.314791969422771,12,6,0,left,1.5166170502884016e-06,0.0,10.515904817457454,8.060504119562447e-07,10.515905623507866,26,25
sparse,0.9,0.7,replacing,exponential,3,3000,59,15,14,1,right,right,100.0,15,15,1,,True,goal_reached,0.05,0.1,94.68520803057723,0.0,100.0,5.314791969422771,12,5,0,left,2.4073286512514312e-06,1.5166170502884016e-06,12.751142101898148,1.2794450983432456e-06,12.751143381343248,26,25
sparse,0.9,0.7,replacing,exponential,3,3000,59,15,14,1,right,right,100.0,15,15,1,,True,goal_reached,0.05,0.1,94.68520803057723,0.0,100.0,5.314791969422771,12,4,0,left,3.821156589287986e-06,2.4073286512514312e-06,15.01548262173102,2.0308652354654693e-06,15.015484652596257,26,25
sparse,0.9,0.7,replacing,exponential,3,3000,59,15,14,1,right,right,100.0,15,15,1,,True,goal_reached,0.05,0.1,94.68520803057723,0.0,100.0,5.314791969422771,12,3,0,left,6.06532791950474e-06,3.821156589287986e-06,17.931598381444136,3.223595611849951e-06,17.93160160503975,26,25
sparse,0.9,0.7,replacing,exponential,3,3000,59,15,14,1,right,right,100.0,15,15,1,,True,goal_reached,0.05,0.1,94.68520803057723,0.0,100.0,5.314791969422771,12,2,1,right,6.111552383158003e-05,3.850278001389542e-05,9.119372567807725,3.248162952671475e-05,9.119405049437251,26,25
sparse,0.9,0.7,replacing,exponential,3,3000,59,15,14,1,right,right,100.0,15,15,1,,True,goal_reached,0.05,0.1,94.68520803057723,0.0,100.0,5.314791969422771,10,2,1,down,2.4256751408754113e-05,1.528175338751509e-05,1.0560500080737523,1.2891958759153084e-05,1.0560629000325115,26,25
sparse,0.9,0.7,replacing,exponential,3,3000,59,15,14,1,right,right,100.0,15,15,1,,True,goal_reached,0.05,0.1,94.68520803057723,0.0,100.0,5.314791969422771,11,2,1,down,3.850278001389542e-05,2.4256751408754113e-05,7.602394457104747,2.046342660183029e-05,7.602414920531349,26,25
sparse,0.9,0.7,replacing,exponential,3,3000,59,15,14,1,right,right,100.0,15,15,1,,True,goal_reached,0.05,0.1,94.68520803057723,0.0,100.0,5.314791969422771,12,3,1,down,9.700876798663497e-05,6.111552383158003e-05,11.733787292606348,5.155814210589643e-05,11.733838850748453,26,25
sparse,0.9,0.7,replacing,exponential,3,3000,59,15,14,1,right,right,100.0,15,15,1,,True,goal_reached,0.05,0.1,94.68520803057723,0.0,100.0,5.314791969422771,13,3,1,right,0.0001539821714073571,9.700876798663497e-05,13.461075773249654,8.183832080301021e-05,13.461157611570457,26,25
sparse,0.9,0.7,replacing,exponential,3,3000,59,15,14,1,right,right,100.0,15,15,1,,True,goal_reached,0.05,0.1,94.68520803057723,0.0,100.0,5.314791969422771,13,4,1,down,0.00024441614509104303,0.0001539821714073571,15.959127910735162,0.00012990209651271464,15.959257812831675,26,25
sparse,0.9,0.7,replacing,exponential,3,3000,59,15,14,1,right,right,100.0,15,15,1,,True,goal_reached,0.05,0.1,94.68520803057723,0.0,100.0,5.314791969422771,13,5,1,right,0.0003879621350651477,0.00024441614509104303,18.289815866345133,0.00020619380398843594,18.290022060149123,26,25
sparse,0.9,0.7,replacing,exponential,3,3000,59,15,14,1,right,right,100.0,15,15,1,,True,goal_reached,0.05,0.1,94.68520803057723,0.0,100.0,5.314791969422771,13,6,1,down,0.0006158129128018217,0.0003879621350651477,20.970355015568632,0.0003272917523625967,20.970682307320995,26,25
sparse,0.9,0.7,replacing,exponential,3,3000,59,15,14,1,right,right,100.0,15,15,1,,True,goal_reached,0.05,0.1,94.68520803057723,0.0,100.0,5.314791969422771,14,6,1,down,0.0009774808139711457,0.0006158129128018217,24.141614152278308,0.0005195107180358678,24.142133662996343,26,25
sparse,0.9,0.7,replacing,exponential,3,3000,59,15,14,1,right,right,100.0,15,15,1,,True,goal_reached,0.05,0.1,94.68520803057723,0.0,100.0,5.314791969422771,15,6,1,right,0.001551556847573247,0.0009774808139711457,27.82861361372846,0.0008246201873585203,27.82943823391582,26,25
sparse,0.9,0.7,replacing,exponential,3,3000,59,15,14,1,right,right,100.0,15,15,1,,True,goal_reached,0.05,0.1,94.68520803057723,0.0,100.0,5.314791969422771,15,7,1,right,0.0024627886469416617,0.001551556847573247,32.17280872456588,0.0013089209323151115,32.1741176454982,26,25
sparse,0.9,0.7,replacing,exponential,3,3000,59,15,14,1,right,right,100.0,15,15,1,,True,goal_reached,0.05,0.1,94.68520803057723,0.0,100.0,5.314791969422771,15,8,1,right,0.003909188328478828,0.0024627886469416617,37.4153563161289,0.0020776522735160502,37.41743396840241,26,25
sparse,0.9,0.7,replacing,exponential,3,3000,59,15,14,1,right,right,100.0,15,15,1,,True,goal_reached,0.05,0.1,94.68520803057723,0.0,100.0,5.314791969422771,15,9,1,right,0.006205060838855283,0.003909188328478828,42.0500766649046,0.003297860751612778,42.05337452565622,26,25
sparse,0.9,0.7,replacing,exponential,3,3000,59,15,14,1,right,right,100.0,15,15,1,,True,goal_reached,0.05,0.1,94.68520803057723,0.0,100.0,5.314791969422771,15,10,1,right,0.00984930291881791,0.006205060838855283,49.17438749600699,0.005234699605734568,49.17962219561273,26,25
sparse,0.9,0.7,replacing,exponential,3,3000,59,15,14,1,right,right,100.0,15,15,1,,True,goal_reached,0.05,0.1,94.68520803057723,0.0,100.0,5.314791969422771,15,11,1,right,0.015633814156853824,0.00984930291881791,59.752251349200115,0.008309046993229473,59.76056039619335,26,25
sparse,0.9,0.7,replacing,exponential,3,3000,59,15,14,1,right,right,100.0,15,15,1,,True,goal_reached,0.05,0.1,94.68520803057723,0.0,100.0,5.314791969422771,16,11,1,right,0.024815578026752102,0.015633814156853824,56.27276751394065,0.013188963481316623,56.28595647742197,26,25
sparse,0.9,0.7,replacing,exponential,3,3000,59,15,14,1,right,right,100.0,15,15,1,,True,goal_reached,0.05,0.1,94.68520803057723,0.0,100.0,5.314791969422771,16,12,1,right,0.09924365430000001,0.062523502209,64.45826333611161,0.05274593768898097,64.5110092738006,26,25
sparse,0.9,0.7,replacing,exponential,3,3000,59,15,14,1,right,right,100.0,15,15,1,,True,goal_reached,0.05,0.1,94.68520803057723,0.0,100.0,5.314791969422771,15,12,1,right,0.062523502209,0.03938980639167,69.5616916660548,0.03322994074405801,69.59492160679886,26,25
sparse,0.9,0.7,replacing,exponential,3,3000,59,15,14,1,right,right,100.0,15,15,1,,True,goal_reached,0.05,0.1,94.68520803057723,0.0,100.0,5.314791969422771,16,13,1,right,0.39690000000000003,0.250047,72.71804399380491,0.2109440932663898,72.9289880870713,26,25
sparse,0.9,0.7,replacing,exponential,3,3000,59,15,14,1,right,right,100.0,15,15,1,,True,goal_reached,0.05,0.1,94.68520803057723,0.0,100.0,5.314791969422771,16,14,1,up,0.250047,0.15752961000000001,80.95571248926407,0.13289477875782557,81.0886072680219,26,25
sparse,0.9,0.7,replacing,exponential,3,3000,59,15,14,1,right,right,100.0,15,15,1,,True,goal_reached,0.05,0.1,94.68520803057723,0.0,100.0,5.314791969422771,15,13,1,right,0.63,0.39690000000000003,83.8753319357294,0.33483189407363456,84.21016382980304,26,25
sparse,0.9,0.7,replacing,exponential,3,3000,59,15,14,1,right,right,100.0,15,15,1,,True,goal_reached,0.05,0.1,94.68520803057723,0.0,100.0,5.314791969422771,15,14,1,right,1.0,0.63,94.68520803057723,0.5314791969422771,95.2166872275195,26,25
