reward_mode,gamma,iteration,maximum_change
sparse,0.5,1,79.97999999999999
sparse,0.5,2,31.981999999999996
sparse,0.5,3,14.389175
sparse,0.5,4,6.39186375
sparse,0.5,5,2.8756141250000007
sparse,0.5,6,1.2902764312500001
sparse,0.5,7,0.5164588600000001
sparse,0.5,8,0.23643429689843776
sparse,0.5,9,0.11075038673828128
sparse,0.5,10,0.052889715916621116
sparse,0.5,11,0.025123419310460013
sparse,0.5,12,0.012056108768787599
sparse,0.5,13,0.005798512917598392
sparse,0.5,14,0.002784233351562748
sparse,0.5,15,0.001337340593838332
sparse,0.5,16,0.0006402082898815109
sparse,0.5,17,0.00030556750167720637
sparse,0.5,18,0.00014973365353479484
sparse,0.5,19,7.372014339451782e-05
sparse,0.5,20,3.612469408373342e-05
sparse,0.5,21,1.7136289793384663e-05
sparse,0.5,22,8.092875502629937e-06
sparse,0.5,23,3.99441294443581e-06
sparse,0.5,24,1.898865143484807e-06
sparse,0.5,25,9.084886967158923e-07
sparse,0.9,1,79.97999999999999
sparse,0.9,2,57.56760000000001
sparse,0.9,3,46.62092700000001
sparse,0.9,4,37.28259819000001
sparse,0.9,5,30.19171827060001
sparse,0.9,6,24.388066119402012
sparse,0.9,7,19.445672981409487
sparse,0.9,8,15.664767288177433
sparse,0.9,9,13.752782956222811
sparse,0.9,10,11.803869155547035
sparse,0.9,11,9.95232550385385
sparse,0.9,12,8.667775469754739
sparse,0.9,13,7.507092709243928
sparse,0.9,14,6.4302139837998915
sparse,0.9,15,5.4532773838810265
sparse,0.9,16,4.583394298187892
sparse,0.9,17,3.9531945766691905
sparse,0.9,18,3.481576591517915
sparse,0.9,19,3.0019634368148314
sparse,0.9,20,2.65223978215562
sparse,0.9,21,2.2667955819694443
sparse,0.9,22,1.917639059064146
sparse,0.9,23,1.6937631003057971
sparse,0.9,24,1.4780408655475237
sparse,0.9,25,1.2016153347820735
sparse,0.9,26,1.048457658079227
sparse,0.9,27,0.8632971940289597
sparse,0.9,28,0.7447645078820126
sparse,0.9,29,0.6574655088949988
sparse,0.9,30,0.5440263159927143
sparse,0.9,31,0.4797987378819011
sparse,0.9,32,0.42875962614152385
sparse,0.9,33,0.381623698669737
sparse,0.9,34,0.339093179311607
sparse,0.9,35,0.3007185297557524
sparse,0.9,36,0.2652805452400411
sparse,0.9,37,0.2252071576359036
sparse,0.9,38,0.19438272636122345
sparse,0.9,39,0.17313991746368185
sparse,0.9,40,0.15091034088189859
sparse,0.9,41,0.13441887035949962
sparse,0.9,42,0.12035366536993919
sparse,0.9,43,0.09849033388042805
sparse,0.9,44,0.08590680441061427
sparse,0.9,45,0.0764398921522817
sparse,0.9,46,0.05775371789076966
sparse,0.9,47,0.05180261088242738
sparse,0.9,48,0.0374535999410498
sparse,0.9,49,0.031738194814703635
sparse,0.9,50,0.022275504581839467
sparse,0.9,51,0.017914345145968125
sparse,0.9,52,0.012266276766113027
sparse,0.9,53,0.009459767870823699
sparse,0.9,54,0.006338073082235329
sparse,0.9,55,0.004719830656926938
sparse,0.9,56,0.0031019179094951
sparse,0.9,57,0.0027389274499522998
sparse,0.9,58,0.002465034704957958
sparse,0.9,59,0.002218531234461807
sparse,0.9,60,0.0019966781110163367
sparse,0.9,61,0.0017970102999136373
sparse,0.9,62,0.001617309269922984
sparse,0.9,63,0.0014555783429326397
sparse,0.9,64,0.0013100205086384875
sparse,0.9,65,0.0011790184577726848
sparse,0.9,66,0.001061116611996482
sparse,0.9,67,0.0009550049507964786
sparse,0.9,68,0.0008595044557164755
sparse,0.9,69,0.0007735540101450056
sparse,0.9,70,0.000696198609130505
sparse,0.9,71,0.0006265787482195861
sparse,0.9,72,0.000563920873394963
sparse,0.9,73,0.0005075287860556443
sparse,0.9,74,0.0004567759074500799
sparse,0.9,75,0.0004110983167056048
sparse,0.9,76,0.00036998848503522197
sparse,0.9,77,0.00033298963653116687
sparse,0.9,78,0.00029969067287893836
sparse,0.9,79,0.0002697216055924656
sparse,0.9,80,0.0002427494450305545
sparse,0.9,81,0.00021847450052980832
sparse,0.9,82,0.00019662705047451823
sparse,0.9,83,0.00017696434542813222
sparse,0.9,84,0.00015926791088460845
sparse,0.9,85,0.0001433411197986345
sparse,0.9,86,0.0001290070078159289
sparse,0.9,87,0.00011610630703273728
sparse,0.9,88,0.00010449567633230572
sparse,0.9,89,9.404610869800933e-05
sparse,0.9,90,8.464149782838604e-05
sparse,0.9,91,7.617734804554743e-05
sparse,0.9,92,6.855961324170323e-05
sparse,0.9,93,6.17036519194869e-05
sparse,0.9,94,5.553328672469604e-05
sparse,0.9,95,4.9979958053114615e-05
sparse,0.9,96,4.498196224744788e-05
sparse,0.9,97,4.0483766023058365e-05
sparse,0.9,98,3.643538942199598e-05
sparse,0.9,99,3.279185047944111e-05
sparse,0.9,100,2.9512665431496998e-05
sparse,0.9,101,2.656139888657094e-05
sparse,0.9,102,2.390525899897966e-05
sparse,0.9,103,2.1514733099081695e-05
sparse,0.9,104,1.936325979023934e-05
sparse,0.9,105,1.7426933808906142e-05
sparse,0.9,106,1.5684240429081342e-05
sparse,0.9,107,1.4115816385995572e-05
sparse,0.9,108,1.2704234746863108e-05
sparse,0.9,109,1.1433811271999161e-05
sparse,0.9,110,1.0290430145332152e-05
sparse,0.9,111,9.26138713275293e-06
sparse,0.9,112,8.335248415036745e-06
sparse,0.9,113,7.501723576552877e-06
sparse,0.9,114,6.7515512203186745e-06
sparse,0.9,115,6.076396097398629e-06
sparse,0.9,116,5.468756487658766e-06
sparse,0.9,117,4.9218808353401755e-06
sparse,0.9,118,4.429692754825965e-06
sparse,0.9,119,3.986723479343368e-06
sparse,0.9,120,3.5880511308761243e-06
sparse,0.9,121,3.2292460172556048e-06
sparse,0.9,122,2.9063214164182227e-06
sparse,0.9,123,2.6156892740658577e-06
sparse,0.9,124,2.3541203475474504e-06
sparse,0.9,125,2.1187083127927053e-06
sparse,0.9,126,1.906837480802892e-06
sparse,0.9,127,1.7161537311238817e-06
sparse,0.9,128,1.5445383603207574e-06
sparse,0.9,129,1.3900845239334103e-06
sparse,0.9,130,1.2510760729611548e-06
sparse,0.9,131,1.1259684633557754e-06
sparse,0.9,132,1.0133716195070974e-06
sparse,0.9,133,9.120344550694881e-07
sparse,0.99,1,79.97999999999999
sparse,0.99,2,63.32436
sparse,0.99,3,56.41132166999999
sparse,0.99,4,49.623932071889996
sparse,0.99,5,44.20447192948446
sparse,0.99,6,39.27822025377155
sparse,0.99,7,34.5874544568615
sparse,0.99,8,30.60412619689408
sparse,0.99,9,29.581847334895077
sparse,0.99,10,27.955047546100516
sparse,0.99,11,25.95565100091529
sparse,0.99,12,24.907110124576064
sparse,0.99,13,23.74673367735154
sparse,0.99,14,22.389195602941356
sparse,0.99,15,20.900356785804668
sparse,0.99,16,19.33737707047912
sparse,0.99,17,18.27324861228968
sparse,0.99,18,17.71666966107123
sparse,0.99,19,16.80782728679051
sparse,0.99,20,16.35072753011323
sparse,0.99,21,15.294785315609829
sparse,0.99,22,14.099997650128898
sparse,0.99,23,13.687744506214514
sparse,0.99,24,13.15024004883901
sparse,0.99,25,11.66259262529481
sparse,0.99,26,11.230901094319861
sparse,0.99,27,9.811649810224335
sparse,0.99,28,9.462887802229844
sparse,0.99,29,9.09805457902624
sparse,0.99,30,8.718893469183165
sparse,0.99,31,8.328238479774406
sparse,0.99,32,8.139309330241623
sparse,0.99,33,8.028983652514079
sparse,0.99,34,7.9058727750902165
sparse,0.99,35,7.759757503517342
sparse,0.99,36,7.590769731924631
sparse,0.99,37,7.251132083526144
sparse,0.99,38,7.05235018709395
sparse,0.99,39,6.502230135528947
sparse,0.99,40,6.33388014240785
sparse,0.99,41,6.25337587191477
sparse,0.99,42,6.093445049151228
sparse,0.99,43,5.7000752808299175
sparse,0.99,44,5.248914741758348
sparse,0.99,45,4.9486354683940945
sparse,0.99,46,4.271646139564233
sparse,0.99,47,3.745368968555667
sparse,0.99,48,3.0746840913486295
sparse,0.99,49,2.552616876945393
sparse,0.99,50,2.012429839117189
sparse,0.99,51,1.5997131955924502
sparse,0.99,52,1.2222503239176206
sparse,0.99,53,0.9425286482592767
sparse,0.99,54,0.7047416451619881
sparse,0.99,55,0.5811664141181083
sparse,0.99,56,0.5753547499769311
sparse,0.99,57,0.5696012024771591
sparse,0.99,58,0.5639051904523882
sparse,0.99,59,0.5582661385478715
sparse,0.99,60,0.5526834771623825
sparse,0.99,61,0.5471566423907603
sparse,0.99,62,0.5416850759668534
sparse,0.99,63,0.5362682252071878
sparse,0.99,64,0.5309055429551108
sparse,0.99,65,0.5255964875255614
sparse,0.99,66,0.520340522650315
sparse,0.99,67,0.5151371174238122
sparse,0.99,68,0.5099857462495692
sparse,0.99,69,0.5048858887870722
sparse,0.99,70,0.4998370298991972
sparse,0.99,71,0.49483865960020523
sparse,0.99,72,0.48989027300421384
sparse,0.99,73,0.48499137027415884
sparse,0.99,74,0.48014145657143814
sparse,0.99,75,0.4753400420057119
sparse,0.99,76,0.4705866415856548
sparse,0.99,77,0.46588077516979354
sparse,0.99,78,0.46122196741810484
sparse,0.99,79,0.4566097477439044
sparse,0.99,80,0.4520436502664751
sparse,0.99,81,0.44752321376380166
sparse,0.99,82,0.4430479816261794
sparse,0.99,83,0.438617501809901
sparse,0.99,84,0.434231326791803
sparse,0.99,85,0.42988901352389775
sparse,0.99,86,0.4255901233886519
sparse,0.99,87,0.42133422215477623
sparse,0.99,88,0.4171208799332291
sparse,0.99,89,0.41294967113389447
sparse,0.99,90,0.4088201744225586
sparse,0.99,91,0.40473197267832006
sparse,0.99,92,0.4006846529515471
sparse,0.99,93,0.39667780642201933
sparse,0.99,94,0.3927110283578088
sparse,0.99,95,0.38878391807422474
sparse,0.99,96,0.3848960788934832
sparse,0.99,97,0.38104711810454717
sparse,0.99,98,0.37723664692349956
sparse,0.99,99,0.3734642804542787
sparse,0.99,100,0.36972963764973343
sparse,0.99,101,0.36603234127322537
sparse,0.99,102,0.3623720178604941
sparse,0.99,103,0.358748297681899
sparse,0.99,104,0.3551608147050729
sparse,0.99,105,0.35160920655802386
sparse,0.99,106,0.3480931144924426
sparse,0.99,107,0.34461218334752175
sparse,0.99,108,0.3411660615140448
sparse,0.99,109,0.33775440089890196
sparse,0.99,110,0.3343768568899179
sparse,0.99,111,0.3310330883210071
sparse,0.99,112,0.32772275743779744
sparse,0.99,113,0.324445529863425
sparse,0.99,114,0.3212010745647831
sparse,0.99,115,0.31798906381914094
sparse,0.99,116,0.31480917318094725
sparse,0.99,117,0.31166108144914517
sparse,0.99,118,0.30854447063464363
sparse,0.99,119,0.3054590259283003
sparse,0.99,120,0.3024044356690183
sparse,0.99,121,0.29938039131232586
sparse,0.99,122,0.296386587399212
sparse,0.99,123,0.29342272152521787
sparse,0.99,124,0.2904884943099688
sparse,0.99,125,0.28758360936687666
sparse,0.99,126,0.2847077732731975
sparse,0.99,127,0.2818606955404732
sparse,0.99,128,0.27904208858505797
sparse,0.99,129,0.2762516676992135
sparse,0.99,130,0.2734891510222184
sparse,0.99,131,0.27075425951198895
sparse,0.99,132,0.268046716916885
sparse,0.99,133,0.26536624974770007
sparse,0.99,134,0.2627125872502205
sparse,0.99,135,0.26008546137772726
sparse,0.99,136,0.2574846067639527
sparse,0.99,137,0.25490976069630733
sparse,0.99,138,0.25236066308934824
sparse,0.99,139,0.24983705645844623
sparse,0.99,140,0.24733868589386532
sparse,0.99,141,0.24486529903491316
sparse,0.99,142,0.2424166460445747
sparse,0.99,143,0.2399924795841315
sparse,0.99,144,0.2375925547883071
sparse,0.99,145,0.2352166292404121
sparse,0.99,146,0.2328644629479868
sparse,0.99,147,0.2305358183185291
sparse,0.99,148,0.228230460135336
sparse,0.99,149,0.22594815553398462
sparse,0.99,150,0.22368867397864278
sparse,0.99,151,0.2214517872388626
sparse,0.99,152,0.2192372693664737
sparse,0.99,153,0.21704489667281734
sparse,0.99,154,0.21487444770608022
sparse,0.99,155,0.21272570322901174
sparse,0.99,156,0.21059844619672674
sparse,0.99,157,0.20849246173474967
sparse,0.99,158,0.2064075371174141
sparse,0.99,159,0.20434346174623386
sparse,0.99,160,0.20230002712877138
sparse,0.99,161,0.20027702685750626
sparse,0.99,162,0.19827425658891684
sparse,0.99,163,0.1962915140230308
sparse,0.99,164,0.19432859888279097
sparse,0.99,165,0.19238531289397542
sparse,0.99,166,0.19046145976504647
sparse,0.99,167,0.18855684516738336
sparse,0.99,168,0.18667127671569972
sparse,0.99,169,0.18480456394854627
sparse,0.99,170,0.18295651830905513
sparse,0.99,171,0.18112695312596827
sparse,0.99,172,0.17931568359470873
sparse,0.99,173,0.17752252675876434
sparse,0.99,174,0.17574730149118523
sparse,0.99,175,0.17398982847626598
sparse,0.99,176,0.1722499301914837
sparse,0.99,177,0.17052743088960653
sparse,0.99,178,0.16882215658070265
sparse,0.99,179,0.1671339350149026
sparse,0.99,180,0.1654625956647351
sparse,0.99,181,0.1638079697080883
sparse,0.99,182,0.16216989001101467
sparse,0.99,183,0.16054819111090524
sparse,0.99,184,0.15894270919979192
sparse,0.99,185,0.15735328210779187
sparse,0.99,186,0.15577974928670812
sparse,0.99,187,0.15422195179384346
sparse,0.99,188,0.1526797322759137
sparse,0.99,189,0.15115293495314575
sparse,0.99,190,0.14964140560363148
sparse,0.99,191,0.1481449915475821
sparse,0.99,192,0.14666354163210826
sparse,0.99,193,0.1451969062158014
sparse,0.99,194,0.14374493715364167
sparse,0.99,195,0.1423074877820909
sparse,0.99,196,0.14088441290427056
sparse,0.99,197,0.13947556877522516
sparse,0.99,198,0.138080813087484
sparse,0.99,199,0.1367000049565803
sparse,0.99,200,0.13533300490702516
sparse,0.99,201,0.1339796748579687
sparse,0.99,202,0.13263987810937294
sparse,0.99,203,0.1313134793282842
sparse,0.99,204,0.13000034453499154
sparse,0.99,205,0.12870034108965456
sparse,0.99,206,0.12741333767876029
sparse,0.99,207,0.12613920430197822
sparse,0.99,208,0.12487781225895844
sparse,0.99,209,0.12362903413635706
sparse,0.99,210,0.12239274379498966
sparse,0.99,211,0.12116881635704146
sparse,0.99,212,0.11995712819346238
sparse,0.99,213,0.11875755691156087
sparse,0.99,214,0.11756998134241314
sparse,0.99,215,0.11639428152899711
sparse,0.99,216,0.11523033871371524
sparse,0.99,217,0.11407803532658534
sparse,0.99,218,0.11293725497330342
sparse,0.99,219,0.11180788242356243
sparse,0.99,220,0.11068980359934244
sparse,0.99,221,0.10958290556334305
sparse,0.99,222,0.10848707650772837
sparse,0.99,223,0.1074022057426447
sparse,0.99,224,0.10632818368520702
sparse,0.99,225,0.1052649018483578
sparse,0.99,226,0.10421225282988189
sparse,0.99,227,0.10317013030156374
sparse,0.99,228,0.10213842899855763
sparse,0.99,229,0.10111704470857319
sparse,0.99,230,0.10010587426148732
sparse,0.99,231,0.09910481551887074
sparse,0.99,232,0.09811376736368516
sparse,0.99,233,0.09713262969006564
sparse,0.99,234,0.09616130339314566
sparse,0.99,235,0.09519969035920894
sparse,0.99,236,0.09424769345561401
sparse,0.99,237,0.09330521652108814
sparse,0.99,238,0.09237216435585083
sparse,0.99,239,0.09144844271230568
sparse,0.99,240,0.09053395828517807
sparse,0.99,241,0.08962861870232075
sparse,0.99,242,0.08873233251532042
sparse,0.99,243,0.08784500919013283
sparse,0.99,244,0.08696655909824358
sparse,0.99,245,0.08609689350724636
sparse,0.99,246,0.08523592457218854
sparse,0.99,247,0.08438356532647617
sparse,0.99,248,0.08353972967320544
sparse,0.99,249,0.08270433237647978
sparse,0.99,250,0.08187728905271285
sparse,0.99,251,0.08105851616218729
sparse,0.99,252,0.0802479310005566
sparse,0.99,253,0.07944545169054607
sparse,0.99,254,0.07865099717363933
sparse,0.99,255,0.0778644872019072
sparse,0.99,256,0.07708584232989324
sparse,0.99,257,0.07631498390661307
sparse,0.99,258,0.07555183406752519
sparse,0.99,259,0.07479631572684298
sparse,0.99,260,0.07404835256957654
sparse,0.99,261,0.07330786904390152
sparse,0.99,262,0.07257479035345682
sparse,0.99,263,0.07184904244992651
sparse,0.99,264,0.07113055202540863
sparse,0.99,265,0.07041924650516762
sparse,0.99,266,0.0697150540401168
sparse,0.99,267,0.06901790349972714
sparse,0.99,268,0.0683277244647229
sparse,0.99,269,0.06764444722007568
sparse,0.99,270,0.0669680027478563
sparse,0.99,271,0.06629832272038527
sparse,0.99,272,0.06563533949318412
sparse,0.99,273,0.0649789860982537
sparse,0.99,274,0.0643291962372814
sparse,0.99,275,0.06368590427489096
sparse,0.99,276,0.06304904523216237
sparse,0.99,277,0.06241855477982483
sparse,0.99,278,0.06179436923203241
sparse,0.99,279,0.061176425539713364
sparse,0.99,280,0.06056466128431737
sparse,0.99,281,0.05995901467146325
sparse,0.99,282,0.05935942452475729
sparse,0.99,283,0.05876583027949778
sparse,0.99,284,0.058178171976720705
sparse,0.99,285,0.05759639025693275
sparse,0.99,286,0.05702042635438431
sparse,0.99,287,0.05645022209084516
sparse,0.99,288,0.05588571986992008
sparse,0.99,289,0.05532686267120823
sparse,0.99,290,0.0547735940445051
sparse,0.99,291,0.05422585810406133
sparse,0.99,292,0.05368359952302626
sparse,0.99,293,0.05314676352779202
sparse,0.99,294,0.05261529589250813
sparse,0.99,295,0.05208914293358191
sparse,0.99,296,0.05156825150424993
sparse,0.99,297,0.051052568989220504
sparse,0.99,298,0.05054204329931622
sparse,0.99,299,0.050036622866343805
sparse,0.99,300,0.04953625663765138
sparse,0.99,301,0.04904089407128254
sparse,0.99,302,0.04855048513056204
sparse,0.99,303,0.04806498027926409
sparse,0.99,304,0.04758433047646804
sparse,0.99,305,0.047108487171726665
sparse,0.99,306,0.046637402300007125
sparse,0.99,307,0.04617102827698716
sparse,0.99,308,0.0457093179942234
sparse,0.99,309,0.04525222481429125
sparse,0.99,310,0.04479970256613797
sparse,0.99,311,0.04435170554047829
sparse,0.99,312,0.04390818848506228
sparse,0.99,313,0.04346910660021308
sparse,0.99,314,0.043034415534236814
sparse,0.99,315,0.04260407137886091
sparse,0.99,316,0.04217803066508452
sparse,0.99,317,0.04175625035843211
sparse,0.99,318,0.04133868785484651
sparse,0.99,319,0.040925300976311973
sparse,0.99,320,0.040516047966519864
sparse,0.99,321,0.040110887486889624
sparse,0.99,322,0.039709778612021296
sparse,0.99,323,0.039312680825887014
sparse,0.99,324,0.0389195540176388
sparse,0.99,325,0.03853035847744479
sparse,0.99,326,0.03814505489269493
sparse,0.99,327,0.03776360434375192
sparse,0.99,328,0.037385968300313266
sparse,0.99,329,0.03701210861731852
sparse,0.99,330,0.036641987531140785
sparse,0.99,331,0.03627556765582085
sparse,0.99,332,0.035912811979272874
sparse,0.99,333,0.03555368385947588
sparse,0.99,334,0.03519814702087842
sparse,0.99,335,0.03484616555067532
sparse,0.99,336,0.03449770389518392
sparse,0.99,337,0.03415272685620607
sparse,0.99,338,0.033811199587646
sparse,0.99,339,0.03347308759178702
sparse,0.99,340,0.033138356715852524
sparse,0.99,341,0.03280697314870906
sparse,0.99,342,0.032478903417199945
sparse,0.99,343,0.03215411438303306
sparse,0.99,344,0.03183257323921396
sparse,0.99,345,0.03151424750681997
sparse,0.99,346,0.031199105031760155
sparse,0.99,347,0.03088711398140731
sparse,0.99,348,0.03057824284162791
sparse,0.99,349,0.030272460413229396
sparse,0.99,350,0.02996973580907536
sparse,0.99,351,0.02967003845098759
sparse,0.99,352,0.029373338066477572
sparse,0.99,353,0.02907960468580484
sparse,0.99,354,0.02878880863895006
sparse,0.99,355,0.028500920552559705
sparse,0.99,356,0.02821591134703283
sparse,0.99,357,0.02793375223355099
sparse,0.99,358,0.027654414711236086
sparse,0.99,359,0.02737787056409502
sparse,0.99,360,0.027104091858461743
sparse,0.99,361,0.026833050939899294
sparse,0.99,362,0.026564720430485522
sparse,0.99,363,0.026299073226184078
sparse,0.99,364,0.02603608249393119
sparse,0.99,365,0.025775721668992446
sparse,0.99,366,0.025517964452276942
sparse,0.99,367,0.025262784807779326
sparse,0.99,368,0.025010156959694996
sparse,0.99,369,0.02476005539010373
sparse,0.99,370,0.02451245483618436
sparse,0.99,371,0.02426733028782735
sparse,0.99,372,0.024024656984948933
sparse,0.99,373,0.023784410415117918
sparse,0.99,374,0.023546566310955086
sparse,0.99,375,0.02331110064784525
sparse,0.99,376,0.023077989641365093
sparse,0.99,377,0.02284720974495258
sparse,0.99,378,0.022618737647505327
sparse,0.99,379,0.022392550271035816
sparse,0.99,380,0.022168624768326595
sparse,0.99,381,0.021946938520628123
sparse,0.99,382,0.02172746913542767
sparse,0.99,383,0.02151019444407609
sparse,0.99,384,0.0212950924996278
sparse,0.99,385,0.021082141574638058
sparse,0.99,386,0.020871320158903472
sparse,0.99,387,0.020662606957301932
sparse,0.99,388,0.02045598088771783
sparse,0.99,389,0.02025142107883937
sparse,0.99,390,0.020048906868055383
sparse,0.99,391,0.019848417799394724
sparse,0.99,392,0.019649933621380455
sparse,0.99,393,0.019453434285168214
sparse,0.99,394,0.019258899942343533
sparse,0.99,395,0.019066310942903897
sparse,0.99,396,0.01887564783346818
sparse,0.99,397,0.018686891355145008
sparse,0.99,398,0.018500022441585884
sparse,0.99,399,0.0183150222171804
sparse,0.99,400,0.018131871995009874
sparse,0.99,401,0.01795055327505679
sparse,0.99,402,0.017771047742286328
sparse,0.99,403,0.017593337264884212
sparse,0.99,404,0.01741740389222457
sparse,0.99,405,0.01724322985329252
sparse,0.99,406,0.017070797554765704
sparse,0.99,407,0.01690008957920952
sparse,0.99,408,0.016731088683442863
sparse,0.99,409,0.01656377779659124
sparse,0.99,410,0.016398140018623053
sparse,0.99,411,0.016234158618431138
sparse,0.99,412,0.016071817032269564
sparse,0.99,413,0.015911098861948858
sparse,0.99,414,0.015751987873329654
sparse,0.99,415,0.015594467994574757
sparse,0.99,416,0.015438523314628583
sparse,0.99,417,0.015284138081483434
sparse,0.99,418,0.015131296700673147
sparse,0.99,419,0.014979983733667268
sparse,0.99,420,0.01483018389633628
sparse,0.99,421,0.014681882057359985
sparse,0.99,422,0.014535063236806423
sparse,0.99,423,0.014389712604440774
sparse,0.99,424,0.014245815478389545
sparse,0.99,425,0.014103357323591581
sparse,0.99,426,0.013962323750376981
sparse,0.99,427,0.013822700512861275
sparse,0.99,428,0.013684473507723283
sparse,0.99,429,0.01354762877265614
sparse,0.99,430,0.013412152484917783
sparse,0.99,431,0.01327803096006619
sparse,0.99,432,0.013145250650481444
sparse,0.99,433,0.013013798143958866
sparse,0.99,434,0.01288366016254372
sparse,0.99,435,0.012754823560911177
sparse,0.99,436,0.01262727532527208
sparse,0.99,437,0.012501002572037123
sparse,0.99,438,0.012375992546338921
sparse,0.99,439,0.01225223262085251
sparse,0.99,440,0.01212971029464427
sparse,0.99,441,0.0120084131917082
sparse,0.99,442,0.01188832905980064
sparse,0.99,443,0.011769445769218123
sparse,0.99,444,0.0116517513115042
sparse,0.99,445,0.011535233798369404
sparse,0.99,446,0.011419881460398074
sparse,0.99,447,0.011305682645769366
sparse,0.99,448,0.011192625819333557
sparse,0.99,449,0.011080699561148322
sparse,0.99,450,0.010969892565540817
sparse,0.99,451,0.010860193639899762
sparse,0.99,452,0.010751591703467511
sparse,0.99,453,0.010644075786444773
sparse,0.99,454,0.010537635028583736
sparse,0.99,455,0.010432258678306994
sparse,0.99,456,0.010327936091499623
sparse,0.99,457,0.01022465673058548
sparse,0.99,458,0.010122410163290851
sparse,0.99,459,0.0100211860616497
sparse,0.99,460,0.009920974201051536
sparse,0.99,461,0.009821764459019278
sparse,0.99,462,0.009723546814456085
sparse,0.99,463,0.009626311346309535
sparse,0.99,464,0.009530048232846866
sparse,0.99,465,0.009434747750503902
sparse,0.99,466,0.009340400272989768
sparse,0.99,467,0.00924699627029213
sparse,0.99,468,0.009154526307554534
sparse,0.99,469,0.009062981044493768
sparse,0.99,470,0.008972351234049825
sparse,0.99,471,0.008882627721703784
sparse,0.99,472,0.008793801444497262
sparse,0.99,473,0.008705863430037653
sparse,0.99,474,0.008618804795730739
sparse,0.99,475,0.008532616747785937
sparse,0.99,476,0.008447290580306799
sparse,0.99,477,0.008362817674495204
sparse,0.99,478,0.00827918949777029
sparse,0.99,479,0.008196397602787897
sparse,0.99,480,0.008114433626758455
sparse,0.99,481,0.008033289290480639
sparse,0.99,482,0.007952956397573985
sparse,0.99,483,0.00787342683361203
sparse,0.99,484,0.007794692565283867
sparse,0.99,485,0.007716745639598344
sparse,0.99,486,0.007639578183216145
sparse,0.99,487,0.007563182401398194
sparse,0.99,488,0.007487550577366164
sparse,0.99,489,0.007412675071606145
sparse,0.99,490,0.007338548320888094
sparse,0.99,491,0.007265162837668981
sparse,0.99,492,0.007192511209296981
sparse,0.99,493,0.007120586097201453
sparse,0.99,494,0.007049380236210823
sparse,0.99,495,0.006978886433898879
sparse,0.99,496,0.006909097569518963
sparse,0.99,497,0.006840006593847647
sparse,0.99,498,0.006771606527891549
sparse,0.99,499,0.0067038904626173235
sparse,0.99,500,0.006636851557985324
sparse,0.99,501,0.0065704830424238025
sparse,0.99,502,0.00650477821200468
sparse,0.99,503,0.0064397304298609015
sparse,0.99,504,0.006375333125561156
sparse,0.99,505,0.00631157979429986
sparse,0.99,506,0.006248463996385567
sparse,0.99,507,0.006185979356416738
sparse,0.99,508,0.0061241195628412015
sparse,0.99,509,0.006062878367217195
sparse,0.99,510,0.00600224958355966
sparse,0.99,511,0.0059422270877149685
sparse,0.99,512,0.005882804816820908
sparse,0.99,513,0.005823976768652983
sparse,0.99,514,0.005765737000984927
sparse,0.99,515,0.005708079630977636
sparse,0.99,516,0.005650998834653365
sparse,0.99,517,0.005594488846298873
sparse,0.99,518,0.005538543957854358
sparse,0.99,519,0.005483158518273967
sparse,0.99,520,0.005428326933113681
sparse,0.99,521,0.005374043663749717
sparse,0.99,522,0.005320303227122736
sparse,0.99,523,0.005267100194856766
sparse,0.99,524,0.005214429192889725
sparse,0.99,525,0.005162284900961822
sparse,0.99,526,0.0051106620519476564
sparse,0.99,527,0.005059555431429885
sparse,0.99,528,0.005008959877116581
sparse,0.99,529,0.004958870278358063
sparse,0.99,530,0.004909281575578461
sparse,0.99,531,0.004860188759806761
sparse,0.99,532,0.004811586872222051
sparse,0.99,533,0.00476347100348562
sparse,0.99,534,0.004715836293456732
sparse,0.99,535,0.004668677930524723
sparse,0.99,536,0.004621991151211091
sparse,0.99,537,0.0045757712397005434
sparse,0.99,538,0.004530013527315191
sparse,0.99,539,0.004484713392031381
sparse,0.99,540,0.004439866258110214
sparse,0.99,541,0.004395467595557534
sparse,0.99,542,0.004351512919583911
sparse,0.99,543,0.004307997790391482
sparse,0.99,544,0.004264917812491831
sparse,0.99,545,0.004222268634364923
sparse,0.99,546,0.004180045948004363
sparse,0.99,547,0.004138245488533698
sparse,0.99,548,0.004096863033652198
sparse,0.99,549,0.004055894403336424
sparse,0.99,550,0.004015335459286007
sparse,0.99,551,0.003975182104682062
sparse,0.99,552,0.003935430283632968
sparse,0.99,553,0.0038960759808048806
sparse,0.99,554,0.0038571152209954107
sparse,0.99,555,0.003818544068792562
sparse,0.99,556,0.0037803586281057733
sparse,0.99,557,0.0037425550418248577
sparse,0.99,558,0.003705129491393677
sparse,0.99,559,0.003668078196497504
sparse,0.99,560,0.003631397414494586
sparse,0.99,561,0.0035950834403735143
sparse,0.99,562,0.0035591326059574158
sparse,0.99,563,0.0035235412798897414
sparse,0.99,564,0.0034883058671084655
sparse,0.99,565,0.00345342280843397
sparse,0.99,566,0.0034188885803558833
sparse,0.99,567,0.0033846996945499086
sparse,0.99,568,0.0033508526975793984
sparse,0.99,569,0.003317344170639558
sparse,0.99,570,0.0032841707289321675
sparse,0.99,571,0.0032513290216371615
sparse,0.99,572,0.0032188157314294585
sparse,0.99,573,0.0031866275741094796
sparse,0.99,574,0.0031547612983757745
sparse,0.99,575,0.003123213685384485
sparse,0.99,576,0.0030919815485361823
sparse,0.99,577,0.0030610617330353307
sparse,0.99,578,0.0030304511157197567
sparse,0.99,579,0.0030001466045632696
sparse,0.99,580,0.0029701451385051314
sparse,0.99,581,0.0029404436871232065
sparse,0.99,582,0.002911039250250269
sparse,0.99,583,0.0028819288577608404
sparse,0.99,584,0.0028531095691590735
sparse,0.99,585,0.002824578473479278
sparse,0.99,586,0.0027963326887316953
sparse,0.99,587,0.002768369361859868
sparse,0.99,588,0.002740685668243259
sparse,0.99,589,0.002713278811569353
sparse,0.99,590,0.0026861460234499646
sparse,0.99,591,0.0026592845631938644
sparse,0.99,592,0.0026326917175651943
sparse,0.99,593,0.0026063648003713524
sparse,0.99,594,0.0025803011524061503
sparse,0.99,595,0.0025544981408813783
sparse,0.99,596,0.0025289531594552273
sparse,0.99,597,0.0025036636278770175
sparse,0.99,598,0.0024786269915750836
sparse,0.99,599,0.0024538407216851965
sparse,0.99,600,0.0024293023144537074
sparse,0.99,601,0.0024050092913228127
sparse,0.99,602,0.002380959198404753
sparse,0.99,603,0.0023571496064107578
sparse,0.99,604,0.0023335781103526188
sparse,0.99,605,0.002310242329244261
sparse,0.99,606,0.0022871399059454234
sparse,0.99,607,0.002264268506920075
sparse,0.99,608,0.002241625821852722
sparse,0.99,609,0.0022192095636341946
sparse,0.99,610,0.0021970174679637466
sparse,0.99,611,0.0021750472932922094
sparse,0.99,612,0.0021532968203672453
sparse,0.99,613,0.002131763852162294
sparse,0.99,614,0.0021104462136349866
sparse,0.99,615,0.0020893417514997736
sparse,0.99,616,0.002068448333986339
sparse,0.99,617,0.0020477638506406493
sparse,0.99,618,0.0020272862121402113
sparse,0.99,619,0.0020070133499956455
sparse,0.99,620,0.0019869432165080525
sparse,0.99,621,0.0019670737843426878
sparse,0.99,622,0.0019474030465005399
sparse,0.99,623,0.0019279290160341134
sparse,0.99,624,0.0019086497258911095
sparse,0.99,625,0.001889563228615998
sparse,0.99,626,0.0018706675963358066
sparse,0.99,627,0.0018519609203622167
sparse,0.99,628,0.001833441311163142
sparse,0.99,629,0.0018151068980358787
sparse,0.99,630,0.0017969558290786836
sparse,0.99,631,0.0017789862707786597
sparse,0.99,632,0.0017611964080828102
sparse,0.99,633,0.0017435844439859238
sparse,0.99,634,0.0017261485995589965
sparse,0.99,635,0.0017088871135655381
sparse,0.99,636,0.0016917982424189404
sparse,0.99,637,0.0016748802599977353
sparse,0.99,638,0.0016581314573897998
sparse,0.99,639,0.0016415501428355128
sparse,0.99,640,0.001625134641386694
sparse,0.99,641,0.0016088832949918697
sparse,0.99,642,0.0015927944620415246
sparse,0.99,643,0.0015768665174107355
sparse,0.99,644,0.0015610978522317964
sparse,0.99,645,0.0015454868737236893
sparse,0.99,646,0.0015300320049789207
sparse,0.99,647,0.0015147316849066783
sparse,0.99,648,0.0014995843681049337
sparse,0.99,649,0.0014845885244056944
sparse,0.99,650,0.0014697426391450108
sparse,0.99,651,0.0014550452127650715
sparse,0.99,652,0.0014404947606294627
sparse,0.99,653,0.001426089813023168
sparse,0.99,654,0.0014118289149109842
sparse,0.99,655,0.0013977106257385685
sparse,0.99,656,0.0013837335195034939
sparse,0.99,657,0.00136989618428629
sparse,0.99,658,0.0013561972224493957
sparse,0.99,659,0.0013426352502392547
sparse,0.99,660,0.0013292088977294725
sparse,0.99,661,0.0013159168087639728
sparse,0.99,662,0.0013027576406727803
sparse,0.99,663,0.001289730064272021
sparse,0.99,664,0.0012768327636081267
sparse,0.99,665,0.0012640644359862563
sparse,0.99,666,0.001251423791615025
sparse,0.99,667,0.0012389095536917694
sparse,0.99,668,0.0012265204581609623
sparse,0.99,669,0.001214255253586316
sparse,0.99,670,0.0012021127010370947
sparse,0.99,671,0.0011900915740312712
sparse,0.99,672,0.0011781906583081536
sparse,0.99,673,0.0011664087517431199
sparse,0.99,674,0.0011547446641912984
sparse,0.99,675,0.0011431972175586225
sparse,0.99,676,0.0011317652453897153
sparse,0.99,677,0.0011204475929247337
sparse,0.99,678,0.001109243116985681
sparse,0.99,679,0.0010981506858200873
sparse,0.99,680,0.0010871691789589022
sparse,0.99,681,0.0010762974871880715
sparse,0.99,682,0.0010655345123211646
sparse,0.99,683,0.0010548791671709523
sparse,0.99,684,0.0010443303755067745
sparse,0.99,685,0.0010338870717561122
sparse,0.99,686,0.0010235482010330088
sparse,0.99,687,0.001013312719024384
sparse,0.99,688,0.0010031795918337139
sparse,0.99,689,0.0009931477959099766
sparse,0.99,690,0.0009832163179481768
sparse,0.99,691,0.0009733841547898692
sparse,0.99,692,0.0009636503132384178
sparse,0.99,693,0.0009540138101016282
sparse,0.99,694,0.0009444736720070068
sparse,0.99,695,0.0009350289352880736
sparse,0.99,696,0.000925678645927519
sparse,0.99,697,0.0009164218594719387
sparse,0.99,698,0.0009072576408613031
sparse,0.99,699,0.0008981850644715905
sparse,0.99,700,0.0008892032138163586
sparse,0.99,701,0.0008803111816746423
sparse,0.99,702,0.0008715080698635802
sparse,0.99,703,0.000862792989195782
sparse,0.99,704,0.0008541650592803762
sparse,0.99,705,0.0008456234087077519
sparse,0.99,706,0.0008371671746090215
sparse,0.99,707,0.0008287955028549732
sparse,0.99,708,0.0008205075478144863
sparse,0.99,709,0.0008123024723545313
sparse,0.99,710,0.000804179447627007
sparse,0.99,711,0.0007961376531397946
sparse,0.99,712,0.0007881762766146494
sparse,0.99,713,0.0007802945138593032
sparse,0.99,714,0.0007724915686821987
sparse,0.99,715,0.0007647666529919661
sparse,0.99,716,0.0007571189864989947
sparse,0.99,717,0.0007495477966301678
sparse,0.99,718,0.0007420523186425498
sparse,0.99,719,0.0007346317954670667
sparse,0.99,720,0.0007272854775237647
sparse,0.99,721,0.0007200126227360215
sparse,0.99,722,0.0007128124965021243
sparse,0.99,723,0.0007056843715673722
sparse,0.99,724,0.000698627527839335
sparse,0.99,725,0.0006916412525441729
sparse,0.99,726,0.000684724840027684
sparse,0.99,727,0.0006778775916274071
sparse,0.99,728,0.0006710988157010433
sparse,0.99,729,0.0006643878275554016
sparse,0.99,730,0.0006577439492758685
sparse,0.99,731,0.0006511665097974628
sparse,0.99,732,0.0006446548446916722
sparse,0.99,733,0.0006382082962517188
sparse,0.99,734,0.000631826213293607
sparse,0.99,735,0.0006255079511419126
sparse,0.99,736,0.0006192528716439938
sparse,0.99,737,0.0006130603429141956
sparse,0.99,738,0.0006069297394759587
sparse,0.99,739,0.0006008604420912889
sparse,0.99,740,0.0005948518376897027
sparse,0.99,741,0.0005889033192971738
sparse,0.99,742,0.0005830142860929755
sparse,0.99,743,0.0005771841432391511
sparse,0.99,744,0.0005714123018236705
sparse,0.99,745,0.0005656981787893756
sparse,0.99,746,0.0005600411970050345
sparse,0.99,747,0.0005544407850379685
sparse,0.99,748,0.0005488963771824729
sparse,0.99,749,0.0005434074134029743
sparse,0.99,750,0.0005379733392913977
sparse,0.99,751,0.0005325936058824254
sparse,0.99,752,0.0005272676698240275
sparse,0.99,753,0.0005219949931358769
sparse,0.99,754,0.0005167750432093499
sparse,0.99,755,0.0005116072927648929
sparse,0.99,756,0.0005064912198378124
sparse,0.99,757,0.0005014263076503767
sparse,0.99,758,0.0004964120445691833
sparse,0.99,759,0.0004914479241193703
sparse,0.99,760,0.0004865334448709291
sparse,0.99,761,0.00048166811045291524
sparse,0.99,762,0.00047685142932607505
sparse,0.99,763,0.00047208291503864075
sparse,0.99,764,0.00046736208588527006
sparse,0.99,765,0.00046268846500652216
sparse,0.99,766,0.000458061580360436
sparse,0.99,767,0.00045348096458042164
sparse,0.99,768,0.00044894615491841705
sparse,0.99,769,0.00044445669338699645
sparse,0.99,770,0.0004400121264467316
sparse,0.99,771,0.00043561200517672205
sparse,0.99,772,0.0004312558851040649
sparse,0.99,773,0.00042694332627490894
sparse,0.99,774,0.0004226738930128704
sparse,0.99,775,0.00041844715410377376
sparse,0.99,776,0.00041426268251143483
sparse,0.99,777,0.00041012005571872123
sparse,0.99,778,0.0004060188551591182
sparse,0.99,779,0.0004019586666146324
sparse,0.99,780,0.0003979390799315752
sparse,0.99,781,0.00039395968913424895
sparse,0.99,782,0.00039002009225441725
sparse,0.99,783,0.0003861198913170938
sparse,0.99,784,0.00038225869242580757
sparse,0.99,785,0.0003784361055068075
sparse,0.99,786,0.00037465174443696014
sparse,0.99,787,0.00037090522700111705
sparse,0.99,788,0.00036719617470737376
sparse,0.99,789,0.00036352421298602167
sparse,0.99,790,0.0003598889708484876
sparse,0.99,791,0.00035629008112891825
sparse,0.99,792,0.0003527271803278609
sparse,0.99,793,0.0003491999085269981
sparse,0.99,794,0.0003457079094459914
sparse,0.99,795,0.0003422508303287941
sparse,0.99,796,0.0003388283220573385
sparse,0.99,797,0.0003354400388388967
sparse,0.99,798,0.0003320856384192439
sparse,0.99,799,0.00032876478204002524
sparse,0.99,800,0.00032547713422559355
sparse,0.99,801,0.00032222236288248496
sparse,0.99,802,0.00031900013924257564
sparse,0.99,803,0.00031581013786308176
sparse,0.99,804,0.0003126520364702401
sparse,0.99,805,0.00030952551610141654
sparse,0.99,806,0.0003064302609487868
sparse,0.99,807,0.00030336595831670365
sparse,0.99,808,0.0003003322987495949
sparse,0.99,809,0.0002973289757761677
sparse,0.99,810,0.00029435568600888473
sparse,0.99,811,0.00029141212915817505
sparse,0.99,812,0.0002884980078619037
sparse,0.99,813,0.00028561302779905873
sparse,0.99,814,0.0002827568975050099
sparse,0.99,815,0.000279929328542039
sparse,0.99,816,0.00027713003527196634
sparse,0.99,817,0.0002743587348845722
sparse,0.99,818,0.00027161514755391636
sparse,0.99,819,0.0002688989960688559
sparse,0.99,820,0.0002662100061172623
sparse,0.99,821,0.00026354790605864764
sparse,0.99,822,0.000260912426995219
sparse,0.99,823,0.00025830330272924584
sparse,0.99,824,0.0002557202696920058
sparse,0.99,825,0.0002531630669864171
sparse,0.99,826,0.00025063143633019536
sparse,0.99,827,0.0002481251219705882
sparse,0.99,828,0.00024564387074121896
sparse,0.99,829,0.0002431874320194538
sparse,0.99,830,0.00024075555771219115
sparse,0.99,831,0.00023834800214217466
sparse,0.99,832,0.00023596452211904761
sparse,0.99,833,0.00023360487688250942
sparse,0.99,834,0.0002312688281165265
sparse,0.99,835,0.00022895613983564544
sparse,0.99,836,0.00022666657845604732
sparse,0.99,837,0.00022439991265343906
sparse,0.99,838,0.00022215591351937292
sparse,0.99,839,0.00021993435439071618
sparse,0.99,840,0.00021773501086386204
sparse,0.99,841,0.00021555766073788618
sparse,0.99,842,0.00021340208414244444
sparse,0.99,843,0.00021126806331039916
sparse,0.99,844,0.00020915538269150602
sparse,0.99,845,0.0002070638288387272
sparse,0.99,846,0.00020499319055033993
sparse,0.99,847,0.0002029432586425628
sparse,0.99,848,0.0002009138260632426
sparse,0.99,849,0.0001989046878065892
sparse,0.99,850,0.0001969156409131756
sparse,0.99,851,0.00019494648451257035
sparse,0.99,852,0.00019299701965280747
sparse,0.99,853,0.00019106704948512743
sparse,0.99,854,0.00018915637897976012
sparse,0.99,855,0.00018726481518172022
sparse,0.99,856,0.00018539216701185524
sparse,0.99,857,0.00018353824536632146
sparse,0.99,858,0.00018170286291763205
sparse,0.99,859,0.00017988583428518723
sparse,0.99,860,0.0001780869759215875
sparse,0.99,861,0.00017630610616947706
sparse,0.99,862,0.00017454304510522434
sparse,0.99,863,0.0001727976146526089
sparse,0.99,864,0.00017106963851176715
sparse,0.99,865,0.00016935894213077063
sparse,0.99,866,0.00016766535269141514
sparse,0.99,867,0.00016598869918027503
sparse,0.99,868,0.00016432881220396212
sparse,0.99,869,0.0001626855240601799
sparse,0.99,870,0.00016105866883719955
sparse,0.99,871,0.0001594480821296429
sparse,0.99,872,0.00015785360132269943
sparse,0.99,873,0.0001562750652936984
sparse,0.99,874,0.00015471231463948243
sparse,0.99,875,0.00015316519152008823
sparse,0.99,876,0.00015163353960190307
sparse,0.99,877,0.00015011720421398422
sparse,0.99,878,0.000148616032149107
sparse,0.99,879,0.0001471298718485059
sparse,0.99,880,0.00014565857310344654
sparse,0.99,881,0.0001442019873678646
sparse,0.99,882,0.00014275996751678122
sparse,0.99,883,0.00014133236783209213
sparse,0.99,884,0.00013991904415888712
sparse,0.99,885,0.00013851985369228714
sparse,0.99,886,0.00013713465516218548
sparse,0.99,887,0.0001357633086200849
sparse,0.99,888,0.00013440567552436278
sparse,0.99,889,0.00013306161878290368
sparse,0.99,890,0.0001317310026109908
sparse,0.99,891,0.00013041369254551682
sparse,0.99,892,0.0001291095556439359
sparse,0.99,893,0.00012781846010057052
sparse,0.99,894,0.00012654027548819613
sparse,0.99,895,0.00012527487272961935
sparse,0.99,896,0.00012402212401241286
sparse,0.99,897,0.00012278190276049372
sparse,0.99,898,0.00012155408371938847
sparse,0.99,899,0.00012033854288517887
sparse,0.99,900,0.00011913515746186931
sparse,0.99,901,0.00011794380587559772
sparse,0.99,902,0.00011676436783147892
sparse,0.99,903,0.00011559672415728528
sparse,0.99,904,0.00011444075691713351
sparse,0.99,905,0.00011329634934043042
sparse,0.99,906,0.00011216338586450547
sparse,0.99,907,0.00011104175200671307
sparse,0.99,908,0.00010993133446390857
sparse,0.99,909,0.00010883202112665913
sparse,0.99,910,0.00010774370090871344
sparse,0.99,911,0.00010666626391753198
sparse,0.99,912,0.00010559960128375678
sparse,0.99,913,0.0001045436052606874
sparse,0.99,914,0.00010349816919585919
sparse,0.99,915,0.00010246318750262162
sparse,0.99,916,0.00010143855563171655
sparse,0.99,917,0.00010042417009969995
sparse,0.99,918,9.941992837525504e-05
sparse,0.99,919,9.842572909235514e-05
sparse,0.99,920,9.744147182288998e-05
sparse,0.99,921,9.646705709087655e-05
sparse,0.99,922,9.550238651456766e-05
sparse,0.99,923,9.454736266434338e-05
sparse,0.99,924,9.360188902007849e-05
sparse,0.99,925,9.266587012746186e-05
sparse,0.99,926,9.173921142746622e-05
sparse,0.99,927,9.082181931319155e-05
sparse,0.99,928,8.991360112986513e-05
sparse,0.99,929,8.901446511799804e-05
sparse,0.99,930,8.812432045601781e-05
sparse,0.99,931,8.724307727447922e-05
sparse,0.99,932,8.637064649974491e-05
sparse,0.99,933,8.550694001030479e-05
sparse,0.99,934,8.465187062256518e-05
sparse,0.99,935,8.380535190610772e-05
sparse,0.99,936,8.296729841106298e-05
sparse,0.99,937,8.213762542652603e-05
sparse,0.99,938,8.13162491510866e-05
sparse,0.99,939,8.050308666440742e-05
sparse,0.99,940,7.969805579932654e-05
sparse,0.99,941,7.890107524133327e-05
sparse,0.99,942,7.811206450014652e-05
sparse,0.99,943,7.733094383866046e-05
sparse,0.99,944,7.655763440084229e-05
sparse,0.99,945,7.579205808383449e-05
sparse,0.99,946,7.503413748111143e-05
sparse,0.99,947,7.428379608143132e-05
sparse,0.99,948,7.354095816936024e-05
sparse,0.99,949,7.280554856947674e-05
sparse,0.99,950,7.207749308690836e-05
sparse,0.99,951,7.13567181662711e-05
sparse,0.99,952,7.064315099114538e-05
sparse,0.99,953,6.993671946986524e-05
sparse,0.99,954,6.92373522355183e-05
sparse,0.99,955,6.854497874542176e-05
sparse,0.99,956,6.785952894006186e-05
sparse,0.99,957,6.718093365520872e-05
sparse,0.99,958,6.650912433769918e-05
sparse,0.99,959,6.584403308806941e-05
sparse,0.99,960,6.518559274582003e-05
sparse,0.99,961,6.453373683257269e-05
sparse,0.99,962,6.388839946680491e-05
sparse,0.99,963,6.324951546332613e-05
sparse,0.99,964,6.261702030485594e-05
sparse,0.99,965,6.199085009939154e-05
sparse,0.99,966,6.137094159441858e-05
sparse,0.99,967,6.07572321769112e-05
sparse,0.99,968,6.0149659873331984e-05
sparse,0.99,969,5.9548163278577704e-05
sparse,0.99,970,5.895268164124445e-05
sparse,0.99,971,5.836315480678422e-05
sparse,0.99,972,5.7779523260137466e-05
sparse,0.99,973,5.720172804046797e-05
sparse,0.99,974,5.662971076958456e-05
sparse,0.99,975,5.6063413637730264e-05
sparse,0.99,976,5.5502779503058264e-05
sparse,0.99,977,5.494775172110167e-05
sparse,0.99,978,5.4398274201616914e-05
sparse,0.99,979,5.3854291465427195e-05
sparse,0.99,980,5.3315748516524764e-05
sparse,0.99,981,5.278259105523375e-05
sparse,0.99,982,5.225476513714966e-05
sparse,0.99,983,5.173221749998902e-05
sparse,0.99,984,5.121489532200485e-05
sparse,0.99,985,5.0702746349884364e-05
sparse,0.99,986,5.019571891295982e-05
sparse,0.99,987,4.969376171004569e-05
sparse,0.99,988,4.919682409365578e-05
sparse,0.99,989,4.870485585684037e-05
sparse,0.99,990,4.821780730424052e-05
sparse,0.99,991,4.7735629223666365e-05
sparse,0.99,992,4.7258272942940494e-05
sparse,0.99,993,4.678569021621115e-05
sparse,0.99,994,4.631783330921735e-05
sparse,0.99,995,4.5854654956656304e-05
sparse,0.99,996,4.539610841902686e-05
sparse,0.99,997,4.494214732631008e-05
sparse,0.99,998,4.449272587692121e-05
sparse,0.99,999,4.404779861033603e-05
sparse,0.99,1000,4.360732062025363e-05
sparse,0.99,1001,4.3171247398277046e-05
sparse,0.99,1002,4.273953493338922e-05
sparse,0.99,1003,4.2312139598266185e-05
sparse,0.99,1004,4.1889018177698745e-05
sparse,0.99,1005,4.147012799649019e-05
sparse,0.99,1006,4.105542672050433e-05
sparse,0.99,1007,4.0644872456141456e-05
sparse,0.99,1008,4.023842375033837e-05
sparse,0.99,1009,3.983603949109238e-05
sparse,0.99,1010,3.9437679092202416e-05
sparse,0.99,1011,3.904330233694964e-05
sparse,0.99,1012,3.865286929283229e-05
sparse,0.99,1013,3.8266340609993676e-05
sparse,0.99,1014,3.788367719437247e-05
sparse,0.99,1015,3.750484042086555e-05
sparse,0.99,1016,3.712979199121946e-05
sparse,0.99,1017,3.6758494090349814e-05
sparse,0.99,1018,3.639090915896759e-05
sparse,0.99,1019,3.6027000064109416e-05
sparse,0.99,1020,3.5666730056505e-05
sparse,0.99,1021,3.531006277057713e-05
sparse,0.99,1022,3.4956962124965685e-05
sparse,0.99,1023,3.460739250726874e-05
sparse,0.99,1024,3.426131857509063e-05
sparse,0.99,1025,3.3918705412361305e-05
sparse,0.99,1026,3.357951834459527e-05
sparse,0.99,1027,3.324372315205437e-05
sparse,0.99,1028,3.2911285927639256e-05
sparse,0.99,1029,3.258217306267852e-05
sparse,0.99,1030,3.22563513464047e-05
sparse,0.99,1031,3.193378783805656e-05
sparse,0.99,1032,3.161444995214424e-05
sparse,0.99,1033,3.129830545844925e-05
sparse,0.99,1034,3.098532239675933e-05
sparse,0.99,1035,3.067546914792274e-05
sparse,0.99,1036,3.0368714476480818e-05
sparse,0.99,1037,3.006502733171601e-05
sparse,0.99,1038,2.976437707502555e-05
sparse,0.99,1039,2.9466733280969493e-05
sparse,0.99,1040,2.917206596464439e-05
sparse,0.99,1041,2.8880345297466192e-05
sparse,0.99,1042,2.8591541834543932e-05
sparse,0.99,1043,2.8305626443625442e-05
sparse,0.99,1044,2.8022570162988814e-05
sparse,0.99,1045,2.7742344457237778e-05
sparse,0.99,1046,2.746492101834974e-05
sparse,0.99,1047,2.7190271808308353e-05
sparse,0.99,1048,2.6918369087525207e-05
sparse,0.99,1049,2.6649185400628994e-05
sparse,0.99,1050,2.6382693533832935e-05
sparse,0.99,1051,2.6118866628621618e-05
sparse,0.99,1052,2.5857677940166468e-05
sparse,0.99,1053,2.559910116417541e-05
sparse,0.99,1054,2.5343110166886618e-05
sparse,0.99,1055,2.508967904191195e-05
sparse,0.99,1056,2.4838782266556336e-05
sparse,0.99,1057,2.4590394431811546e-05
sparse,0.99,1058,2.4344490498151572e-05
sparse,0.99,1059,2.410104559658066e-05
sparse,0.99,1060,2.3860035142320157e-05
sparse,0.99,1061,2.3621434792175933e-05
sparse,0.99,1062,2.3385220458749245e-05
sparse,0.99,1063,2.315136822517161e-05
sparse,0.99,1064,2.2919854529845907e-05
sparse,0.99,1065,2.269065599591613e-05
sparse,0.99,1066,2.2463749445478243e-05
sparse,0.99,1067,2.2239111956423585e-05
sparse,0.99,1068,2.2016720819806324e-05
sparse,0.99,1069,2.1796553625108572e-05
sparse,0.99,1070,2.1578588103920993e-05
sparse,0.99,1071,2.136280221520792e-05
sparse,0.99,1072,2.1149174187939934e-05
sparse,0.99,1073,2.0937682450039574e-05
sparse,0.99,1074,2.072830559995964e-05
sparse,0.99,1075,2.052102256300259e-05
sparse,0.99,1076,2.0315812335525152e-05
sparse,0.99,1077,2.011265421231201e-05
sparse,0.99,1078,1.9911527644467242e-05
sparse,0.99,1079,1.9712412395733736e-05
sparse,0.99,1080,1.951528827248694e-05
sparse,0.99,1081,1.9320135379530257e-05
sparse,0.99,1082,1.91269340348299e-05
sparse,0.99,1083,1.8935664684249787e-05
sparse,0.99,1084,1.8746308043660065e-05
sparse,0.99,1085,1.855884495682858e-05
sparse,0.99,1086,1.837325652331856e-05
sparse,0.99,1087,1.818952395638007e-05
sparse,0.99,1088,1.8007628696636857e-05
sparse,0.99,1089,1.782755242629719e-05
sparse,0.99,1090,1.7649276884412757e-05
sparse,0.99,1091,1.747278413688491e-05
sparse,0.99,1092,1.729805627803671e-05
sparse,0.99,1093,1.7125075729040873e-05
sparse,0.99,1094,1.6953824967913533e-05
sparse,0.99,1095,1.6784286728466213e-05
sparse,0.99,1096,1.6616443872408126e-05
sparse,0.99,1097,1.6450279417767888e-05
sparse,0.99,1098,1.6285776624158643e-05
sparse,0.99,1099,1.6122918836458666e-05
sparse,0.99,1100,1.596168966955247e-05
sparse,0.99,1101,1.5802072752535423e-05
sparse,0.99,1102,1.5644052041352552e-05
sparse,0.99,1103,1.5487611506159737e-05
sparse,0.99,1104,1.533273541554081e-05
sparse,0.99,1105,1.5179408052290455e-05
sparse,0.99,1106,1.5027613954998742e-05
sparse,0.99,1107,1.4877337832785997e-05
sparse,0.99,1108,1.4728564437405112e-05
sparse,0.99,1109,1.458127880482607e-05
sparse,0.99,1110,1.4435466027862276e-05
sparse,0.99,1111,1.429111136985739e-05
sparse,0.99,1112,1.414820023626362e-05
sparse,0.99,1113,1.4006718231485138e-05
sparse,0.99,1114,1.3866651045191247e-05
sparse,0.99,1115,1.3727984537581506e-05
sparse,0.99,1116,1.3590704710964019e-05
sparse,0.99,1117,1.345479765291202e-05
sparse,0.99,1118,1.332024967837242e-05
sparse,0.99,1119,1.31870471733464e-05
sparse,0.99,1120,1.3055176708576255e-05
sparse,0.99,1121,1.2924624954280262e-05
sparse,0.99,1122,1.2795378694363535e-05
sparse,0.99,1123,1.2667424897472301e-05
sparse,0.99,1124,1.254075066015048e-05
sparse,0.99,1125,1.241534314999626e-05
sparse,0.99,1126,1.2291189733559804e-05
sparse,0.99,1127,1.2168277834234686e-05
sparse,0.99,1128,1.2046595031733887e-05
sparse,0.99,1129,1.192612910472235e-05
sparse,0.99,1130,1.180686780344331e-05
sparse,0.99,1131,1.168879910551368e-05
sparse,0.99,1132,1.1571911144869773e-05
sparse,0.99,1133,1.1456192012815336e-05
sparse,0.99,1134,1.1341630099082067e-05
sparse,0.99,1135,1.122821380761252e-05
sparse,0.99,1136,1.1115931670246937e-05
sparse,0.99,1137,1.1004772346723257e-05
sparse,0.99,1138,1.089472462467711e-05
sparse,0.99,1139,1.0785777377009254e-05
sparse,0.99,1140,1.0677919604518138e-05
sparse,0.99,1141,1.0571140393267342e-05
sparse,0.99,1142,1.0465428999850701e-05
sparse,0.99,1143,1.0360774695072905e-05
sparse,0.99,1144,1.0257166962901465e-05
sparse,0.99,1145,1.0154595287303891e-05
sparse,0.99,1146,1.0053049351199661e-05
sparse,0.99,1147,9.95251883750825e-06
sparse,0.99,1148,9.852993656522813e-06
sparse,0.99,1149,9.754463718536499e-06
sparse,0.99,1150,9.65691907595101e-06
sparse,0.99,1151,9.560349909065735e-06
sparse,0.99,1152,9.464746383969214e-06
sparse,0.99,1153,9.370098936756222e-06
sparse,0.99,1154,9.276397932467262e-06
sparse,0.99,1155,9.183633963516513e-06
sparse,0.99,1156,9.091797622318154e-06
sparse,0.99,1157,9.000879657605765e-06
sparse,0.99,1158,8.910870846534635e-06
sparse,0.99,1159,8.821762165212022e-06
sparse,0.99,1160,8.73354453290176e-06
sparse,0.99,1161,8.646209067819655e-06
sparse,0.99,1162,8.55974698765749e-06
sparse,0.99,1163,8.474149524317909e-06
sparse,0.99,1164,8.389408009179533e-06
sparse,0.99,1165,8.305513944151244e-06
sparse,0.99,1166,8.222458802720212e-06
sparse,0.99,1167,8.14023421469301e-06
sparse,0.99,1168,8.058831880930484e-06
sparse,0.99,1169,7.9782435591369e-06
sparse,0.99,1170,7.89846112070336e-06
sparse,0.99,1171,7.81947650807524e-06
sparse,0.99,1172,7.741281734752192e-06
sparse,0.99,1173,7.663868913709848e-06
sparse,0.99,1174,7.587230243188969e-06
sparse,0.99,1175,7.511357921430317e-06
sparse,0.99,1176,7.436244359837474e-06
sparse,0.99,1177,7.361881898759748e-06
sparse,0.99,1178,7.288263077498414e-06
sparse,0.99,1179,7.21538047798731e-06
sparse,0.99,1180,7.143226639527711e-06
sparse,0.99,1181,7.0717944140596956e-06
sparse,0.99,1182,7.001076440360521e-06
sparse,0.99,1183,6.931065669846248e-06
sparse,0.99,1184,6.8617550113003745e-06
sparse,0.99,1185,6.793137487193235e-06
sparse,0.99,1186,6.725206091573455e-06
sparse,0.99,1187,6.657954045863335e-06
sparse,0.99,1188,6.591374514641757e-06
sparse,0.99,1189,6.525460776174441e-06
sparse,0.99,1190,6.460206151359671e-06
sparse,0.99,1191,6.395604088993423e-06
sparse,0.99,1192,6.331648052082528e-06
sparse,0.99,1193,6.268331560477236e-06
sparse,0.99,1194,6.20564823350378e-06
sparse,0.99,1195,6.143591761542666e-06
sparse,0.99,1196,6.082155849185256e-06
sparse,0.99,1197,6.021334286288038e-06
sparse,0.99,1198,5.961120919550922e-06
sparse,0.99,1199,5.9015097235715075e-06
sparse,0.99,1200,5.842494630314832e-06
sparse,0.99,1201,5.784069685432769e-06
sparse,0.99,1202,5.7262289772097574e-06
sparse,0.99,1203,5.668966693406219e-06
sparse,0.99,1204,5.612277050204284e-06
sparse,0.99,1205,5.556154277996939e-06
sparse,0.99,1206,5.500592720864006e-06
sparse,0.99,1207,5.445586793939583e-06
sparse,0.99,1208,5.391130940779476e-06
sparse,0.99,1209,5.337219619150346e-06
sparse,0.99,1210,5.283847428927402e-06
sparse,0.99,1211,5.231008955774996e-06
sparse,0.99,1212,5.178698884833466e-06
sparse,0.99,1213,5.126911844399729e-06
sparse,0.99,1214,5.075642746987796e-06
sparse,0.99,1215,5.02488632037057e-06
sparse,0.99,1216,4.974637448640351e-06
sparse,0.99,1217,4.924891086943717e-06
sparse,0.99,1218,4.875642190427243e-06
sparse,0.99,1219,4.82688575687007e-06
sparse,0.99,1220,4.778616897738175e-06
sparse,0.99,1221,4.7308307387083914e-06
sparse,0.99,1222,4.683522433879261e-06
sparse,0.99,1223,4.636687194192746e-06
sparse,0.99,1224,4.590320330066788e-06
sparse,0.99,1225,4.544417095075914e-06
sparse,0.99,1226,4.498972941746615e-06
sparse,0.99,1227,4.453983194707689e-06
sparse,0.99,1228,4.409443391750756e-06
sparse,0.99,1229,4.365348942769742e-06
sparse,0.99,1230,4.3216954566105414e-06
sparse,0.99,1231,4.278478499486482e-06
sparse,0.99,1232,4.235693722876022e-06
sparse,0.99,1233,4.193336778257617e-06
sparse,0.99,1234,4.151403430796563e-06
sparse,0.99,1235,4.109889374603881e-06
sparse,0.99,1236,4.068790488531704e-06
sparse,0.99,1237,4.02810258037789e-06
sparse,0.99,1238,3.987821543205428e-06
sparse,0.99,1239,3.9479433553424315e-06
sparse,0.99,1240,3.908463924062744e-06
sparse,0.99,1241,3.869379284537899e-06
sparse,0.99,1242,3.830685457728578e-06
sparse,0.99,1243,3.7923786067040055e-06
sparse,0.99,1244,3.754454851900846e-06
sparse,0.99,1245,3.7169102995449066e-06
sparse,0.99,1246,3.6797411837596883e-06
sparse,0.99,1247,3.642943767090401e-06
sparse,0.99,1248,3.6065143405039635e-06
sparse,0.99,1249,3.5704491949672956e-06
sparse,0.99,1250,3.534744706712445e-06
sparse,0.99,1251,3.4993972661823136e-06
sparse,0.99,1252,3.4644032922415136e-06
sparse,0.99,1253,3.4297592605980753e-06
sparse,0.99,1254,3.3954616469600296e-06
sparse,0.99,1255,3.3615070407222447e-06
sparse,0.99,1256,3.32789197443617e-06
sparse,0.99,1257,3.294613051707529e-06
sparse,0.99,1258,3.261666932985463e-06
sparse,0.99,1259,3.229050250297405e-06
sparse,0.99,1260,3.1967597635684797e-06
sparse,0.99,1261,3.1647921616695385e-06
sparse,0.99,1262,3.133144218736561e-06
sparse,0.99,1263,3.10181280838151e-06
sparse,0.99,1264,3.070794662107801e-06
sparse,0.99,1265,3.040086710370815e-06
sparse,0.99,1266,3.009685855204225e-06
sparse,0.99,1267,2.9795889844308476e-06
sparse,0.99,1268,2.9497930995603383e-06
sparse,0.99,1269,2.920295159469788e-06
sparse,0.99,1270,2.8910922083014157e-06
sparse,0.99,1271,2.862181290197441e-06
sparse,0.99,1272,2.8335594635109373e-06
sparse,0.99,1273,2.8052238576492527e-06
sparse,0.99,1274,2.777171630441444e-06
sparse,0.99,1275,2.7493999255057133e-06
sparse,0.99,1276,2.721905943303682e-06
sparse,0.99,1277,2.6946868842969707e-06
sparse,0.99,1278,2.667739991579765e-06
sparse,0.99,1279,2.6410625935113785e-06
sparse,0.99,1280,2.614651990029415e-06
sparse,0.99,1281,2.588505438438915e-06
sparse,0.99,1282,2.562620394996884e-06
sparse,0.99,1283,2.5369942022734904e-06
sparse,0.99,1284,2.5116242454714666e-06
sparse,0.99,1285,2.4865080234803827e-06
sparse,0.99,1286,2.461642921502971e-06
sparse,0.99,1287,2.4370264810613662e-06
sparse,0.99,1288,2.4126562294668474e-06
sparse,0.99,1289,2.3885296798198397e-06
sparse,0.99,1290,2.364644373642477e-06
sparse,0.99,1291,2.340997951932877e-06
sparse,0.99,1292,2.317587956213174e-06
sparse,0.99,1293,2.294412084324904e-06
sparse,0.99,1294,2.271467963055329e-06
sparse,0.99,1295,2.2487532760351314e-06
sparse,0.99,1296,2.226265749527556e-06
sparse,0.99,1297,2.204003067163285e-06
sparse,0.99,1298,2.181963054681546e-06
sparse,0.99,1299,2.1601434241347306e-06
sparse,0.99,1300,2.138542001262067e-06
sparse,0.99,1301,2.1171565833810746e-06
sparse,0.99,1302,2.0959849962309818e-06
sparse,0.99,1303,2.075025165027e-06
sparse,0.99,1304,2.0542749012975037e-06
sparse,0.99,1305,2.0337321586794133e-06
sparse,0.99,1306,2.0133948197553764e-06
sparse,0.99,1307,1.993260895005733e-06
sparse,0.99,1308,1.9733282670131302e-06
sparse,0.99,1309,1.953595003101327e-06
sparse,0.99,1310,1.9340590569072447e-06
sparse,0.99,1311,1.914718467332932e-06
sparse,0.99,1312,1.8955712732804386e-06
sparse,0.99,1313,1.8766155562843778e-06
sparse,0.99,1314,1.8578494120902178e-06
sparse,0.99,1315,1.8392708938108626e-06
sparse,0.99,1316,1.8208781824569087e-06
sparse,0.99,1317,1.8026694164063883e-06
sparse,0.99,1318,1.7846427482481886e-06
sparse,0.99,1319,1.7667962879386323e-06
sparse,0.99,1320,1.7491283443860084e-06
sparse,0.99,1321,1.7316370417574944e-06
sparse,0.99,1322,1.714320703172234e-06
sparse,0.99,1323,1.6971774670082596e-06
sparse,0.99,1324,1.6802056990172787e-06
sparse,0.99,1325,1.6634036370533067e-06
sparse,0.99,1326,1.6467695900246326e-06
sparse,0.99,1327,1.6303019094721094e-06
sparse,0.99,1328,1.6139988758823165e-06
sparse,0.99,1329,1.5978589118503805e-06
sparse,0.99,1330,1.5818803120737357e-06
sparse,0.99,1331,1.5660614991475086e-06
sparse,0.99,1332,1.550400881455971e-06
sparse,0.99,1333,1.5348968958051046e-06
sparse,0.99,1334,1.5195479221574715e-06
sparse,0.99,1335,1.5043524257407626e-06
sparse,0.99,1336,1.4893089144152327e-06
sparse,0.99,1337,1.4744158249868633e-06
sparse,0.99,1338,1.4596716653159092e-06
sparse,0.99,1339,1.44507495747348e-06
sparse,0.99,1340,1.4306242093198307e-06
sparse,0.99,1341,1.4163179713477803e-06
sparse,0.99,1342,1.402154779839293e-06
sparse,0.99,1343,1.3881332279197522e-06
sparse,0.99,1344,1.374251908714541e-06
sparse,0.99,1345,1.3605093869273333e-06
sparse,0.99,1346,1.3469042841052214e-06
sparse,0.99,1347,1.333435236006153e-06
sparse,0.99,1348,1.3201008783880752e-06
sparse,0.99,1349,1.3068998896414996e-06
sparse,0.99,1350,1.293830877102664e-06
sparse,0.99,1351,1.2808925617946443e-06
sparse,0.99,1352,1.268083650529661e-06
sparse,0.99,1353,1.255402821698226e-06
sparse,0.99,1354,1.2428487679017053e-06
sparse,0.99,1355,1.2304203096391575e-06
sparse,0.99,1356,1.2181160968793847e-06
sparse,0.99,1357,1.2059349216997362e-06
sparse,0.99,1358,1.1938755903884157e-06
sparse,0.99,1359,1.181936823968499e-06
sparse,0.99,1360,1.1701174429390448e-06
sparse,0.99,1361,1.1584162677991117e-06
sparse,0.99,1362,1.1468321190477582e-06
sparse,0.99,1363,1.1353637887623336e-06
sparse,0.99,1364,1.1240101827070248e-06
sparse,0.99,1365,1.1127700645374716e-06
sparse,0.99,1366,1.1016423684395704e-06
sparse,0.99,1367,1.0906259433340892e-06
sparse,0.99,1368,1.0797196665635056e-06
sparse,0.99,1369,1.0689224581028611e-06
sparse,0.99,1370,1.0582332521380522e-06
sparse,0.99,1371,1.0476509260115563e-06
sparse,0.99,1372,1.0371744139092698e-06
sparse,0.99,1373,1.0268026642279438e-06
sparse,0.99,1374,1.016534639575184e-06
sparse,0.99,1375,1.0063692883477415e-06
sparse,0.99,1376,9.963056015749316e-07
shaped,0.5,1,79.88
shaped,0.5,2,31.981999999999996
shaped,0.5,3,14.398799999999996
shaped,0.5,4,6.4034425
shaped,0.5,5,2.883362375
shaped,0.5,6,1.2950450500000004
shaped,0.5,7,0.5576282332812499
shaped,0.5,8,0.24690556273437525
shaped,0.5,9,0.11918226528828157
shaped,0.5,10,0.0577200047705273
shaped,0.5,11,0.027746912208674868
shaped,0.5,12,0.01331421994194193
shaped,0.5,13,0.00636016301893505
shaped,0.5,14,0.003026136160818149
shaped,0.5,15,0.0014349385377638857
shaped,0.5,16,0.0006765848753444992
shaped,0.5,17,0.00032218668560823893
shaped,0.5,18,0.00016010480970118923
shaped,0.5,19,7.945976384393649e-05
shaped,0.5,20,3.9237685847237636e-05
shaped,0.5,21,1.9214883132057103e-05
shaped,0.5,22,8.79864274994091e-06
shaped,0.5,23,4.251312827996401e-06
shaped,0.5,24,2.070404953702365e-06
shaped,0.5,25,1.0110213068958984e-06
shaped,0.5,26,4.925611454265066e-07
shaped,0.9,1,79.88
shaped,0.9,2,57.5676
shaped,0.9,3,46.65211200000001
shaped,0.9,4,37.345062960000014
shaped,0.9,5,30.26851900380001
shaped,0.9,6,24.470892663084005
shaped,0.9,7,19.69392721778128
shaped,0.9,8,15.76965278467829
shaped,0.9,9,13.875268975005385
shaped,0.9,10,11.938486255027044
shaped,0.9,11,10.094965618051447
shaped,0.9,12,8.763554483880348
shaped,0.9,13,7.600140849858825
shaped,0.9,14,6.520220197433929
shaped,0.9,15,5.5400555853783695
shaped,0.9,16,4.66679391480773
shaped,0.9,17,4.005768531816555
shaped,0.9,18,3.534683882211315
shaped,0.9,19,3.0557624702152566
shaped,0.9,20,2.704571477541114
shaped,0.9,21,2.298286379197161
shaped,0.9,22,1.9418417965837422
shaped,0.9,23,1.7030935250188737
shaped,0.9,24,1.487464005849696
shaped,0.9,25,1.2118658626503258
shaped,0.9,26,1.0588800212236213
shaped,0.9,27,0.8779565668000151
shaped,0.9,28,0.7477120969072883
shaped,0.9,29,0.6693460316042676
shaped,0.9,30,0.5580917785374471
shaped,0.9,31,0.4875331697197147
shaped,0.9,32,0.43642874921804875
shaped,0.9,33,0.3908135958343264
shaped,0.9,34,0.3487996454069986
shaped,0.9,35,0.3101893114804781
shaped,0.9,36,0.2748737146164366
shaped,0.9,37,0.23608437646887648
shaped,0.9,38,0.20758160555837435
shaped,0.9,39,0.17690563707570117
shaped,0.9,40,0.15724438145980457
shaped,0.9,41,0.14123495002976494
shaped,0.9,42,0.12680093370649814
shaped,0.9,43,0.10597461805070552
shaped,0.9,44,0.08778188829845313
shaped,0.9,45,0.07626994846721047
shaped,0.9,46,0.05936506268031483
shaped,0.9,47,0.05020184887560131
shaped,0.9,48,0.03741196477064257
shaped,0.9,49,0.029859831049654062
shaped,0.9,50,0.02144556598312164
shaped,0.9,51,0.01631273408600631
shaped,0.9,52,0.011357856334339722
shaped,0.9,53,0.00829956258448572
shaped,0.9,54,0.005628955466088215
shaped,0.9,55,0.003979504522815702
shaped,0.9,56,0.003043252722171985
shaped,0.9,57,0.0027389274499522998
shaped,0.9,58,0.002465034704957958
shaped,0.9,59,0.002218531234461807
shaped,0.9,60,0.0019966781110163367
shaped,0.9,61,0.0017970102999136373
shaped,0.9,62,0.001617309269922984
shaped,0.9,63,0.0014555783429326397
shaped,0.9,64,0.0013100205086384875
shaped,0.9,65,0.0011790184577726848
shaped,0.9,66,0.001061116611996482
shaped,0.9,67,0.0009550049507964786
shaped,0.9,68,0.0008595044557164755
shaped,0.9,69,0.0007735540101450056
shaped,0.9,70,0.000696198609130505
shaped,0.9,71,0.0006265787482195861
shaped,0.9,72,0.000563920873394963
shaped,0.9,73,0.0005075287860556443
shaped,0.9,74,0.0004567759074500799
shaped,0.9,75,0.0004110983167056048
shaped,0.9,76,0.00036998848503522197
shaped,0.9,77,0.00033298963653116687
shaped,0.9,78,0.00029969067287893836
shaped,0.9,79,0.0002697216055924656
shaped,0.9,80,0.0002427494450305545
shaped,0.9,81,0.00021847450052980832
shaped,0.9,82,0.00019662705047451823
shaped,0.9,83,0.00017696434542813222
shaped,0.9,84,0.00015926791088460845
shaped,0.9,85,0.0001433411197986345
shaped,0.9,86,0.0001290070078159289
shaped,0.9,87,0.00011610630703273728
shaped,0.9,88,0.00010449567633230572
shaped,0.9,89,9.404610869800933e-05
shaped,0.9,90,8.464149782838604e-05
shaped,0.9,91,7.617734804554743e-05
shaped,0.9,92,6.855961324170323e-05
shaped,0.9,93,6.17036519194869e-05
shaped,0.9,94,5.553328672469604e-05
shaped,0.9,95,4.9979958053114615e-05
shaped,0.9,96,4.498196224744788e-05
shaped,0.9,97,4.0483766023058365e-05
shaped,0.9,98,3.643538942199598e-05
shaped,0.9,99,3.279185047944111e-05
shaped,0.9,100,2.9512665431496998e-05
shaped,0.9,101,2.656139888657094e-05
shaped,0.9,102,2.390525899897966e-05
shaped,0.9,103,2.1514733099081695e-05
shaped,0.9,104,1.936325979023934e-05
shaped,0.9,105,1.7426933808906142e-05
shaped,0.9,106,1.5684240429081342e-05
shaped,0.9,107,1.4115816385995572e-05
shaped,0.9,108,1.2704234746863108e-05
shaped,0.9,109,1.1433811271999161e-05
shaped,0.9,110,1.0290430145332152e-05
shaped,0.9,111,9.26138713275293e-06
shaped,0.9,112,8.335248415036745e-06
shaped,0.9,113,7.501723576552877e-06
shaped,0.9,114,6.7515512203186745e-06
shaped,0.9,115,6.076396097398629e-06
shaped,0.9,116,5.468756487658766e-06
shaped,0.9,117,4.9218808353401755e-06
shaped,0.9,118,4.429692754825965e-06
shaped,0.9,119,3.986723479343368e-06
shaped,0.9,120,3.5880511308761243e-06
shaped,0.9,121,3.2292460172556048e-06
shaped,0.9,122,2.9063214164182227e-06
shaped,0.9,123,2.6156892740658577e-06
shaped,0.9,124,2.3541203475474504e-06
shaped,0.9,125,2.1187083127927053e-06
shaped,0.9,126,1.906837480802892e-06
shaped,0.9,127,1.7161537311238817e-06
shaped,0.9,128,1.5445383603207574e-06
shaped,0.9,129,1.3900845239334103e-06
shaped,0.9,130,1.2510760729611548e-06
shaped,0.9,131,1.1259684633557754e-06
shaped,0.9,132,1.0133716195070974e-06
shaped,0.9,133,9.120344550694881e-07
shaped,0.99,1,79.88
shaped,0.99,2,63.324360000000006
shaped,0.99,3,56.44905552000001
shaped,0.99,4,49.70631800376002
shaped,0.99,5,44.31616972303159
shaped,0.99,6,39.41065192427978
shaped,0.99,7,34.91302995279622
shaped,0.99,8,30.768800520729695
shaped,0.99,9,29.78828617492356
shaped,0.99,10,28.19833620342868
shaped,0.99,11,26.23134255500338
shaped,0.99,12,25.11919008753152
shaped,0.99,13,23.9751725419169
shaped,0.99,14,22.632478614569024
shaped,0.99,15,21.157045895359154
shaped,0.99,16,19.606032161497865
shaped,0.99,17,18.457503654385704
shaped,0.99,18,17.918421817241597
shaped,0.99,19,17.038490341541156
shaped,0.99,20,16.523101301951325
shaped,0.99,21,15.442638577247088
shaped,0.99,22,14.32371443228071
shaped,0.99,23,13.80769976082902
shaped,0.99,24,13.279931806945605
shaped,0.99,25,11.785294881961157
shaped,0.99,26,11.055263826956413
shaped,0.99,27,10.018020445678346
shaped,0.99,28,9.676565734269033
shaped,0.99,29,9.318919984816148
shaped,0.99,30,8.946783159505287
shaped,0.99,31,8.562763629272883
shaped,0.99,32,8.289533976317017
shaped,0.99,33,8.180239988429875
shaped,0.99,34,8.064320988245477
shaped,0.99,35,7.925266514658674
shaped,0.99,36,7.763405468297925
shaped,0.99,37,7.4089664007610665
shaped,0.99,38,7.218875685183853
shaped,0.99,39,6.7227262632581954
shaped,0.99,40,6.537260159705461
shaped,0.99,41,6.406175505721883
shaped,0.99,42,6.231844323083237
shaped,0.99,43,5.849326363487634
shaped,0.99,44,5.371898842167681
shaped,0.99,45,5.04507733479894
shaped,0.99,46,4.348365757893127
shaped,0.99,47,3.8032076909973895
shaped,0.99,48,3.118927953783981
shaped,0.99,49,2.5851760744487535
shaped,0.99,50,2.036900558710954
shaped,0.99,51,1.6172155147637568
shaped,0.99,52,1.2326521940764366
shaped,0.99,53,0.9495715807127283
shaped,0.99,54,0.7067800022472426
shaped,0.99,55,0.5811664141181083
shaped,0.99,56,0.5753547499769311
shaped,0.99,57,0.5696012024771591
shaped,0.99,58,0.5639051904523882
shaped,0.99,59,0.5582661385478715
shaped,0.99,60,0.5526834771623825
shaped,0.99,61,0.5471566423907603
shaped,0.99,62,0.5416850759668534
shaped,0.99,63,0.5362682252071878
shaped,0.99,64,0.5309055429551108
shaped,0.99,65,0.5255964875255614
shaped,0.99,66,0.520340522650315
shaped,0.99,67,0.5151371174238122
shaped,0.99,68,0.5099857462495692
shaped,0.99,69,0.5048858887870722
shaped,0.99,70,0.4998370298991972
shaped,0.99,71,0.49483865960020523
shaped,0.99,72,0.48989027300421384
shaped,0.99,73,0.48499137027415884
shaped,0.99,74,0.48014145657143814
shaped,0.99,75,0.4753400420057119
shaped,0.99,76,0.4705866415856548
shaped,0.99,77,0.46588077516979354
shaped,0.99,78,0.46122196741810484
shaped,0.99,79,0.4566097477439044
shaped,0.99,80,0.4520436502664751
shaped,0.99,81,0.44752321376380166
shaped,0.99,82,0.4430479816261794
shaped,0.99,83,0.438617501809901
shaped,0.99,84,0.434231326791803
shaped,0.99,85,0.42988901352389775
shaped,0.99,86,0.4255901233886519
shaped,0.99,87,0.42133422215477623
shaped,0.99,88,0.4171208799332291
shaped,0.99,89,0.41294967113389447
shaped,0.99,90,0.4088201744225586
shaped,0.99,91,0.40473197267832006
shaped,0.99,92,0.4006846529515471
shaped,0.99,93,0.39667780642201933
shaped,0.99,94,0.3927110283578088
shaped,0.99,95,0.38878391807422474
shaped,0.99,96,0.3848960788934832
shaped,0.99,97,0.38104711810454717
shaped,0.99,98,0.37723664692349956
shaped,0.99,99,0.3734642804542787
shaped,0.99,100,0.36972963764973343
shaped,0.99,101,0.36603234127322537
shaped,0.99,102,0.3623720178604941
shaped,0.99,103,0.358748297681899
shaped,0.99,104,0.3551608147050729
shaped,0.99,105,0.35160920655802386
shaped,0.99,106,0.3480931144924426
shaped,0.99,107,0.34461218334752175
shaped,0.99,108,0.3411660615140448
shaped,0.99,109,0.33775440089890196
shaped,0.99,110,0.3343768568899179
shaped,0.99,111,0.3310330883210071
shaped,0.99,112,0.32772275743779744
shaped,0.99,113,0.324445529863425
shaped,0.99,114,0.3212010745647831
shaped,0.99,115,0.31798906381914094
shaped,0.99,116,0.31480917318094725
shaped,0.99,117,0.31166108144914517
shaped,0.99,118,0.30854447063464363
shaped,0.99,119,0.3054590259283003
shaped,0.99,120,0.3024044356690183
shaped,0.99,121,0.29938039131232586
shaped,0.99,122,0.296386587399212
shaped,0.99,123,0.29342272152521787
shaped,0.99,124,0.2904884943099688
shaped,0.99,125,0.28758360936687666
shaped,0.99,126,0.2847077732731975
shaped,0.99,127,0.2818606955404732
shaped,0.99,128,0.27904208858505797
shaped,0.99,129,0.2762516676992135
shaped,0.99,130,0.2734891510222184
shaped,0.99,131,0.27075425951198895
shaped,0.99,132,0.268046716916885
shaped,0.99,133,0.26536624974770007
shaped,0.99,134,0.2627125872502205
shaped,0.99,135,0.26008546137772726
shaped,0.99,136,0.2574846067639527
shaped,0.99,137,0.25490976069630733
shaped,0.99,138,0.25236066308934824
shaped,0.99,139,0.24983705645844623
shaped,0.99,140,0.24733868589386532
shaped,0.99,141,0.24486529903491316
shaped,0.99,142,0.2424166460445747
shaped,0.99,143,0.2399924795841315
shaped,0.99,144,0.2375925547883071
shaped,0.99,145,0.2352166292404121
shaped,0.99,146,0.2328644629479868
shaped,0.99,147,0.2305358183185291
shaped,0.99,148,0.228230460135336
shaped,0.99,149,0.22594815553398462
shaped,0.99,150,0.22368867397864278
shaped,0.99,151,0.2214517872388626
shaped,0.99,152,0.2192372693664737
shaped,0.99,153,0.21704489667281734
shaped,0.99,154,0.21487444770608022
shaped,0.99,155,0.21272570322901174
shaped,0.99,156,0.21059844619672674
shaped,0.99,157,0.20849246173474967
shaped,0.99,158,0.2064075371174141
shaped,0.99,159,0.20434346174623386
shaped,0.99,160,0.20230002712877138
shaped,0.99,161,0.20027702685750626
shaped,0.99,162,0.19827425658891684
shaped,0.99,163,0.1962915140230308
shaped,0.99,164,0.19432859888279097
shaped,0.99,165,0.19238531289397542
shaped,0.99,166,0.19046145976504647
shaped,0.99,167,0.18855684516738336
shaped,0.99,168,0.18667127671569972
shaped,0.99,169,0.18480456394854627
shaped,0.99,170,0.18295651830905513
shaped,0.99,171,0.18112695312596827
shaped,0.99,172,0.17931568359470873
shaped,0.99,173,0.17752252675876434
shaped,0.99,174,0.17574730149118523
shaped,0.99,175,0.17398982847626598
shaped,0.99,176,0.1722499301914837
shaped,0.99,177,0.17052743088960653
shaped,0.99,178,0.16882215658070265
shaped,0.99,179,0.1671339350149026
shaped,0.99,180,0.1654625956647351
shaped,0.99,181,0.1638079697080883
shaped,0.99,182,0.16216989001101467
shaped,0.99,183,0.16054819111090524
shaped,0.99,184,0.15894270919979192
shaped,0.99,185,0.15735328210779187
shaped,0.99,186,0.15577974928670812
shaped,0.99,187,0.15422195179384346
shaped,0.99,188,0.1526797322759137
shaped,0.99,189,0.15115293495314575
shaped,0.99,190,0.14964140560363148
shaped,0.99,191,0.1481449915475821
shaped,0.99,192,0.14666354163210826
shaped,0.99,193,0.1451969062158014
shaped,0.99,194,0.14374493715364167
shaped,0.99,195,0.1423074877820909
shaped,0.99,196,0.14088441290427056
shaped,0.99,197,0.13947556877522516
shaped,0.99,198,0.138080813087484
shaped,0.99,199,0.1367000049565803
shaped,0.99,200,0.13533300490702516
shaped,0.99,201,0.1339796748579687
shaped,0.99,202,0.13263987810937294
shaped,0.99,203,0.1313134793282842
shaped,0.99,204,0.13000034453499154
shaped,0.99,205,0.12870034108965456
shaped,0.99,206,0.12741333767876029
shaped,0.99,207,0.12613920430197822
shaped,0.99,208,0.12487781225895844
shaped,0.99,209,0.12362903413635706
shaped,0.99,210,0.12239274379498966
shaped,0.99,211,0.12116881635704146
shaped,0.99,212,0.11995712819346238
shaped,0.99,213,0.11875755691156087
shaped,0.99,214,0.11756998134241314
shaped,0.99,215,0.11639428152899711
shaped,0.99,216,0.11523033871371524
shaped,0.99,217,0.11407803532658534
shaped,0.99,218,0.11293725497330342
shaped,0.99,219,0.11180788242356243
shaped,0.99,220,0.11068980359934244
shaped,0.99,221,0.10958290556334305
shaped,0.99,222,0.10848707650772837
shaped,0.99,223,0.1074022057426447
shaped,0.99,224,0.10632818368520702
shaped,0.99,225,0.1052649018483578
shaped,0.99,226,0.10421225282988189
shaped,0.99,227,0.10317013030156374
shaped,0.99,228,0.10213842899855763
shaped,0.99,229,0.10111704470857319
shaped,0.99,230,0.10010587426148732
shaped,0.99,231,0.09910481551887074
shaped,0.99,232,0.09811376736368516
shaped,0.99,233,0.09713262969006564
shaped,0.99,234,0.09616130339314566
shaped,0.99,235,0.09519969035920894
shaped,0.99,236,0.09424769345561401
shaped,0.99,237,0.09330521652108814
shaped,0.99,238,0.09237216435585083
shaped,0.99,239,0.09144844271230568
shaped,0.99,240,0.09053395828517807
shaped,0.99,241,0.08962861870232075
shaped,0.99,242,0.08873233251532042
shaped,0.99,243,0.08784500919013283
shaped,0.99,244,0.08696655909824358
shaped,0.99,245,0.08609689350724636
shaped,0.99,246,0.08523592457218854
shaped,0.99,247,0.08438356532647617
shaped,0.99,248,0.08353972967320544
shaped,0.99,249,0.08270433237647978
shaped,0.99,250,0.08187728905271285
shaped,0.99,251,0.08105851616218729
shaped,0.99,252,0.0802479310005566
shaped,0.99,253,0.07944545169054607
shaped,0.99,254,0.07865099717363933
shaped,0.99,255,0.0778644872019072
shaped,0.99,256,0.07708584232989324
shaped,0.99,257,0.07631498390661307
shaped,0.99,258,0.07555183406752519
shaped,0.99,259,0.07479631572684298
shaped,0.99,260,0.07404835256957654
shaped,0.99,261,0.07330786904390152
shaped,0.99,262,0.07257479035345682
shaped,0.99,263,0.07184904244992651
shaped,0.99,264,0.07113055202540863
shaped,0.99,265,0.07041924650516762
shaped,0.99,266,0.0697150540401168
shaped,0.99,267,0.06901790349972714
shaped,0.99,268,0.0683277244647229
shaped,0.99,269,0.06764444722007568
shaped,0.99,270,0.0669680027478563
shaped,0.99,271,0.06629832272038527
shaped,0.99,272,0.06563533949318412
shaped,0.99,273,0.0649789860982537
shaped,0.99,274,0.0643291962372814
shaped,0.99,275,0.06368590427489096
shaped,0.99,276,0.06304904523216237
shaped,0.99,277,0.06241855477982483
shaped,0.99,278,0.06179436923203241
shaped,0.99,279,0.061176425539713364
shaped,0.99,280,0.06056466128431737
shaped,0.99,281,0.05995901467146325
shaped,0.99,282,0.05935942452475729
shaped,0.99,283,0.05876583027949778
shaped,0.99,284,0.058178171976720705
shaped,0.99,285,0.05759639025693275
shaped,0.99,286,0.05702042635438431
shaped,0.99,287,0.05645022209084516
shaped,0.99,288,0.05588571986992008
shaped,0.99,289,0.05532686267120823
shaped,0.99,290,0.0547735940445051
shaped,0.99,291,0.05422585810406133
shaped,0.99,292,0.05368359952302626
shaped,0.99,293,0.05314676352779202
shaped,0.99,294,0.05261529589250813
shaped,0.99,295,0.05208914293358191
shaped,0.99,296,0.05156825150424993
shaped,0.99,297,0.051052568989220504
shaped,0.99,298,0.05054204329931622
shaped,0.99,299,0.050036622866343805
shaped,0.99,300,0.04953625663765138
shaped,0.99,301,0.04904089407128254
shaped,0.99,302,0.04855048513056204
shaped,0.99,303,0.04806498027926409
shaped,0.99,304,0.04758433047646804
shaped,0.99,305,0.047108487171726665
shaped,0.99,306,0.046637402300007125
shaped,0.99,307,0.04617102827698716
shaped,0.99,308,0.0457093179942234
shaped,0.99,309,0.04525222481429125
shaped,0.99,310,0.04479970256613797
shaped,0.99,311,0.04435170554047829
shaped,0.99,312,0.04390818848506228
shaped,0.99,313,0.04346910660021308
shaped,0.99,314,0.043034415534236814
shaped,0.99,315,0.04260407137886091
shaped,0.99,316,0.04217803066508452
shaped,0.99,317,0.04175625035843211
shaped,0.99,318,0.04133868785484651
shaped,0.99,319,0.040925300976311973
shaped,0.99,320,0.040516047966519864
shaped,0.99,321,0.040110887486889624
shaped,0.99,322,0.039709778612021296
shaped,0.99,323,0.039312680825887014
shaped,0.99,324,0.0389195540176388
shaped,0.99,325,0.03853035847744479
shaped,0.99,326,0.03814505489269493
shaped,0.99,327,0.03776360434375192
shaped,0.99,328,0.037385968300313266
shaped,0.99,329,0.03701210861731852
shaped,0.99,330,0.036641987531140785
shaped,0.99,331,0.03627556765582085
shaped,0.99,332,0.035912811979272874
shaped,0.99,333,0.03555368385947588
shaped,0.99,334,0.03519814702087842
shaped,0.99,335,0.03484616555067532
shaped,0.99,336,0.03449770389518392
shaped,0.99,337,0.03415272685620607
shaped,0.99,338,0.033811199587646
shaped,0.99,339,0.03347308759178702
shaped,0.99,340,0.033138356715852524
shaped,0.99,341,0.03280697314870906
shaped,0.99,342,0.032478903417199945
shaped,0.99,343,0.03215411438303306
shaped,0.99,344,0.03183257323921396
shaped,0.99,345,0.03151424750681997
shaped,0.99,346,0.031199105031760155
shaped,0.99,347,0.03088711398140731
shaped,0.99,348,0.03057824284162791
shaped,0.99,349,0.030272460413229396
shaped,0.99,350,0.02996973580907536
shaped,0.99,351,0.02967003845098759
shaped,0.99,352,0.029373338066477572
shaped,0.99,353,0.02907960468580484
shaped,0.99,354,0.02878880863895006
shaped,0.99,355,0.028500920552559705
shaped,0.99,356,0.02821591134703283
shaped,0.99,357,0.02793375223355099
shaped,0.99,358,0.027654414711236086
shaped,0.99,359,0.02737787056409502
shaped,0.99,360,0.027104091858461743
shaped,0.99,361,0.026833050939899294
shaped,0.99,362,0.026564720430485522
shaped,0.99,363,0.026299073226184078
shaped,0.99,364,0.02603608249393119
shaped,0.99,365,0.025775721668992446
shaped,0.99,366,0.025517964452276942
shaped,0.99,367,0.025262784807779326
shaped,0.99,368,0.025010156959694996
shaped,0.99,369,0.02476005539010373
shaped,0.99,370,0.02451245483618436
shaped,0.99,371,0.02426733028782735
shaped,0.99,372,0.024024656984948933
shaped,0.99,373,0.023784410415117918
shaped,0.99,374,0.023546566310955086
shaped,0.99,375,0.02331110064784525
shaped,0.99,376,0.023077989641365093
shaped,0.99,377,0.02284720974495258
shaped,0.99,378,0.022618737647505327
shaped,0.99,379,0.022392550271035816
shaped,0.99,380,0.022168624768326595
shaped,0.99,381,0.021946938520628123
shaped,0.99,382,0.02172746913542767
shaped,0.99,383,0.02151019444407609
shaped,0.99,384,0.0212950924996278
shaped,0.99,385,0.021082141574638058
shaped,0.99,386,0.020871320158903472
shaped,0.99,387,0.020662606957301932
shaped,0.99,388,0.02045598088771783
shaped,0.99,389,0.02025142107883937
shaped,0.99,390,0.020048906868055383
shaped,0.99,391,0.019848417799394724
shaped,0.99,392,0.019649933621380455
shaped,0.99,393,0.019453434285168214
shaped,0.99,394,0.019258899942343533
shaped,0.99,395,0.019066310942903897
shaped,0.99,396,0.01887564783346818
shaped,0.99,397,0.018686891355145008
shaped,0.99,398,0.018500022441585884
shaped,0.99,399,0.0183150222171804
shaped,0.99,400,0.018131871995009874
shaped,0.99,401,0.01795055327505679
shaped,0.99,402,0.017771047742286328
shaped,0.99,403,0.017593337264884212
shaped,0.99,404,0.01741740389222457
shaped,0.99,405,0.01724322985329252
shaped,0.99,406,0.017070797554765704
shaped,0.99,407,0.01690008957920952
shaped,0.99,408,0.016731088683442863
shaped,0.99,409,0.01656377779659124
shaped,0.99,410,0.016398140018623053
shaped,0.99,411,0.016234158618431138
shaped,0.99,412,0.016071817032269564
shaped,0.99,413,0.015911098861948858
shaped,0.99,414,0.015751987873329654
shaped,0.99,415,0.015594467994574757
shaped,0.99,416,0.015438523314628583
shaped,0.99,417,0.015284138081483434
shaped,0.99,418,0.015131296700673147
shaped,0.99,419,0.014979983733667268
shaped,0.99,420,0.01483018389633628
shaped,0.99,421,0.014681882057359985
shaped,0.99,422,0.014535063236806423
shaped,0.99,423,0.014389712604440774
shaped,0.99,424,0.014245815478389545
shaped,0.99,425,0.014103357323591581
shaped,0.99,426,0.013962323750376981
shaped,0.99,427,0.013822700512861275
shaped,0.99,428,0.013684473507723283
shaped,0.99,429,0.01354762877265614
shaped,0.99,430,0.013412152484917783
shaped,0.99,431,0.01327803096006619
shaped,0.99,432,0.013145250650481444
shaped,0.99,433,0.013013798143958866
shaped,0.99,434,0.01288366016254372
shaped,0.99,435,0.012754823560911177
shaped,0.99,436,0.01262727532527208
shaped,0.99,437,0.012501002572037123
shaped,0.99,438,0.012375992546338921
shaped,0.99,439,0.01225223262085251
shaped,0.99,440,0.01212971029464427
shaped,0.99,441,0.0120084131917082
shaped,0.99,442,0.01188832905980064
shaped,0.99,443,0.011769445769218123
shaped,0.99,444,0.0116517513115042
shaped,0.99,445,0.011535233798369404
shaped,0.99,446,0.011419881460398074
shaped,0.99,447,0.011305682645769366
shaped,0.99,448,0.011192625819333557
shaped,0.99,449,0.011080699561148322
shaped,0.99,450,0.010969892565540817
shaped,0.99,451,0.010860193639899762
shaped,0.99,452,0.010751591703467511
shaped,0.99,453,0.010644075786444773
shaped,0.99,454,0.010537635028583736
shaped,0.99,455,0.010432258678306994
shaped,0.99,456,0.010327936091499623
shaped,0.99,457,0.01022465673058548
shaped,0.99,458,0.010122410163290851
shaped,0.99,459,0.0100211860616497
shaped,0.99,460,0.009920974201051536
shaped,0.99,461,0.009821764459019278
shaped,0.99,462,0.009723546814456085
shaped,0.99,463,0.009626311346309535
shaped,0.99,464,0.009530048232846866
shaped,0.99,465,0.009434747750503902
shaped,0.99,466,0.009340400272989768
shaped,0.99,467,0.00924699627029213
shaped,0.99,468,0.009154526307554534
shaped,0.99,469,0.009062981044493768
shaped,0.99,470,0.008972351234049825
shaped,0.99,471,0.008882627721703784
shaped,0.99,472,0.008793801444497262
shaped,0.99,473,0.008705863430037653
shaped,0.99,474,0.008618804795730739
shaped,0.99,475,0.008532616747785937
shaped,0.99,476,0.008447290580306799
shaped,0.99,477,0.008362817674495204
shaped,0.99,478,0.00827918949777029
shaped,0.99,479,0.008196397602787897
shaped,0.99,480,0.008114433626758455
shaped,0.99,481,0.008033289290480639
shaped,0.99,482,0.007952956397573985
shaped,0.99,483,0.00787342683361203
shaped,0.99,484,0.007794692565283867
shaped,0.99,485,0.007716745639598344
shaped,0.99,486,0.007639578183216145
shaped,0.99,487,0.007563182401398194
shaped,0.99,488,0.007487550577366164
shaped,0.99,489,0.007412675071606145
shaped,0.99,490,0.007338548320888094
shaped,0.99,491,0.007265162837668981
shaped,0.99,492,0.007192511209296981
shaped,0.99,493,0.007120586097201453
shaped,0.99,494,0.007049380236210823
shaped,0.99,495,0.006978886433898879
shaped,0.99,496,0.006909097569518963
shaped,0.99,497,0.006840006593847647
shaped,0.99,498,0.006771606527891549
shaped,0.99,499,0.0067038904626173235
shaped,0.99,500,0.006636851557985324
shaped,0.99,501,0.0065704830424238025
shaped,0.99,502,0.00650477821200468
shaped,0.99,503,0.0064397304298609015
shaped,0.99,504,0.006375333125561156
shaped,0.99,505,0.00631157979429986
shaped,0.99,506,0.006248463996385567
shaped,0.99,507,0.006185979356416738
shaped,0.99,508,0.0061241195628412015
shaped,0.99,509,0.006062878367217195
shaped,0.99,510,0.00600224958355966
shaped,0.99,511,0.0059422270877149685
shaped,0.99,512,0.005882804816820908
shaped,0.99,513,0.005823976768652983
shaped,0.99,514,0.005765737000984927
shaped,0.99,515,0.005708079630977636
shaped,0.99,516,0.005650998834653365
shaped,0.99,517,0.005594488846298873
shaped,0.99,518,0.005538543957854358
shaped,0.99,519,0.005483158518273967
shaped,0.99,520,0.005428326933113681
shaped,0.99,521,0.005374043663749717
shaped,0.99,522,0.005320303227122736
shaped,0.99,523,0.005267100194856766
shaped,0.99,524,0.005214429192889725
shaped,0.99,525,0.005162284900961822
shaped,0.99,526,0.0051106620519476564
shaped,0.99,527,0.005059555431429885
shaped,0.99,528,0.005008959877116581
shaped,0.99,529,0.004958870278358063
shaped,0.99,530,0.004909281575578461
shaped,0.99,531,0.004860188759806761
shaped,0.99,532,0.004811586872222051
shaped,0.99,533,0.00476347100348562
shaped,0.99,534,0.004715836293456732
shaped,0.99,535,0.004668677930524723
shaped,0.99,536,0.004621991151211091
shaped,0.99,537,0.0045757712397005434
shaped,0.99,538,0.004530013527315191
shaped,0.99,539,0.004484713392031381
shaped,0.99,540,0.004439866258110214
shaped,0.99,541,0.004395467595557534
shaped,0.99,542,0.004351512919583911
shaped,0.99,543,0.004307997790391482
shaped,0.99,544,0.004264917812491831
shaped,0.99,545,0.004222268634364923
shaped,0.99,546,0.004180045948004363
shaped,0.99,547,0.004138245488533698
shaped,0.99,548,0.004096863033652198
shaped,0.99,549,0.004055894403336424
shaped,0.99,550,0.004015335459286007
shaped,0.99,551,0.003975182104682062
shaped,0.99,552,0.003935430283632968
shaped,0.99,553,0.0038960759808048806
shaped,0.99,554,0.0038571152209954107
shaped,0.99,555,0.003818544068792562
shaped,0.99,556,0.0037803586281057733
shaped,0.99,557,0.0037425550418248577
shaped,0.99,558,0.003705129491393677
shaped,0.99,559,0.003668078196497504
shaped,0.99,560,0.003631397414494586
shaped,0.99,561,0.0035950834403735143
shaped,0.99,562,0.0035591326059574158
shaped,0.99,563,0.0035235412798897414
shaped,0.99,564,0.0034883058671084655
shaped,0.99,565,0.00345342280843397
shaped,0.99,566,0.0034188885803558833
shaped,0.99,567,0.0033846996945499086
shaped,0.99,568,0.0033508526975793984
shaped,0.99,569,0.003317344170639558
shaped,0.99,570,0.0032841707289321675
shaped,0.99,571,0.0032513290216371615
shaped,0.99,572,0.0032188157314294585
shaped,0.99,573,0.0031866275741094796
shaped,0.99,574,0.0031547612983757745
shaped,0.99,575,0.003123213685384485
shaped,0.99,576,0.0030919815485361823
shaped,0.99,577,0.0030610617330353307
shaped,0.99,578,0.0030304511157197567
shaped,0.99,579,0.0030001466045632696
shaped,0.99,580,0.0029701451385051314
shaped,0.99,581,0.0029404436871232065
shaped,0.99,582,0.002911039250250269
shaped,0.99,583,0.0028819288577608404
shaped,0.99,584,0.0028531095691590735
shaped,0.99,585,0.002824578473479278
shaped,0.99,586,0.0027963326887316953
shaped,0.99,587,0.002768369361859868
shaped,0.99,588,0.002740685668243259
shaped,0.99,589,0.002713278811569353
shaped,0.99,590,0.0026861460234499646
shaped,0.99,591,0.0026592845631938644
shaped,0.99,592,0.0026326917175651943
shaped,0.99,593,0.0026063648003713524
shaped,0.99,594,0.0025803011524061503
shaped,0.99,595,0.0025544981408813783
shaped,0.99,596,0.0025289531594552273
shaped,0.99,597,0.0025036636278770175
shaped,0.99,598,0.0024786269915750836
shaped,0.99,599,0.0024538407216851965
shaped,0.99,600,0.0024293023144537074
shaped,0.99,601,0.0024050092913228127
shaped,0.99,602,0.002380959198404753
shaped,0.99,603,0.0023571496064107578
shaped,0.99,604,0.0023335781103526188
shaped,0.99,605,0.002310242329244261
shaped,0.99,606,0.0022871399059454234
shaped,0.99,607,0.002264268506920075
shaped,0.99,608,0.002241625821852722
shaped,0.99,609,0.0022192095636341946
shaped,0.99,610,0.0021970174679637466
shaped,0.99,611,0.0021750472932922094
shaped,0.99,612,0.0021532968203672453
shaped,0.99,613,0.002131763852162294
shaped,0.99,614,0.0021104462136349866
shaped,0.99,615,0.0020893417514997736
shaped,0.99,616,0.002068448333986339
shaped,0.99,617,0.0020477638506406493
shaped,0.99,618,0.0020272862121402113
shaped,0.99,619,0.0020070133499956455
shaped,0.99,620,0.0019869432165080525
shaped,0.99,621,0.0019670737843426878
shaped,0.99,622,0.0019474030465005399
shaped,0.99,623,0.0019279290160341134
shaped,0.99,624,0.0019086497258911095
shaped,0.99,625,0.001889563228615998
shaped,0.99,626,0.0018706675963358066
shaped,0.99,627,0.0018519609203622167
shaped,0.99,628,0.001833441311163142
shaped,0.99,629,0.0018151068980358787
shaped,0.99,630,0.0017969558290786836
shaped,0.99,631,0.0017789862707786597
shaped,0.99,632,0.0017611964080828102
shaped,0.99,633,0.0017435844439859238
shaped,0.99,634,0.0017261485995589965
shaped,0.99,635,0.0017088871135655381
shaped,0.99,636,0.0016917982424189404
shaped,0.99,637,0.0016748802599977353
shaped,0.99,638,0.0016581314573897998
shaped,0.99,639,0.0016415501428355128
shaped,0.99,640,0.001625134641386694
shaped,0.99,641,0.0016088832949918697
shaped,0.99,642,0.0015927944620415246
shaped,0.99,643,0.0015768665174107355
shaped,0.99,644,0.0015610978522317964
shaped,0.99,645,0.0015454868737236893
shaped,0.99,646,0.0015300320049789207
shaped,0.99,647,0.0015147316849066783
shaped,0.99,648,0.0014995843681049337
shaped,0.99,649,0.0014845885244056944
shaped,0.99,650,0.0014697426391450108
shaped,0.99,651,0.0014550452127650715
shaped,0.99,652,0.0014404947606294627
shaped,0.99,653,0.001426089813023168
shaped,0.99,654,0.0014118289149109842
shaped,0.99,655,0.0013977106257385685
shaped,0.99,656,0.0013837335195034939
shaped,0.99,657,0.00136989618428629
shaped,0.99,658,0.0013561972224493957
shaped,0.99,659,0.0013426352502392547
shaped,0.99,660,0.0013292088977294725
shaped,0.99,661,0.0013159168087639728
shaped,0.99,662,0.0013027576406727803
shaped,0.99,663,0.001289730064272021
shaped,0.99,664,0.0012768327636081267
shaped,0.99,665,0.0012640644359862563
shaped,0.99,666,0.001251423791615025
shaped,0.99,667,0.0012389095536917694
shaped,0.99,668,0.0012265204581609623
shaped,0.99,669,0.001214255253586316
shaped,0.99,670,0.0012021127010370947
shaped,0.99,671,0.0011900915740312712
shaped,0.99,672,0.0011781906583081536
shaped,0.99,673,0.0011664087517431199
shaped,0.99,674,0.0011547446641912984
shaped,0.99,675,0.0011431972175586225
shaped,0.99,676,0.0011317652453897153
shaped,0.99,677,0.0011204475929247337
shaped,0.99,678,0.001109243116985681
shaped,0.99,679,0.0010981506858200873
shaped,0.99,680,0.0010871691789589022
shaped,0.99,681,0.0010762974871880715
shaped,0.99,682,0.0010655345123211646
shaped,0.99,683,0.0010548791671709523
shaped,0.99,684,0.0010443303755067745
shaped,0.99,685,0.0010338870717561122
shaped,0.99,686,0.0010235482010330088
shaped,0.99,687,0.001013312719024384
shaped,0.99,688,0.0010031795918337139
shaped,0.99,689,0.0009931477959099766
shaped,0.99,690,0.0009832163179481768
shaped,0.99,691,0.0009733841547898692
shaped,0.99,692,0.0009636503132384178
shaped,0.99,693,0.0009540138101016282
shaped,0.99,694,0.0009444736720070068
shaped,0.99,695,0.0009350289352880736
shaped,0.99,696,0.000925678645927519
shaped,0.99,697,0.0009164218594719387
shaped,0.99,698,0.0009072576408613031
shaped,0.99,699,0.0008981850644715905
shaped,0.99,700,0.0008892032138163586
shaped,0.99,701,0.0008803111816746423
shaped,0.99,702,0.0008715080698635802
shaped,0.99,703,0.000862792989195782
shaped,0.99,704,0.0008541650592803762
shaped,0.99,705,0.0008456234087077519
shaped,0.99,706,0.0008371671746090215
shaped,0.99,707,0.0008287955028549732
shaped,0.99,708,0.0008205075478144863
shaped,0.99,709,0.0008123024723545313
shaped,0.99,710,0.000804179447627007
shaped,0.99,711,0.0007961376531397946
shaped,0.99,712,0.0007881762766146494
shaped,0.99,713,0.0007802945138593032
shaped,0.99,714,0.0007724915686821987
shaped,0.99,715,0.0007647666529919661
shaped,0.99,716,0.0007571189864989947
shaped,0.99,717,0.0007495477966301678
shaped,0.99,718,0.0007420523186425498
shaped,0.99,719,0.0007346317954670667
shaped,0.99,720,0.0007272854775237647
shaped,0.99,721,0.0007200126227360215
shaped,0.99,722,0.0007128124965021243
shaped,0.99,723,0.0007056843715673722
shaped,0.99,724,0.000698627527839335
shaped,0.99,725,0.0006916412525441729
shaped,0.99,726,0.000684724840027684
shaped,0.99,727,0.0006778775916274071
shaped,0.99,728,0.0006710988157010433
shaped,0.99,729,0.0006643878275554016
shaped,0.99,730,0.0006577439492758685
shaped,0.99,731,0.0006511665097974628
shaped,0.99,732,0.0006446548446916722
shaped,0.99,733,0.0006382082962517188
shaped,0.99,734,0.000631826213293607
shaped,0.99,735,0.0006255079511419126
shaped,0.99,736,0.0006192528716439938
shaped,0.99,737,0.0006130603429141956
shaped,0.99,738,0.0006069297394759587
shaped,0.99,739,0.0006008604420912889
shaped,0.99,740,0.0005948518376897027
shaped,0.99,741,0.0005889033192971738
shaped,0.99,742,0.0005830142860929755
shaped,0.99,743,0.0005771841432391511
shaped,0.99,744,0.0005714123018236705
shaped,0.99,745,0.0005656981787893756
shaped,0.99,746,0.0005600411970050345
shaped,0.99,747,0.0005544407850379685
shaped,0.99,748,0.0005488963771824729
shaped,0.99,749,0.0005434074134029743
shaped,0.99,750,0.0005379733392913977
shaped,0.99,751,0.0005325936058824254
shaped,0.99,752,0.0005272676698240275
shaped,0.99,753,0.0005219949931358769
shaped,0.99,754,0.0005167750432093499
shaped,0.99,755,0.0005116072927648929
shaped,0.99,756,0.0005064912198378124
shaped,0.99,757,0.0005014263076503767
shaped,0.99,758,0.0004964120445691833
shaped,0.99,759,0.0004914479241193703
shaped,0.99,760,0.0004865334448709291
shaped,0.99,761,0.00048166811045291524
shaped,0.99,762,0.00047685142932607505
shaped,0.99,763,0.00047208291503864075
shaped,0.99,764,0.00046736208588527006
shaped,0.99,765,0.00046268846500652216
shaped,0.99,766,0.000458061580360436
shaped,0.99,767,0.00045348096458042164
shaped,0.99,768,0.00044894615491841705
shaped,0.99,769,0.00044445669338699645
shaped,0.99,770,0.0004400121264467316
shaped,0.99,771,0.00043561200517672205
shaped,0.99,772,0.0004312558851040649
shaped,0.99,773,0.00042694332627490894
shaped,0.99,774,0.0004226738930128704
shaped,0.99,775,0.00041844715410377376
shaped,0.99,776,0.00041426268251143483
shaped,0.99,777,0.00041012005571872123
shaped,0.99,778,0.0004060188551591182
shaped,0.99,779,0.0004019586666146324
shaped,0.99,780,0.0003979390799315752
shaped,0.99,781,0.00039395968913424895
shaped,0.99,782,0.00039002009225441725
shaped,0.99,783,0.0003861198913170938
shaped,0.99,784,0.00038225869242580757
shaped,0.99,785,0.0003784361055068075
shaped,0.99,786,0.00037465174443696014
shaped,0.99,787,0.00037090522700111705
shaped,0.99,788,0.00036719617470737376
shaped,0.99,789,0.00036352421298602167
shaped,0.99,790,0.0003598889708484876
shaped,0.99,791,0.00035629008112891825
shaped,0.99,792,0.0003527271803278609
shaped,0.99,793,0.0003491999085269981
shaped,0.99,794,0.0003457079094459914
shaped,0.99,795,0.0003422508303287941
shaped,0.99,796,0.0003388283220573385
shaped,0.99,797,0.0003354400388388967
shaped,0.99,798,0.0003320856384192439
shaped,0.99,799,0.00032876478204002524
shaped,0.99,800,0.00032547713422559355
shaped,0.99,801,0.00032222236288248496
shaped,0.99,802,0.00031900013924257564
shaped,0.99,803,0.00031581013786308176
shaped,0.99,804,0.0003126520364702401
shaped,0.99,805,0.00030952551610141654
shaped,0.99,806,0.0003064302609487868
shaped,0.99,807,0.00030336595831670365
shaped,0.99,808,0.0003003322987495949
shaped,0.99,809,0.0002973289757761677
shaped,0.99,810,0.00029435568600888473
shaped,0.99,811,0.00029141212915817505
shaped,0.99,812,0.0002884980078619037
shaped,0.99,813,0.00028561302779905873
shaped,0.99,814,0.0002827568975050099
shaped,0.99,815,0.000279929328542039
shaped,0.99,816,0.00027713003527196634
shaped,0.99,817,0.0002743587348845722
shaped,0.99,818,0.00027161514755391636
shaped,0.99,819,0.0002688989960688559
shaped,0.99,820,0.0002662100061172623
shaped,0.99,821,0.00026354790605864764
shaped,0.99,822,0.000260912426995219
shaped,0.99,823,0.00025830330272924584
shaped,0.99,824,0.0002557202696920058
shaped,0.99,825,0.0002531630669864171
shaped,0.99,826,0.00025063143633019536
shaped,0.99,827,0.0002481251219705882
shaped,0.99,828,0.00024564387074121896
shaped,0.99,829,0.0002431874320194538
shaped,0.99,830,0.00024075555771219115
shaped,0.99,831,0.00023834800214217466
shaped,0.99,832,0.00023596452211904761
shaped,0.99,833,0.00023360487688250942
shaped,0.99,834,0.0002312688281165265
shaped,0.99,835,0.00022895613983564544
shaped,0.99,836,0.00022666657845604732
shaped,0.99,837,0.00022439991265343906
shaped,0.99,838,0.00022215591351937292
shaped,0.99,839,0.00021993435439071618
shaped,0.99,840,0.00021773501086386204
shaped,0.99,841,0.00021555766073788618
shaped,0.99,842,0.00021340208414244444
shaped,0.99,843,0.00021126806331039916
shaped,0.99,844,0.00020915538269150602
shaped,0.99,845,0.0002070638288387272
shaped,0.99,846,0.00020499319055033993
shaped,0.99,847,0.0002029432586425628
shaped,0.99,848,0.0002009138260632426
shaped,0.99,849,0.0001989046878065892
shaped,0.99,850,0.0001969156409131756
shaped,0.99,851,0.00019494648451257035
shaped,0.99,852,0.00019299701965280747
shaped,0.99,853,0.00019106704948512743
shaped,0.99,854,0.00018915637897976012
shaped,0.99,855,0.00018726481518172022
shaped,0.99,856,0.00018539216701185524
shaped,0.99,857,0.00018353824536632146
shaped,0.99,858,0.00018170286291763205
shaped,0.99,859,0.00017988583428518723
shaped,0.99,860,0.0001780869759215875
shaped,0.99,861,0.00017630610616947706
shaped,0.99,862,0.00017454304510522434
shaped,0.99,863,0.0001727976146526089
shaped,0.99,864,0.00017106963851176715
shaped,0.99,865,0.00016935894213077063
shaped,0.99,866,0.00016766535269141514
shaped,0.99,867,0.00016598869918027503
shaped,0.99,868,0.00016432881220396212
shaped,0.99,869,0.0001626855240601799
shaped,0.99,870,0.00016105866883719955
shaped,0.99,871,0.0001594480821296429
shaped,0.99,872,0.00015785360132269943
shaped,0.99,873,0.0001562750652936984
shaped,0.99,874,0.00015471231463948243
shaped,0.99,875,0.00015316519152008823
shaped,0.99,876,0.00015163353960190307
shaped,0.99,877,0.00015011720421398422
shaped,0.99,878,0.000148616032149107
shaped,0.99,879,0.0001471298718485059
shaped,0.99,880,0.00014565857310344654
shaped,0.99,881,0.0001442019873678646
shaped,0.99,882,0.00014275996751678122
shaped,0.99,883,0.00014133236783209213
shaped,0.99,884,0.00013991904415888712
shaped,0.99,885,0.00013851985369228714
shaped,0.99,886,0.00013713465516218548
shaped,0.99,887,0.0001357633086200849
shaped,0.99,888,0.00013440567552436278
shaped,0.99,889,0.00013306161878290368
shaped,0.99,890,0.0001317310026109908
shaped,0.99,891,0.00013041369254551682
shaped,0.99,892,0.0001291095556439359
shaped,0.99,893,0.00012781846010057052
shaped,0.99,894,0.00012654027548819613
shaped,0.99,895,0.00012527487272961935
shaped,0.99,896,0.00012402212401241286
shaped,0.99,897,0.00012278190276049372
shaped,0.99,898,0.00012155408371938847
shaped,0.99,899,0.00012033854288517887
shaped,0.99,900,0.00011913515746186931
shaped,0.99,901,0.00011794380587559772
shaped,0.99,902,0.00011676436783147892
shaped,0.99,903,0.00011559672415728528
shaped,0.99,904,0.00011444075691713351
shaped,0.99,905,0.00011329634934043042
shaped,0.99,906,0.00011216338586450547
shaped,0.99,907,0.00011104175200671307
shaped,0.99,908,0.00010993133446390857
shaped,0.99,909,0.00010883202112665913
shaped,0.99,910,0.00010774370090871344
shaped,0.99,911,0.00010666626391753198
shaped,0.99,912,0.00010559960128375678
shaped,0.99,913,0.0001045436052606874
shaped,0.99,914,0.00010349816919585919
shaped,0.99,915,0.00010246318750262162
shaped,0.99,916,0.00010143855563171655
shaped,0.99,917,0.00010042417009969995
shaped,0.99,918,9.941992837525504e-05
shaped,0.99,919,9.842572909235514e-05
shaped,0.99,920,9.744147182288998e-05
shaped,0.99,921,9.646705709087655e-05
shaped,0.99,922,9.550238651456766e-05
shaped,0.99,923,9.454736266434338e-05
shaped,0.99,924,9.360188902007849e-05
shaped,0.99,925,9.266587012746186e-05
shaped,0.99,926,9.173921142746622e-05
shaped,0.99,927,9.082181931319155e-05
shaped,0.99,928,8.991360112986513e-05
shaped,0.99,929,8.901446511799804e-05
shaped,0.99,930,8.812432045601781e-05
shaped,0.99,931,8.724307727447922e-05
shaped,0.99,932,8.637064649974491e-05
shaped,0.99,933,8.550694001030479e-05
shaped,0.99,934,8.465187062256518e-05
shaped,0.99,935,8.380535190610772e-05
shaped,0.99,936,8.296729841106298e-05
shaped,0.99,937,8.213762542652603e-05
shaped,0.99,938,8.13162491510866e-05
shaped,0.99,939,8.050308666440742e-05
shaped,0.99,940,7.969805579932654e-05
shaped,0.99,941,7.890107524133327e-05
shaped,0.99,942,7.811206450014652e-05
shaped,0.99,943,7.733094383866046e-05
shaped,0.99,944,7.655763440084229e-05
shaped,0.99,945,7.579205808383449e-05
shaped,0.99,946,7.503413748111143e-05
shaped,0.99,947,7.428379608143132e-05
shaped,0.99,948,7.354095816936024e-05
shaped,0.99,949,7.280554856947674e-05
shaped,0.99,950,7.207749308690836e-05
shaped,0.99,951,7.13567181662711e-05
shaped,0.99,952,7.064315099114538e-05
shaped,0.99,953,6.993671946986524e-05
shaped,0.99,954,6.92373522355183e-05
shaped,0.99,955,6.854497874542176e-05
shaped,0.99,956,6.785952894006186e-05
shaped,0.99,957,6.718093365520872e-05
shaped,0.99,958,6.650912433769918e-05
shaped,0.99,959,6.584403308806941e-05
shaped,0.99,960,6.518559274582003e-05
shaped,0.99,961,6.453373683257269e-05
shaped,0.99,962,6.388839946680491e-05
shaped,0.99,963,6.324951546332613e-05
shaped,0.99,964,6.261702030485594e-05
shaped,0.99,965,6.199085009939154e-05
shaped,0.99,966,6.137094159441858e-05
shaped,0.99,967,6.07572321769112e-05
shaped,0.99,968,6.0149659873331984e-05
shaped,0.99,969,5.9548163278577704e-05
shaped,0.99,970,5.895268164124445e-05
shaped,0.99,971,5.836315480678422e-05
shaped,0.99,972,5.7779523260137466e-05
shaped,0.99,973,5.720172804046797e-05
shaped,0.99,974,5.662971076958456e-05
shaped,0.99,975,5.6063413637730264e-05
shaped,0.99,976,5.5502779503058264e-05
shaped,0.99,977,5.494775172110167e-05
shaped,0.99,978,5.4398274201616914e-05
shaped,0.99,979,5.3854291465427195e-05
shaped,0.99,980,5.3315748516524764e-05
shaped,0.99,981,5.278259105523375e-05
shaped,0.99,982,5.225476513714966e-05
shaped,0.99,983,5.173221749998902e-05
shaped,0.99,984,5.121489532200485e-05
shaped,0.99,985,5.0702746349884364e-05
shaped,0.99,986,5.019571891295982e-05
shaped,0.99,987,4.969376171004569e-05
shaped,0.99,988,4.919682409365578e-05
shaped,0.99,989,4.870485585684037e-05
shaped,0.99,990,4.821780730424052e-05
shaped,0.99,991,4.7735629223666365e-05
shaped,0.99,992,4.7258272942940494e-05
shaped,0.99,993,4.678569021621115e-05
shaped,0.99,994,4.631783330921735e-05
shaped,0.99,995,4.5854654956656304e-05
shaped,0.99,996,4.539610841902686e-05
shaped,0.99,997,4.494214732631008e-05
shaped,0.99,998,4.449272587692121e-05
shaped,0.99,999,4.404779861033603e-05
shaped,0.99,1000,4.360732062025363e-05
shaped,0.99,1001,4.3171247398277046e-05
shaped,0.99,1002,4.273953493338922e-05
shaped,0.99,1003,4.2312139598266185e-05
shaped,0.99,1004,4.1889018177698745e-05
shaped,0.99,1005,4.147012799649019e-05
shaped,0.99,1006,4.105542672050433e-05
shaped,0.99,1007,4.0644872456141456e-05
shaped,0.99,1008,4.023842375033837e-05
shaped,0.99,1009,3.983603949109238e-05
shaped,0.99,1010,3.9437679092202416e-05
shaped,0.99,1011,3.904330233694964e-05
shaped,0.99,1012,3.865286929283229e-05
shaped,0.99,1013,3.8266340609993676e-05
shaped,0.99,1014,3.788367719437247e-05
shaped,0.99,1015,3.750484042086555e-05
shaped,0.99,1016,3.712979199121946e-05
shaped,0.99,1017,3.6758494090349814e-05
shaped,0.99,1018,3.639090915896759e-05
shaped,0.99,1019,3.6027000064109416e-05
shaped,0.99,1020,3.5666730056505e-05
shaped,0.99,1021,3.531006277057713e-05
shaped,0.99,1022,3.4956962124965685e-05
shaped,0.99,1023,3.460739250726874e-05
shaped,0.99,1024,3.426131857509063e-05
shaped,0.99,1025,3.3918705412361305e-05
shaped,0.99,1026,3.357951834459527e-05
shaped,0.99,1027,3.324372315205437e-05
shaped,0.99,1028,3.2911285927639256e-05
shaped,0.99,1029,3.258217306267852e-05
shaped,0.99,1030,3.22563513464047e-05
shaped,0.99,1031,3.193378783805656e-05
shaped,0.99,1032,3.161444995214424e-05
shaped,0.99,1033,3.129830545844925e-05
shaped,0.99,1034,3.098532239675933e-05
shaped,0.99,1035,3.067546914792274e-05
shaped,0.99,1036,3.0368714476480818e-05
shaped,0.99,1037,3.006502733171601e-05
shaped,0.99,1038,2.976437707502555e-05
shaped,0.99,1039,2.9466733280969493e-05
shaped,0.99,1040,2.917206596464439e-05
shaped,0.99,1041,2.8880345297466192e-05
shaped,0.99,1042,2.8591541834543932e-05
shaped,0.99,1043,2.8305626443625442e-05
shaped,0.99,1044,2.8022570162988814e-05
shaped,0.99,1045,2.7742344457237778e-05
shaped,0.99,1046,2.746492101834974e-05
shaped,0.99,1047,2.7190271808308353e-05
shaped,0.99,1048,2.6918369087525207e-05
shaped,0.99,1049,2.6649185400628994e-05
shaped,0.99,1050,2.6382693533832935e-05
shaped,0.99,1051,2.6118866628621618e-05
shaped,0.99,1052,2.5857677940166468e-05
shaped,0.99,1053,2.559910116417541e-05
shaped,0.99,1054,2.5343110166886618e-05
shaped,0.99,1055,2.508967904191195e-05
shaped,0.99,1056,2.4838782266556336e-05
shaped,0.99,1057,2.4590394431811546e-05
shaped,0.99,1058,2.4344490498151572e-05
shaped,0.99,1059,2.410104559658066e-05
shaped,0.99,1060,2.3860035142320157e-05
shaped,0.99,1061,2.3621434792175933e-05
shaped,0.99,1062,2.3385220458749245e-05
shaped,0.99,1063,2.315136822517161e-05
shaped,0.99,1064,2.2919854529845907e-05
shaped,0.99,1065,2.269065599591613e-05
shaped,0.99,1066,2.2463749445478243e-05
shaped,0.99,1067,2.2239111956423585e-05
shaped,0.99,1068,2.2016720819806324e-05
shaped,0.99,1069,2.1796553625108572e-05
shaped,0.99,1070,2.1578588103920993e-05
shaped,0.99,1071,2.136280221520792e-05
shaped,0.99,1072,2.1149174187939934e-05
shaped,0.99,1073,2.0937682450039574e-05
shaped,0.99,1074,2.072830559995964e-05
shaped,0.99,1075,2.052102256300259e-05
shaped,0.99,1076,2.0315812335525152e-05
shaped,0.99,1077,2.011265421231201e-05
shaped,0.99,1078,1.9911527644467242e-05
shaped,0.99,1079,1.9712412395733736e-05
shaped,0.99,1080,1.951528827248694e-05
shaped,0.99,1081,1.9320135379530257e-05
shaped,0.99,1082,1.91269340348299e-05
shaped,0.99,1083,1.8935664684249787e-05
shaped,0.99,1084,1.8746308043660065e-05
shaped,0.99,1085,1.855884495682858e-05
shaped,0.99,1086,1.837325652331856e-05
shaped,0.99,1087,1.818952395638007e-05
shaped,0.99,1088,1.8007628696636857e-05
shaped,0.99,1089,1.782755242629719e-05
shaped,0.99,1090,1.7649276884412757e-05
shaped,0.99,1091,1.747278413688491e-05
shaped,0.99,1092,1.729805627803671e-05
shaped,0.99,1093,1.7125075729040873e-05
shaped,0.99,1094,1.6953824967913533e-05
shaped,0.99,1095,1.6784286728466213e-05
shaped,0.99,1096,1.6616443872408126e-05
shaped,0.99,1097,1.6450279417767888e-05
shaped,0.99,1098,1.6285776624158643e-05
shaped,0.99,1099,1.6122918836458666e-05
shaped,0.99,1100,1.596168966955247e-05
shaped,0.99,1101,1.5802072752535423e-05
shaped,0.99,1102,1.5644052041352552e-05
shaped,0.99,1103,1.5487611506159737e-05
shaped,0.99,1104,1.533273541554081e-05
shaped,0.99,1105,1.5179408052290455e-05
shaped,0.99,1106,1.5027613954998742e-05
shaped,0.99,1107,1.4877337832785997e-05
shaped,0.99,1108,1.4728564437405112e-05
shaped,0.99,1109,1.458127880482607e-05
shaped,0.99,1110,1.4435466027862276e-05
shaped,0.99,1111,1.429111136985739e-05
shaped,0.99,1112,1.414820023626362e-05
shaped,0.99,1113,1.4006718231485138e-05
shaped,0.99,1114,1.3866651045191247e-05
shaped,0.99,1115,1.3727984537581506e-05
shaped,0.99,1116,1.3590704710964019e-05
shaped,0.99,1117,1.345479765291202e-05
shaped,0.99,1118,1.332024967837242e-05
shaped,0.99,1119,1.31870471733464e-05
shaped,0.99,1120,1.3055176708576255e-05
shaped,0.99,1121,1.2924624954280262e-05
shaped,0.99,1122,1.2795378694363535e-05
shaped,0.99,1123,1.2667424897472301e-05
shaped,0.99,1124,1.254075066015048e-05
shaped,0.99,1125,1.241534314999626e-05
shaped,0.99,1126,1.2291189733559804e-05
shaped,0.99,1127,1.2168277834234686e-05
shaped,0.99,1128,1.2046595031733887e-05
shaped,0.99,1129,1.192612910472235e-05
shaped,0.99,1130,1.180686780344331e-05
shaped,0.99,1131,1.168879910551368e-05
shaped,0.99,1132,1.1571911144869773e-05
shaped,0.99,1133,1.1456192012815336e-05
shaped,0.99,1134,1.1341630099082067e-05
shaped,0.99,1135,1.122821380761252e-05
shaped,0.99,1136,1.1115931670246937e-05
shaped,0.99,1137,1.1004772346723257e-05
shaped,0.99,1138,1.089472462467711e-05
shaped,0.99,1139,1.0785777377009254e-05
shaped,0.99,1140,1.0677919604518138e-05
shaped,0.99,1141,1.0571140393267342e-05
shaped,0.99,1142,1.0465428999850701e-05
shaped,0.99,1143,1.0360774695072905e-05
shaped,0.99,1144,1.0257166962901465e-05
shaped,0.99,1145,1.0154595287303891e-05
shaped,0.99,1146,1.0053049351199661e-05
shaped,0.99,1147,9.95251883750825e-06
shaped,0.99,1148,9.852993656522813e-06
shaped,0.99,1149,9.754463718536499e-06
shaped,0.99,1150,9.65691907595101e-06
shaped,0.99,1151,9.560349909065735e-06
shaped,0.99,1152,9.464746383969214e-06
shaped,0.99,1153,9.370098936756222e-06
shaped,0.99,1154,9.276397932467262e-06
shaped,0.99,1155,9.183633963516513e-06
shaped,0.99,1156,9.091797622318154e-06
shaped,0.99,1157,9.000879657605765e-06
shaped,0.99,1158,8.910870846534635e-06
shaped,0.99,1159,8.821762165212022e-06
shaped,0.99,1160,8.73354453290176e-06
shaped,0.99,1161,8.646209067819655e-06
shaped,0.99,1162,8.55974698765749e-06
shaped,0.99,1163,8.474149524317909e-06
shaped,0.99,1164,8.389408009179533e-06
shaped,0.99,1165,8.305513944151244e-06
shaped,0.99,1166,8.222458802720212e-06
shaped,0.99,1167,8.14023421469301e-06
shaped,0.99,1168,8.058831880930484e-06
shaped,0.99,1169,7.9782435591369e-06
shaped,0.99,1170,7.89846112070336e-06
shaped,0.99,1171,7.81947650807524e-06
shaped,0.99,1172,7.741281734752192e-06
shaped,0.99,1173,7.663868913709848e-06
shaped,0.99,1174,7.587230243188969e-06
shaped,0.99,1175,7.511357921430317e-06
shaped,0.99,1176,7.436244359837474e-06
shaped,0.99,1177,7.361881898759748e-06
shaped,0.99,1178,7.288263077498414e-06
shaped,0.99,1179,7.21538047798731e-06
shaped,0.99,1180,7.143226639527711e-06
shaped,0.99,1181,7.0717944140596956e-06
shaped,0.99,1182,7.001076440360521e-06
shaped,0.99,1183,6.931065669846248e-06
shaped,0.99,1184,6.8617550113003745e-06
shaped,0.99,1185,6.793137487193235e-06
shaped,0.99,1186,6.725206091573455e-06
shaped,0.99,1187,6.657954045863335e-06
shaped,0.99,1188,6.591374514641757e-06
shaped,0.99,1189,6.525460776174441e-06
shaped,0.99,1190,6.460206151359671e-06
shaped,0.99,1191,6.395604088993423e-06
shaped,0.99,1192,6.331648052082528e-06
shaped,0.99,1193,6.268331560477236e-06
shaped,0.99,1194,6.20564823350378e-06
shaped,0.99,1195,6.143591761542666e-06
shaped,0.99,1196,6.082155849185256e-06
shaped,0.99,1197,6.021334286288038e-06
shaped,0.99,1198,5.961120919550922e-06
shaped,0.99,1199,5.9015097235715075e-06
shaped,0.99,1200,5.842494630314832e-06
shaped,0.99,1201,5.784069685432769e-06
shaped,0.99,1202,5.7262289772097574e-06
shaped,0.99,1203,5.668966693406219e-06
shaped,0.99,1204,5.612277050204284e-06
shaped,0.99,1205,5.556154277996939e-06
shaped,0.99,1206,5.500592720864006e-06
shaped,0.99,1207,5.445586793939583e-06
shaped,0.99,1208,5.391130940779476e-06
shaped,0.99,1209,5.337219619150346e-06
shaped,0.99,1210,5.283847428927402e-06
shaped,0.99,1211,5.231008955774996e-06
shaped,0.99,1212,5.178698884833466e-06
shaped,0.99,1213,5.126911844399729e-06
shaped,0.99,1214,5.075642746987796e-06
shaped,0.99,1215,5.02488632037057e-06
shaped,0.99,1216,4.974637448640351e-06
shaped,0.99,1217,4.924891086943717e-06
shaped,0.99,1218,4.875642190427243e-06
shaped,0.99,1219,4.82688575687007e-06
shaped,0.99,1220,4.778616897738175e-06
shaped,0.99,1221,4.7308307387083914e-06
shaped,0.99,1222,4.683522433879261e-06
shaped,0.99,1223,4.636687194192746e-06
shaped,0.99,1224,4.590320330066788e-06
shaped,0.99,1225,4.544417095075914e-06
shaped,0.99,1226,4.498972941746615e-06
shaped,0.99,1227,4.453983194707689e-06
shaped,0.99,1228,4.409443391750756e-06
shaped,0.99,1229,4.365348942769742e-06
shaped,0.99,1230,4.3216954566105414e-06
shaped,0.99,1231,4.278478499486482e-06
shaped,0.99,1232,4.235693722876022e-06
shaped,0.99,1233,4.193336778257617e-06
shaped,0.99,1234,4.151403430796563e-06
shaped,0.99,1235,4.109889374603881e-06
shaped,0.99,1236,4.068790488531704e-06
shaped,0.99,1237,4.02810258037789e-06
shaped,0.99,1238,3.987821543205428e-06
shaped,0.99,1239,3.9479433553424315e-06
shaped,0.99,1240,3.908463924062744e-06
shaped,0.99,1241,3.869379284537899e-06
shaped,0.99,1242,3.830685457728578e-06
shaped,0.99,1243,3.7923786067040055e-06
shaped,0.99,1244,3.754454851900846e-06
shaped,0.99,1245,3.7169102995449066e-06
shaped,0.99,1246,3.6797411837596883e-06
shaped,0.99,1247,3.642943767090401e-06
shaped,0.99,1248,3.6065143405039635e-06
shaped,0.99,1249,3.5704491949672956e-06
shaped,0.99,1250,3.534744706712445e-06
shaped,0.99,1251,3.4993972661823136e-06
shaped,0.99,1252,3.4644032922415136e-06
shaped,0.99,1253,3.4297592605980753e-06
shaped,0.99,1254,3.3954616469600296e-06
shaped,0.99,1255,3.3615070407222447e-06
shaped,0.99,1256,3.32789197443617e-06
shaped,0.99,1257,3.294613051707529e-06
shaped,0.99,1258,3.261666932985463e-06
shaped,0.99,1259,3.229050250297405e-06
shaped,0.99,1260,3.1967597635684797e-06
shaped,0.99,1261,3.1647921616695385e-06
shaped,0.99,1262,3.133144218736561e-06
shaped,0.99,1263,3.10181280838151e-06
shaped,0.99,1264,3.070794662107801e-06
shaped,0.99,1265,3.040086710370815e-06
shaped,0.99,1266,3.009685855204225e-06
shaped,0.99,1267,2.9795889844308476e-06
shaped,0.99,1268,2.9497930995603383e-06
shaped,0.99,1269,2.920295159469788e-06
shaped,0.99,1270,2.8910922083014157e-06
shaped,0.99,1271,2.862181290197441e-06
shaped,0.99,1272,2.8335594635109373e-06
shaped,0.99,1273,2.8052238576492527e-06
shaped,0.99,1274,2.777171630441444e-06
shaped,0.99,1275,2.7493999255057133e-06
shaped,0.99,1276,2.721905943303682e-06
shaped,0.99,1277,2.6946868842969707e-06
shaped,0.99,1278,2.667739991579765e-06
shaped,0.99,1279,2.6410625935113785e-06
shaped,0.99,1280,2.614651990029415e-06
shaped,0.99,1281,2.588505438438915e-06
shaped,0.99,1282,2.562620394996884e-06
shaped,0.99,1283,2.5369942022734904e-06
shaped,0.99,1284,2.5116242454714666e-06
shaped,0.99,1285,2.4865080234803827e-06
shaped,0.99,1286,2.461642921502971e-06
shaped,0.99,1287,2.4370264810613662e-06
shaped,0.99,1288,2.4126562294668474e-06
shaped,0.99,1289,2.3885296798198397e-06
shaped,0.99,1290,2.364644373642477e-06
shaped,0.99,1291,2.340997951932877e-06
shaped,0.99,1292,2.317587956213174e-06
shaped,0.99,1293,2.294412084324904e-06
shaped,0.99,1294,2.271467963055329e-06
shaped,0.99,1295,2.2487532760351314e-06
shaped,0.99,1296,2.226265749527556e-06
shaped,0.99,1297,2.204003067163285e-06
shaped,0.99,1298,2.181963054681546e-06
shaped,0.99,1299,2.1601434241347306e-06
shaped,0.99,1300,2.138542001262067e-06
shaped,0.99,1301,2.1171565833810746e-06
shaped,0.99,1302,2.0959849962309818e-06
shaped,0.99,1303,2.075025165027e-06
shaped,0.99,1304,2.0542749012975037e-06
shaped,0.99,1305,2.0337321586794133e-06
shaped,0.99,1306,2.0133948197553764e-06
shaped,0.99,1307,1.993260895005733e-06
shaped,0.99,1308,1.9733282670131302e-06
shaped,0.99,1309,1.953595003101327e-06
shaped,0.99,1310,1.9340590569072447e-06
shaped,0.99,1311,1.914718467332932e-06
shaped,0.99,1312,1.8955712732804386e-06
shaped,0.99,1313,1.8766155562843778e-06
shaped,0.99,1314,1.8578494120902178e-06
shaped,0.99,1315,1.8392708938108626e-06
shaped,0.99,1316,1.8208781824569087e-06
shaped,0.99,1317,1.8026694164063883e-06
shaped,0.99,1318,1.7846427482481886e-06
shaped,0.99,1319,1.7667962879386323e-06
shaped,0.99,1320,1.7491283443860084e-06
shaped,0.99,1321,1.7316370417574944e-06
shaped,0.99,1322,1.714320703172234e-06
shaped,0.99,1323,1.6971774670082596e-06
shaped,0.99,1324,1.6802056990172787e-06
shaped,0.99,1325,1.6634036370533067e-06
shaped,0.99,1326,1.6467695900246326e-06
shaped,0.99,1327,1.6303019094721094e-06
shaped,0.99,1328,1.6139988758823165e-06
shaped,0.99,1329,1.5978589118503805e-06
shaped,0.99,1330,1.5818803120737357e-06
shaped,0.99,1331,1.5660614991475086e-06
shaped,0.99,1332,1.550400881455971e-06
shaped,0.99,1333,1.5348968958051046e-06
shaped,0.99,1334,1.5195479221574715e-06
shaped,0.99,1335,1.5043524257407626e-06
shaped,0.99,1336,1.4893089144152327e-06
shaped,0.99,1337,1.4744158249868633e-06
shaped,0.99,1338,1.4596716653159092e-06
shaped,0.99,1339,1.44507495747348e-06
shaped,0.99,1340,1.4306242093198307e-06
shaped,0.99,1341,1.4163179713477803e-06
shaped,0.99,1342,1.402154779839293e-06
shaped,0.99,1343,1.3881332279197522e-06
shaped,0.99,1344,1.374251908714541e-06
shaped,0.99,1345,1.3605093869273333e-06
shaped,0.99,1346,1.3469042841052214e-06
shaped,0.99,1347,1.333435236006153e-06
shaped,0.99,1348,1.3201008783880752e-06
shaped,0.99,1349,1.3068998896414996e-06
shaped,0.99,1350,1.293830877102664e-06
shaped,0.99,1351,1.2808925617946443e-06
shaped,0.99,1352,1.268083650529661e-06
shaped,0.99,1353,1.255402821698226e-06
shaped,0.99,1354,1.2428487679017053e-06
shaped,0.99,1355,1.2304203096391575e-06
shaped,0.99,1356,1.2181160968793847e-06
shaped,0.99,1357,1.2059349216997362e-06
shaped,0.99,1358,1.1938755903884157e-06
shaped,0.99,1359,1.181936823968499e-06
shaped,0.99,1360,1.1701174429390448e-06
shaped,0.99,1361,1.1584162677991117e-06
shaped,0.99,1362,1.1468321190477582e-06
shaped,0.99,1363,1.1353637887623336e-06
shaped,0.99,1364,1.1240101827070248e-06
shaped,0.99,1365,1.1127700645374716e-06
shaped,0.99,1366,1.1016423684395704e-06
shaped,0.99,1367,1.0906259433340892e-06
shaped,0.99,1368,1.0797196665635056e-06
shaped,0.99,1369,1.0689224581028611e-06
shaped,0.99,1370,1.0582332521380522e-06
shaped,0.99,1371,1.0476509260115563e-06
shaped,0.99,1372,1.0371744139092698e-06
shaped,0.99,1373,1.0268026642279438e-06
shaped,0.99,1374,1.016534639575184e-06
shaped,0.99,1375,1.0063692883477415e-06
shaped,0.99,1376,9.963056015749316e-07
