reward_mode,gamma,row,column,has_key,value,best_action,is_terminal
sparse,0.5,1,1,0,-0.2971000002705925,right,False
sparse,0.5,1,1,1,-0.2971011185523905,right,False
sparse,0.5,1,2,0,-0.20497208144066995,down,False
sparse,0.5,1,2,1,-0.20497415386330015,down,False
sparse,0.5,1,3,0,-0.2002480772178307,down,False
sparse,0.5,1,3,1,-0.2002528910442724,down,False
sparse,0.5,1,4,0,-0.1999965143922102,down,False
sparse,0.5,1,4,1,-0.2000072071353127,down,False
sparse,0.5,1,5,0,-0.1999613151916963,down,False
sparse,0.5,1,5,1,-0.19998645254836972,down,False
sparse,0.5,1,6,0,-0.19990816087687455,down,False
sparse,0.5,1,6,1,-0.19996581688374296,down,False
sparse,0.5,1,7,0,-0.19980339431035954,down,False
sparse,0.5,1,7,1,-0.19992650024539171,down,False
sparse,0.5,1,8,0,-0.1996352755137512,down,False
sparse,0.5,1,8,1,-0.19986282233858116,down,False
sparse,0.5,1,9,0,-0.19980343208622095,down,False
sparse,0.5,1,9,1,-0.19992384650354805,down,False
sparse,0.5,1,10,0,-0.19990796077107226,down,False
sparse,0.5,1,10,1,-0.19994437988391306,down,False
sparse,0.5,1,11,0,-0.1999576519096242,down,False
sparse,0.5,1,11,1,-0.1999066255393885,down,False
sparse,0.5,1,12,0,-0.19998125214620552,down,False
sparse,0.5,1,12,1,-0.19992542072774105,down,False
sparse,0.5,1,13,0,-0.20000474247631944,down,False
sparse,0.5,1,13,1,-0.1999104107903325,down,False
sparse,0.5,1,14,0,-0.20025080412009663,down,False
sparse,0.5,1,14,1,-0.20002111921173213,down,False
sparse,0.5,1,15,0,-0.2049675032658687,down,False
sparse,0.5,1,15,1,-0.2046207322085714,down,False
sparse,0.5,1,16,0,-0.2970898853885329,left,False
sparse,0.5,1,16,1,-0.29691168389625444,down,False
sparse,0.5,2,1,0,-0.2051228874184859,right,False
sparse,0.5,2,1,1,-0.20512494324988245,right,False
sparse,0.5,2,2,0,-0.2002616768363699,right,False
sparse,0.5,2,2,1,-0.20026604875602946,right,False
sparse,0.5,2,3,0,-0.1999990620552719,right,False
sparse,0.5,2,3,1,-0.20000873570829844,right,False
sparse,0.5,2,4,0,-0.1999650995996799,right,False
sparse,0.5,2,4,1,-0.19998790860942836,right,False
sparse,0.5,2,5,0,-0.19991516605753368,right,False
sparse,0.5,2,5,1,-0.19996845891595066,right,False
sparse,0.5,2,6,0,-0.19979980834305477,down,False
sparse,0.5,2,6,1,-0.19992517974948174,right,False
sparse,0.5,2,7,0,-0.19956553632694668,down,False
sparse,0.5,2,7,1,-0.19983681506310635,down,False
sparse,0.5,2,8,0,-0.19913733443252662,down,False
sparse,0.5,2,8,1,-0.19967554689766892,down,False
sparse,0.5,2,9,0,-0.19956565572094775,down,False
sparse,0.5,2,9,1,-0.19983286994874955,down,False
sparse,0.5,2,10,0,-0.1997997613253182,down,False
sparse,0.5,2,10,1,-0.1998818883496807,down,False
sparse,0.5,2,11,0,-0.19990794237436854,left,False
sparse,0.5,2,11,1,-0.19978204780599995,down,False
sparse,0.5,2,12,0,-0.19995781968014295,left,False
sparse,0.5,2,12,1,-0.19983618356588356,down,False
sparse,0.5,2,13,0,-0.1999827941169981,left,False
sparse,0.5,2,13,1,-0.19978187924690305,right,False
sparse,0.5,2,14,0,-0.20000546262751512,left,False
sparse,0.5,2,14,1,-0.19948621774543154,down,False
sparse,0.5,2,15,0,-0.20025110833430368,left,False
sparse,0.5,2,15,1,-0.1994346776705035,down,False
sparse,0.5,2,16,0,-0.20496763014129818,left,False
sparse,0.5,2,16,1,-0.2045873968607216,left,False
sparse,0.5,3,1,0,-0.2032641983693568,right,False
sparse,0.5,3,1,1,-0.2032687440627325,right,False
sparse,0.5,3,2,0,-0.2002685004725859,up,False
sparse,0.5,3,2,1,-0.20027074578134016,up,False
sparse,0.5,3,3,0,-0.20001226407006728,up,False
sparse,0.5,3,3,1,-0.20001711349258727,up,False
sparse,0.5,3,4,0,-0.1999838326015783,up,False
sparse,0.5,3,4,1,-0.19999506410832152,up,False
sparse,0.5,3,5,0,-0.19994349307438825,up,False
sparse,0.5,3,5,1,-0.19997936791821708,up,False
sparse,0.5,3,6,0,-0.19956441333257974,right,False
sparse,0.5,3,6,1,-0.19983646114772646,right,False
sparse,0.5,3,7,0,-0.19904669778566828,down,False
sparse,0.5,3,7,1,-0.1996417422881917,down,False
sparse,0.5,3,8,0,-0.19795191837186996,down,False
sparse,0.5,3,8,1,-0.19922959736296147,down,False
sparse,0.5,3,9,0,-0.19904700212287238,down,False
sparse,0.5,3,9,1,-0.19963728984267765,down,False
sparse,0.5,3,10,0,-0.19956518386548067,left,False
sparse,0.5,3,10,1,-0.19975215763982515,down,False
sparse,0.5,3,11,0,-0.19980306414829185,left,False
sparse,0.5,3,11,1,-0.1994901678142865,down,False
sparse,0.5,3,12,0,-0.1999113155677089,left,False
sparse,0.5,3,12,1,-0.19964430028656321,down,False
sparse,0.5,3,13,0,-0.19998848697794286,up,False
sparse,0.5,3,13,1,-0.19983591982318177,up,False
sparse,0.5,3,14,0,-0.19999564728702884,left,False
sparse,0.5,3,14,1,-0.19881299561730384,down,False
sparse,0.5,3,15,0,-0.2000108268767561,left,False
sparse,0.5,3,15,1,-0.19807736251390137,down,False
sparse,0.5,3,16,0,-0.200253347546819,left,False
sparse,0.5,3,16,1,-0.19935468101046094,left,False
sparse,0.5,4,1,0,-0.25801261394210284,right,False
sparse,0.5,4,1,1,-0.25808088420578945,right,False
sparse,0.5,4,2,0,-0.31917734554790916,left,False
sparse,0.5,4,2,1,-0.3192062327606976,left,False
sparse,0.5,4,3,0,-0.2108010086784131,up,False
sparse,0.5,4,3,1,-0.21080537959805137,up,False
sparse,0.5,4,4,0,-0.296744589117059,right,False
sparse,0.5,4,4,1,-0.296763657787981,right,False
sparse,0.5,4,5,0,-0.2047703745944358,up,False
sparse,0.5,4,5,1,-0.20481343796886056,up,False
sparse,0.5,4,6,0,-0.19911487474921766,right,False
sparse,0.5,4,6,1,-0.19966847081455819,right,False
sparse,0.5,4,7,0,-0.19792718424382652,right,False
sparse,0.5,4,7,1,-0.19922057511209132,right,False
sparse,0.5,4,8,0,-0.19511808177074963,down,False
sparse,0.5,4,8,1,-0.19816398069436342,down,False
sparse,0.5,4,9,0,-0.19792784867399296,left,False
sparse,0.5,4,9,1,-0.19921999719542607,left,False
sparse,0.5,4,10,0,-0.19912789731138145,left,False
sparse,0.5,4,10,1,-0.1994892797471699,right,False
sparse,0.5,4,11,0,-0.19963170976117556,left,False
sparse,0.5,4,11,1,-0.19880046397784107,down,False
sparse,0.5,4,12,0,-0.19984393563878958,left,False
sparse,0.5,4,12,1,-0.1991948194913466,left,False
sparse,0.5,4,13,0,-0.19993643647538423,left,False
sparse,0.5,4,13,1,-0.19510858646596133,down,False
sparse,0.5,4,14,0,-0.1999994604233184,right,False
sparse,0.5,4,14,1,-0.19729321422850696,right,False
sparse,0.5,4,15,0,-0.19999975435734574,down,False
sparse,0.5,4,15,1,-0.1954222149965228,down,False
sparse,0.5,4,16,0,-0.20001257672014117,left,False
sparse,0.5,4,16,1,-0.1978863425747538,left,False
sparse,0.5,5,1,0,-0.4035692780869338,down,False
sparse,0.5,5,1,1,-0.4046990104336966,down,False
sparse,0.5,5,6,0,-0.19931546093894942,right,False
sparse,0.5,5,6,1,-0.19976392699284207,right,False
sparse,0.5,5,7,0,-0.198552319441972,up,False
sparse,0.5,5,7,1,-0.19945685390472195,up,False
sparse,0.5,5,8,0,-0.19790311454594953,up,False
sparse,0.5,5,8,1,-0.19921097494455595,up,False
sparse,0.5,5,9,0,-0.19856530347049334,up,False
sparse,0.5,5,9,1,-0.19944974689243491,up,False
sparse,0.5,5,10,0,-0.1995698215479541,up,False
sparse,0.5,5,10,1,-0.19962654513792802,up,False
sparse,0.5,5,11,0,-0.19980794333418422,left,False
sparse,0.5,5,11,1,-0.19716554771192266,right,False
sparse,0.5,5,12,0,-0.1999135266818515,left,False
sparse,0.5,5,12,1,-0.19384565093098863,down,False
sparse,0.5,5,13,0,-0.19998869235075267,down,False
sparse,0.5,5,13,1,-0.188210406882427,down,False
sparse,0.5,5,14,0,-0.19999507163554453,left,False
sparse,0.5,5,14,1,-0.18367203253326614,down,False
sparse,0.5,5,15,0,-0.19999786590148208,left,False
sparse,0.5,5,15,1,-0.1891580382025846,down,False
sparse,0.5,5,16,0,-0.19999970462902264,left,False
sparse,0.5,5,16,1,-0.1949928217077147,left,False
sparse,0.5,6,1,0,-0.20803077382961577,right,False
sparse,0.5,6,1,1,-0.21057214967356094,right,False
sparse,0.5,6,2,0,-0.19524252100903605,down,False
sparse,0.5,6,2,1,-0.20057168669488645,down,False
sparse,0.5,6,3,0,-0.1886588092590467,down,False
sparse,0.5,6,3,1,-0.20002067827804343,down,False
sparse,0.5,6,4,0,-0.19425734168477174,down,False
sparse,0.5,6,4,1,-0.19997669153824005,down,False
sparse,0.5,6,5,0,-0.1973506111903531,down,False
sparse,0.5,6,5,1,-0.19994693558286783,down,False
sparse,0.5,6,6,0,-0.19877579317825844,left,False
sparse,0.5,6,6,1,-0.19995365580348526,left,False
sparse,0.5,6,11,0,-0.1999684022383193,right,False
sparse,0.5,6,11,1,-0.1937442650144798,right,False
sparse,0.5,6,12,0,-0.1999630018839508,up,False
sparse,0.5,6,12,1,-0.186442096260913,down,False
sparse,0.5,6,13,0,-0.19998310237389336,left,False
sparse,0.5,6,13,1,-0.17333626227869878,down,False
sparse,0.5,6,14,0,-0.1999923077690886,left,False
sparse,0.5,6,14,1,-0.16200900323244688,down,False
sparse,0.5,6,15,0,-0.19999649779408527,left,False
sparse,0.5,6,15,1,-0.17556192980721821,down,False
sparse,0.5,6,16,0,-0.19999846139959201,left,False
sparse,0.5,6,16,1,-0.18870539601422412,left,False
sparse,0.5,7,1,0,-0.19510586716039993,right,False
sparse,0.5,7,1,1,-0.20216923959674465,right,False
sparse,0.5,7,2,0,-0.1885196827838123,right,False
sparse,0.5,7,2,1,-0.20010404936978493,right,False
sparse,0.5,7,3,0,-0.17295942405954048,down,False
sparse,0.5,7,3,1,-0.19998289706757616,right,False
sparse,0.5,7,4,0,-0.18739172124133774,down,False
sparse,0.5,7,4,1,-0.1999447540161785,right,False
sparse,0.5,7,5,0,-0.1942473631201353,left,False
sparse,0.5,7,5,1,-0.19987579485435014,right,False
sparse,0.5,7,6,0,-0.19739447224980328,left,False
sparse,0.5,7,6,1,-0.19972602303805903,right,False
sparse,0.5,7,7,0,-0.19894700241432633,down,False
sparse,0.5,7,7,1,-0.1993932134337966,down,False
sparse,0.5,7,8,0,-0.19873081042240262,down,False
sparse,0.5,7,8,1,-0.1986632559941764,down,False
sparse,0.5,7,9,0,-0.1993304650336397,down,False
sparse,0.5,7,9,1,-0.19708061250051306,down,False
sparse,0.5,7,10,0,-0.19968734148711165,down,False
sparse,0.5,7,10,1,-0.1936401281816505,down,False
sparse,0.5,7,11,0,-0.1998560019653623,down,False
sparse,0.5,7,11,1,-0.18618269295832196,down,False
sparse,0.5,7,12,0,-0.19993338266715993,left,False
sparse,0.5,7,12,1,-0.1702201374259975,down,False
sparse,0.5,7,13,0,-0.19996924189436405,left,False
sparse,0.5,7,13,1,-0.13978425461335214,down,False
sparse,0.5,7,14,0,-0.19998581926506304,left,False
sparse,0.5,7,14,1,-0.11141021366993348,down,False
sparse,0.5,7,15,0,-0.1999934937466895,left,False
sparse,0.5,7,15,1,-0.1450655075740133,down,False
sparse,0.5,7,16,0,-0.19999701920064958,left,False
sparse,0.5,7,16,1,-0.17461920207977735,left,False
sparse,0.5,8,1,0,-0.18592587017956427,right,False
sparse,0.5,8,1,1,-0.23197202686667107,right,False
sparse,0.5,8,2,0,-0.19147480031694397,up,False
sparse,0.5,8,2,1,-0.20164419502942604,up,False
sparse,0.5,8,3,0,-0.1354088619384809,down,False
sparse,0.5,8,3,1,-0.20007097030175716,up,False
sparse,0.5,8,4,0,-0.17257832516677576,left,False
sparse,0.5,8,4,1,-0.1999100314406576,right,False
sparse,0.5,8,5,0,-0.18845923257500058,left,False
sparse,0.5,8,5,1,-0.19975536699524243,right,False
sparse,0.5,8,6,0,-0.19513456771640053,left,False
sparse,0.5,8,6,1,-0.19941970849324347,right,False
sparse,0.5,8,7,0,-0.19785174867619684,left,False
sparse,0.5,8,7,1,-0.19868405383535986,right,False
sparse,0.5,8,8,0,-0.19704234575746155,down,False
sparse,0.5,8,8,1,-0.19709882397848127,right,False
sparse,0.5,8,9,0,-0.1985238844066916,down,False
sparse,0.5,8,9,1,-0.19366349065247312,right,False
sparse,0.5,8,10,0,-0.19932004497851713,down,False
sparse,0.5,8,10,1,-0.18619237195254093,right,False
sparse,0.5,8,11,0,-0.19968739273276778,left,False
sparse,0.5,8,11,1,-0.16997416306847601,right,False
sparse,0.5,8,12,0,-0.19985659074512066,left,False
sparse,0.5,8,12,1,-0.13480446331261392,down,False
sparse,0.5,8,13,0,-0.19993436259336886,left,False
sparse,0.5,8,13,1,-0.06425683180780245,down,False
sparse,0.5,8,14,0,-0.19997004549131628,left,False
sparse,0.5,8,14,1,0.007080692445132897,down,False
sparse,0.5,8,15,0,-0.19998636159525,left,False
sparse,0.5,8,15,1,-0.0769100766845497,down,False
sparse,0.5,8,16,0,-0.19999383048752403,left,False
sparse,0.5,8,16,1,-0.1431544525237709,left,False
sparse,0.5,9,1,0,0.008387493711086935,down,False
sparse,0.5,9,1,1,-0.8241164811322936,up,False
sparse,0.5,9,2,0,1.2612207284971968,down,False
sparse,0.5,9,2,1,-0.2024311328863344,right,False
sparse,0.5,9,3,0,-0.04301523826396356,down,False
sparse,0.5,9,3,1,-0.20498596823258347,right,False
sparse,0.5,9,4,0,-0.18089763817446347,up,False
sparse,0.5,9,4,1,-0.20020703402883794,up,False
sparse,0.5,9,5,0,-0.19430974194148615,up,False
sparse,0.5,9,5,1,-0.19987242236570577,up,False
sparse,0.5,9,6,0,-0.1976198868219904,up,False
sparse,0.5,9,6,1,-0.19919307954572524,right,False
sparse,0.5,9,7,0,-0.19701130769740424,right,False
sparse,0.5,9,7,1,-0.1974965571047438,right,False
sparse,0.5,9,8,0,-0.19305882350726467,down,False
sparse,0.5,9,8,1,-0.19400435125883153,right,False
sparse,0.5,9,9,0,-0.19676441518195195,down,False
sparse,0.5,9,9,1,-0.18664994144418875,right,False
sparse,0.5,9,10,0,-0.1985236933744756,left,False
sparse,0.5,9,10,1,-0.17041371726156718,right,False
sparse,0.5,9,11,0,-0.19933148981356566,left,False
sparse,0.5,9,11,1,-0.13486476854843754,right,False
sparse,0.5,9,12,0,-0.1996991164127146,left,False
sparse,0.5,9,12,1,-0.05773227459789317,down,False
sparse,0.5,9,13,0,-0.1998652386837751,left,False
sparse,0.5,9,13,1,0.10532339537957758,down,False
sparse,0.5,9,14,0,-0.19993987235535898,left,False
sparse,0.5,9,14,1,0.28534759910462204,down,False
sparse,0.5,9,15,0,-0.19997327371000306,left,False
sparse,0.5,9,15,1,0.07473403310553185,down,False
sparse,0.5,9,16,0,-0.19998821739070624,left,False
sparse,0.5,9,16,1,-0.07318911593536284,left,False
sparse,0.5,10,1,0,1.5622686468373,down,False
sparse,0.5,10,1,1,-0.23415067720035754,right,False
sparse,0.5,10,2,0,3.4073806133328595,down,False
sparse,0.5,10,2,1,-0.2070889727507176,down,False
sparse,0.5,10,3,0,1.2324224549856853,left,False
sparse,0.5,10,3,1,-0.2979841435059305,left,False
sparse,0.5,10,4,0,0.3093934228793486,left,False
sparse,0.5,10,4,1,-0.2098129882934576,up,False
sparse,0.5,10,5,0,-0.29601370683148137,right,False
sparse,0.5,10,5,1,-0.29661172000337166,right,False
sparse,0.5,10,6,0,-0.2037438349158877,up,False
sparse,0.5,10,6,1,-0.20446853350682215,up,False
sparse,0.5,10,7,0,-0.1883132006306774,down,False
sparse,0.5,10,7,1,-0.1956046438085542,right,False
sparse,0.5,10,8,0,-0.18342506026573688,down,False
sparse,0.5,10,8,1,-0.18978836813194674,right,False
sparse,0.5,10,9,0,-0.19296313623941352,left,False
sparse,0.5,10,9,1,-0.17602529639043277,right,False
sparse,0.5,10,10,0,-0.19703852478741332,left,False
sparse,0.5,10,10,1,-0.14316373018312178,right,False
sparse,0.5,10,11,0,-0.19875277909121017,left,False
sparse,0.5,10,11,1,-0.06546293727244583,right,False
sparse,0.5,10,12,0,-0.19947381415614607,left,False
sparse,0.5,10,12,1,0.1093619883335612,right,False
sparse,0.5,10,13,0,-0.19977729591269064,left,False
sparse,0.5,10,13,1,0.48485657505406193,down,False
sparse,0.5,10,14,0,-0.1999054414610016,left,False
sparse,0.5,10,14,1,0.9408618206533316,down,False
sparse,0.5,10,15,0,-0.19995979432580918,left,False
sparse,0.5,10,15,1,0.41031527573868243,down,False
sparse,0.5,10,16,0,-0.19998421828416507,left,False
sparse,0.5,10,16,1,0.08149990646654455,left,False
sparse,0.5,11,1,0,3.75946582700505,right,False
sparse,0.5,11,1,1,-0.20218477781597316,right,False
sparse,0.5,11,2,0,8.41911592309943,down,False
sparse,0.5,11,2,1,-0.20120502458071804,left,False
sparse,0.5,11,7,0,-0.1723868313334245,right,False
sparse,0.5,11,7,1,-0.19628893701440026,right,False
sparse,0.5,11,8,0,-0.15970401978902404,down,False
sparse,0.5,11,8,1,-0.19356013524783294,down,False
sparse,0.5,11,9,0,-0.19509755767852527,up,False
sparse,0.5,11,9,1,-0.1885460122576604,up,False
sparse,0.5,11,10,0,-0.19854108258278974,up,False
sparse,0.5,11,10,1,-0.16915729106389035,up,False
sparse,0.5,11,11,0,-0.19941591207039278,up,False
sparse,0.5,11,11,1,-0.049289857874113226,right,False
sparse,0.5,11,12,0,-0.1997548293997958,up,False
sparse,0.5,11,12,1,0.3661194568473891,right,False
sparse,0.5,11,13,0,-0.19989014739992228,left,False
sparse,0.5,11,13,1,1.3308634622384201,down,False
sparse,0.5,11,14,0,-0.19995035222431917,left,False
sparse,0.5,11,14,1,2.490258071075502,down,False
sparse,0.5,11,15,0,-0.19997900903943328,left,False
sparse,0.5,11,15,1,1.1479929746009405,down,False
sparse,0.5,11,16,0,-0.20001738856433715,left,False
sparse,0.5,11,16,1,0.4206650657502115,left,False
sparse,0.5,12,1,0,8.27412659099061,right,False
sparse,0.5,12,1,1,-0.19990007649444297,right,False
sparse,0.5,12,2,1,-0.199532680989683,down,False
sparse,0.5,12,3,0,8.419238692624198,left,False
sparse,0.5,12,3,1,-0.1989573858496669,down,False
sparse,0.5,12,4,0,3.4295645227099025,left,False
sparse,0.5,12,4,1,-0.19771025383706323,down,False
sparse,0.5,12,5,0,1.2764523477577252,left,False
sparse,0.5,12,5,1,-0.19499214570699577,down,False
sparse,0.5,12,6,0,0.3460055594762443,left,False
sparse,0.5,12,6,1,-0.1891571620605297,down,False
sparse,0.5,12,7,0,0.027802034594100092,left,False
sparse,0.5,12,7,1,-0.17808513336948031,down,False
sparse,0.5,12,8,0,-0.10332432311496928,left,False
sparse,0.5,12,8,1,-0.1857959170590432,left,False
sparse,0.5,12,13,0,-0.19998678724363428,right,False
sparse,0.5,12,13,1,3.2201114649323923,down,False
sparse,0.5,12,14,0,-0.19998035919049906,up,False
sparse,0.5,12,14,1,6.16578812334676,down,False
sparse,0.5,12,15,0,-0.20001719555650904,up,False
sparse,0.5,12,15,1,2.75611704504704,down,False
sparse,0.5,12,16,0,-0.20053136576510594,left,False
sparse,0.5,12,16,1,1.1478576207562814,left,False
sparse,0.5,13,1,0,3.71932894381701,up,False
sparse,0.5,13,1,1,-0.19955409850919614,right,False
sparse,0.5,13,2,0,8.274243222061383,up,False
sparse,0.5,13,2,1,-0.19897407718172605,right,False
sparse,0.5,13,3,0,3.7617984401068436,up,False
sparse,0.5,13,3,1,-0.1977379944064755,right,False
sparse,0.5,13,4,0,1.6078221877122039,left,False
sparse,0.5,13,4,1,-0.19503174635608497,right,False
sparse,0.5,13,5,0,0.6160817339284573,left,False
sparse,0.5,13,5,1,-0.18912188516291312,right,False
sparse,0.5,13,6,0,0.16249414655538416,left,False
sparse,0.5,13,6,1,-0.17625816956647322,right,False
sparse,0.5,13,7,0,-0.03961390424053983,left,False
sparse,0.5,13,7,1,-0.14834367312926966,down,False
sparse,0.5,13,8,0,-0.12919249595644666,left,False
sparse,0.5,13,8,1,-0.09767650814230998,down,False
sparse,0.5,13,9,0,-0.26430653694607953,left,False
sparse,0.5,13,9,1,-0.2222534070687452,left,False
sparse,0.5,13,10,0,-0.2072881539514752,down,False
sparse,0.5,13,10,1,0.42443067395080175,right,False
sparse,0.5,13,11,0,-0.2966960850963731,right,False
sparse,0.5,13,11,1,1.350604539725581,right,False
sparse,0.5,13,12,0,-0.204734103083891,down,False
sparse,0.5,13,12,1,3.2818167426524787,right,False
sparse,0.5,13,13,0,-0.20000261527327304,right,False
sparse,0.5,13,13,1,7.352041213889037,down,False
sparse,0.5,13,14,0,-0.20001885225319926,up,False
sparse,0.5,13,14,1,14.917441744730835,down,False
sparse,0.5,13,15,0,-0.20053143897651832,up,False
sparse,0.5,13,15,1,6.226086894842156,left,False
sparse,0.5,13,16,0,-0.2104718607258974,left,False
sparse,0.5,13,16,1,2.4875509942572,left,False
sparse,0.5,14,1,0,1.5432485749526714,up,False
sparse,0.5,14,1,1,-0.1993856913886621,right,False
sparse,0.5,14,2,0,3.3670943118502286,up,False
sparse,0.5,14,2,1,-0.1980440741249579,right,False
sparse,0.5,14,3,0,1.6046986820609876,up,False
sparse,0.5,14,3,1,-0.19554694183056762,right,False
sparse,0.5,14,4,0,0.6324940452579689,up,False
sparse,0.5,14,4,1,-0.189949173586594,right,False
sparse,0.5,14,5,0,0.18261332362152594,left,False
sparse,0.5,14,5,1,-0.17737960133289457,right,False
sparse,0.5,14,6,0,-0.024774232745453373,left,False
sparse,0.5,14,6,1,-0.14925666401358093,right,False
sparse,0.5,14,7,0,-0.12002508800277527,left,False
sparse,0.5,14,7,1,-0.08661732235806638,right,False
sparse,0.5,14,8,0,-0.16361309809967736,left,False
sparse,0.5,14,8,1,0.052133374605515446,right,False
sparse,0.5,14,9,0,-0.18827975700964958,left,False
sparse,0.5,14,9,1,0.35859750613270325,right,False
sparse,0.5,14,10,0,-0.19809505651638196,down,False
sparse,0.5,14,10,1,1.0593464902398229,down,False
sparse,0.5,14,11,0,-0.19935255921869616,down,False
sparse,0.5,14,11,1,3.2069523148330243,right,False
sparse,0.5,14,12,0,-0.19974792059165822,down,False
sparse,0.5,14,12,1,7.33818839993855,right,False
sparse,0.5,14,13,0,-0.19991422143321994,left,False
sparse,0.5,14,13,1,16.355195723847995,right,False
sparse,0.5,14,14,0,-0.29470173110815867,left,False
sparse,0.5,14,14,1,35.84633834827029,down,False
sparse,0.5,14,16,0,-0.40465418668630887,up,False
sparse,0.5,14,16,1,0.7944671082529502,up,False
sparse,0.5,15,1,0,0.5183972576956962,up,False
sparse,0.5,15,1,1,-0.20380622471094323,right,False
sparse,0.5,15,2,0,1.3035668992949243,up,False
sparse,0.5,15,2,1,-0.19753007909125606,right,False
sparse,0.5,15,3,0,0.6161883133640029,up,False
sparse,0.5,15,3,1,-0.19360700624865274,right,False
sparse,0.5,15,4,0,0.18261865401196217,up,False
sparse,0.5,15,4,1,-0.1849142680890684,right,False
sparse,0.5,15,5,0,-0.02376559433238208,left,False
sparse,0.5,15,5,1,-0.1644166451037751,right,False
sparse,0.5,15,6,0,-0.11887674787194527,left,False
sparse,0.5,15,6,1,-0.115936323278142,right,False
sparse,0.5,15,7,0,-0.16269295190501554,left,False
sparse,0.5,15,7,1,-0.0010697024769969945,right,False
sparse,0.5,15,8,0,-0.18286336098251937,left,False
sparse,0.5,15,8,1,0.2715640167447656,right,False
sparse,0.5,15,9,0,-0.19238362975969311,left,False
sparse,0.5,15,9,1,0.91943163193586,right,False
sparse,0.5,15,10,0,-0.19678358295285173,left,False
sparse,0.5,15,10,1,2.452672498970059,right,False
sparse,0.5,15,11,0,-0.1986510317372192,left,False
sparse,0.5,15,11,1,6.082934558158572,right,False
sparse,0.5,15,12,0,-0.19946144245728475,left,False
sparse,0.5,15,12,1,14.640385465703105,right,False
sparse,0.5,15,13,0,-0.20029845954898662,left,False
sparse,0.5,15,13,1,34.98116647706169,right,False
sparse,0.5,15,14,1,83.56565411166892,right,False
sparse,0.5,15,15,1,0.0,,True
sparse,0.5,16,1,0,0.040999609471578595,up,False
sparse,0.5,16,1,1,-0.2964954898296267,right,False
sparse,0.5,16,2,0,0.43181821352507055,up,False
sparse,0.5,16,2,1,-0.20370083328938415,up,False
sparse,0.5,16,3,0,0.1668384267962174,up,False
sparse,0.5,16,3,1,-0.19727801251895477,up,False
sparse,0.5,16,4,0,-0.024554339345168485,up,False
sparse,0.5,16,4,1,-0.19300277587025677,up,False
sparse,0.5,16,5,0,-0.11886575288218074,up,False
sparse,0.5,16,5,1,-0.18346241348960968,up,False
sparse,0.5,16,6,0,-0.16263498552101915,up,False
sparse,0.5,16,6,1,-0.16091210296569633,up,False
sparse,0.5,16,7,0,-0.18281445517277634,up,False
sparse,0.5,16,7,1,-0.10728879340753805,up,False
sparse,0.5,16,8,0,-0.1921103650938434,up,False
sparse,0.5,16,8,1,0.02369392192069259,up,False
sparse,0.5,16,9,0,-0.1964843483477434,up,False
sparse,0.5,16,9,1,0.4086551490977339,right,False
sparse,0.5,16,10,0,-0.19850762073491565,up,False
sparse,0.5,16,10,1,1.3306270254377304,right,False
sparse,0.5,16,11,0,-0.19939942734752947,up,False
sparse,0.5,16,11,1,3.328655123169883,right,False
sparse,0.5,16,12,0,-0.2002727188008183,up,False
sparse,0.5,16,12,1,7.62018909780762,right,False
sparse,0.5,16,13,0,-0.21036331587303897,up,False
sparse,0.5,16,13,1,16.74290092410428,right,False
sparse,0.5,16,14,0,-0.40460593169372916,left,False
sparse,0.5,16,14,1,35.86674388512659,up,False
sparse,0.5,16,16,0,-1.9999999403953554,up,False
sparse,0.5,16,16,1,-1.9999999403953554,up,False
sparse,0.9,1,1,0,2.9404710676109396,down,False
sparse,0.9,1,1,1,3.5406370338057886,right,False
sparse,0.9,1,2,0,2.6777660742320077,down,False
sparse,0.9,1,2,1,4.220766611125281,right,False
sparse,0.9,1,3,0,2.2407993702466484,down,False
sparse,0.9,1,3,1,4.984420985876596,right,False
sparse,0.9,1,4,0,2.0706431683177953,down,False
sparse,0.9,1,4,1,5.84022167269181,down,False
sparse,0.9,1,5,0,2.403991624581341,down,False
sparse,0.9,1,5,1,6.783379933460943,down,False
sparse,0.9,1,6,0,2.8591449979026713,down,False
sparse,0.9,1,6,1,7.843276953865532,down,False
sparse,0.9,1,7,0,3.350859572318287,down,False
sparse,0.9,1,7,1,8.971748036020665,down,False
sparse,0.9,1,8,0,3.7037651652151284,down,False
sparse,0.9,1,8,1,9.784765907553084,down,False
sparse,0.9,1,9,0,3.3506561792720273,down,False
sparse,0.9,1,9,1,9.154467973533691,down,False
sparse,0.9,1,10,0,2.857896094878667,down,False
sparse,0.9,1,10,1,8.67492347388922,down,False
sparse,0.9,1,11,0,2.395863830981376,down,False
sparse,0.9,1,11,1,9.368450653960547,down,False
sparse,0.9,1,12,0,1.9831207901752474,down,False
sparse,0.9,1,12,1,10.076391704981958,down,False
sparse,0.9,1,13,0,1.584358145395591,down,False
sparse,0.9,1,13,1,10.231763157410272,down,False
sparse,0.9,1,14,0,1.2360414436091498,down,False
sparse,0.9,1,14,1,11.424968849652068,down,False
sparse,0.9,1,15,0,0.9320092855813572,down,False
sparse,0.9,1,15,1,11.470015548917432,down,False
sparse,0.9,1,16,0,0.6181255095600835,left,False
sparse,0.9,1,16,1,10.822529046330787,down,False
sparse,0.9,2,1,0,3.645596840062603,down,False
sparse,0.9,2,1,1,4.144752675034053,right,False
sparse,0.9,2,2,0,3.2103496317011455,down,False
sparse,0.9,2,2,1,4.912383403253959,right,False
sparse,0.9,2,3,0,2.657559081134953,left,False
sparse,0.9,2,3,1,5.787372142328869,right,False
sparse,0.9,2,4,0,2.4341833038656615,down,False
sparse,0.9,2,4,1,6.779332763821432,right,False
sparse,0.9,2,5,0,2.8615426244743034,right,False
sparse,0.9,2,5,1,7.849812579264975,right,False
sparse,0.9,2,6,0,3.390567208585701,down,False
sparse,0.9,2,6,1,9.062938106405813,down,False
sparse,0.9,2,7,0,3.972496746719006,down,False
sparse,0.9,2,7,1,10.396144692351372,down,False
sparse,0.9,2,8,0,4.445317704961111,down,False
sparse,0.9,2,8,1,11.463064537073876,down,False
sparse,0.9,2,9,0,3.9723703692549797,down,False
sparse,0.9,2,9,1,10.545966568338729,down,False
sparse,0.9,2,10,0,3.3898740193831403,down,False
sparse,0.9,2,10,1,9.872028885298246,down,False
sparse,0.9,2,11,0,2.8613504323979493,left,False
sparse,0.9,2,11,1,10.806711510919639,down,False
sparse,0.9,2,12,0,2.3956955726407227,left,False
sparse,0.9,2,12,1,11.683850641609144,down,False
sparse,0.9,2,13,0,1.9369910338263825,left,False
sparse,0.9,2,13,1,11.662000982629458,down,False
sparse,0.9,2,14,0,1.5410671872517003,left,False
sparse,0.9,2,14,1,13.294178841781351,down,False
sparse,0.9,2,15,0,1.2015753608279531,left,False
sparse,0.9,2,15,1,13.288528803165244,down,False
sparse,0.9,2,16,0,0.9049725342344291,left,False
sparse,0.9,2,16,1,12.508611156608954,down,False
sparse,0.9,3,1,0,4.470224524449813,down,False
sparse,0.9,3,1,1,4.324214351652011,right,False
sparse,0.9,3,2,0,3.809813331657452,left,False
sparse,0.9,3,2,1,5.1734051752877495,right,False
sparse,0.9,3,3,0,2.7159489220881063,left,False
sparse,0.9,3,3,1,6.19616292942826,right,False
sparse,0.9,3,4,0,2.829811319945595,right,False
sparse,0.9,3,4,1,7.798308402315405,right,False
sparse,0.9,3,5,0,3.3774998675586443,right,False
sparse,0.9,3,5,1,9.044366096014473,right,False
sparse,0.9,3,6,0,3.9937550905254207,down,False
sparse,0.9,3,6,1,10.445558266611584,right,False
sparse,0.9,3,7,0,4.676759867360823,down,False
sparse,0.9,3,7,1,12.012228408941944,down,False
sparse,0.9,3,8,0,5.319832867393683,down,False
sparse,0.9,3,8,1,13.442047949460786,down,False
sparse,0.9,3,9,0,4.67667099175555,down,False
sparse,0.9,3,9,1,12.119178000451718,down,False
sparse,0.9,3,10,0,3.992832148936634,left,False
sparse,0.9,3,10,1,11.180955358562489,down,False
sparse,0.9,3,11,0,3.389037707264051,left,False
sparse,0.9,3,11,1,12.453725490969408,down,False
sparse,0.9,3,12,0,2.8560265577602992,left,False
sparse,0.9,3,12,1,13.557870162763505,down,False
sparse,0.9,3,13,0,1.8833109826606538,left,False
sparse,0.9,3,13,1,13.213858790450432,right,False
sparse,0.9,3,14,0,1.5021101441320166,left,False
sparse,0.9,3,14,1,15.484209945916428,down,False
sparse,0.9,3,15,0,1.2014016700489634,left,False
sparse,0.9,3,15,1,15.369830143486272,down,False
sparse,0.9,3,16,0,0.9356330953099482,left,False
sparse,0.9,3,16,1,14.412317444762882,down,False
sparse,0.9,4,1,0,5.437529329722443,down,False
sparse,0.9,4,1,1,3.625943163241838,right,False
sparse,0.9,4,2,0,4.470224524449813,left,False
sparse,0.9,4,2,1,4.111703997850515,up,False
sparse,0.9,4,3,0,3.5967000665843907,left,False
sparse,0.9,4,3,1,7.227970966128545,right,False
sparse,0.9,4,4,0,3.099276866171798,right,False
sparse,0.9,4,4,1,8.62472071601171,right,False
sparse,0.9,4,5,0,3.8273040686406006,right,False
sparse,0.9,4,5,1,10.189789021336484,right,False
sparse,0.9,4,6,0,4.678988492198149,right,False
sparse,0.9,4,6,1,12.012104251076245,right,False
sparse,0.9,4,7,0,5.47019020992792,right,False
sparse,0.9,4,7,1,13.836588679854763,down,False
sparse,0.9,4,8,0,6.358366791768345,down,False
sparse,0.9,4,8,1,15.791974128632441,down,False
sparse,0.9,4,9,0,5.470182139285863,left,False
sparse,0.9,4,9,1,13.893205142680031,down,False
sparse,0.9,4,10,0,4.6726708125350465,left,False
sparse,0.9,4,10,1,12.596380617131368,down,False
sparse,0.9,4,11,0,3.9630780123762106,left,False
sparse,0.9,4,11,1,14.343376658402871,down,False
sparse,0.9,4,12,0,3.3367422999168603,left,False
sparse,0.9,4,12,1,15.760816079771832,down,False
sparse,0.9,4,13,0,2.6960296447651557,left,False
sparse,0.9,4,13,1,17.840528232821708,down,False
sparse,0.9,4,14,0,1.1936687751521442,down,False
sparse,0.9,4,14,1,18.07177491925295,down,False
sparse,0.9,4,15,0,1.241562042215504,down,False
sparse,0.9,4,15,1,17.748809275451574,down,False
sparse,0.9,4,16,0,0.9908484977066196,left,False
sparse,0.9,4,16,1,16.558228002528413,down,False
sparse,0.9,5,1,0,6.577543726176304,down,False
sparse,0.9,5,1,1,4.181522146008736,down,False
sparse,0.9,5,6,0,5.344595365586198,right,False
sparse,0.9,5,6,1,13.44066841761969,right,False
sparse,0.9,5,7,0,6.347308131024855,right,False
sparse,0.9,5,7,1,15.88086336900136,right,False
sparse,0.9,5,8,0,5.6205394818201,up,False
sparse,0.9,5,8,1,14.129280727770642,up,False
sparse,0.9,5,9,0,6.3473073328294864,left,False
sparse,0.9,5,9,1,15.886462799390674,left,False
sparse,0.9,5,10,0,5.275386431610313,left,False
sparse,0.9,5,10,1,14.104289243102645,right,False
sparse,0.9,5,11,0,4.374907041080137,left,False
sparse,0.9,5,11,1,16.515595771779974,down,False
sparse,0.9,5,12,0,3.625374897861793,left,False
sparse,0.9,5,12,1,18.686478666057805,down,False
sparse,0.9,5,13,0,2.4897466709506384,left,False
sparse,0.9,5,13,1,20.688326448485384,down,False
sparse,0.9,5,14,0,1.9851187823942844,left,False
sparse,0.9,5,14,1,21.470464643761602,down,False
sparse,0.9,5,15,0,1.5902159550808543,left,False
sparse,0.9,5,15,1,20.461262517348956,down,False
sparse,0.9,5,16,0,1.2524094303729028,left,False
sparse,0.9,5,16,1,18.973048121541964,down,False
sparse,0.9,6,1,0,7.879980354811902,down,False
sparse,0.9,6,1,1,5.151177999621059,right,False
sparse,0.9,6,2,0,7.248494912012315,down,False
sparse,0.9,6,2,1,6.086662300330591,right,False
sparse,0.9,6,3,0,7.46018109010304,down,False
sparse,0.9,6,3,1,7.1576716684274055,right,False
sparse,0.9,6,4,0,6.643736270848013,down,False
sparse,0.9,6,4,1,8.379033052373735,right,False
sparse,0.9,6,5,0,5.749854323500674,down,False
sparse,0.9,6,5,1,9.780238153003074,right,False
sparse,0.9,6,6,0,5.038050521671866,left,False
sparse,0.9,6,6,1,11.392860103798304,up,False
sparse,0.9,6,11,0,3.555019880076127,up,False
sparse,0.9,6,11,1,18.97837036104935,down,False
sparse,0.9,6,12,0,3.0570557921286254,up,False
sparse,0.9,6,12,1,21.441841203102673,down,False
sparse,0.9,6,13,0,2.520378627347589,left,False
sparse,0.9,6,13,1,23.853057709168937,down,False
sparse,0.9,6,14,0,2.0563443282903515,left,False
sparse,0.9,6,14,1,24.81528005116182,down,False
sparse,0.9,6,15,0,1.6576649773063794,left,False
sparse,0.9,6,15,1,23.5018699562106,down,False
sparse,0.9,6,16,0,1.3141953102343547,left,False
sparse,0.9,6,16,1,21.686055783391364,down,False
sparse,0.9,7,1,0,9.317246639996835,down,False
sparse,0.9,7,1,1,5.4716016693583,right,False
sparse,0.9,7,2,0,8.28872275273607,down,False
sparse,0.9,7,2,1,6.392656578145609,right,False
sparse,0.9,7,3,0,8.763722616174459,down,False
sparse,0.9,7,3,1,7.450860228442759,right,False
sparse,0.9,7,4,0,7.7150459494773305,down,False
sparse,0.9,7,4,1,8.590540083309833,right,False
sparse,0.9,7,5,0,6.6645743224637295,left,False
sparse,0.9,7,5,1,9.857304938866879,right,False
sparse,0.9,7,6,0,5.746020287206915,left,False
sparse,0.9,7,6,1,11.253294353495896,right,False
sparse,0.9,7,7,0,4.895382880803974,left,False
sparse,0.9,7,7,1,12.783167735095269,right,False
sparse,0.9,7,8,0,4.147088723562887,down,False
sparse,0.9,7,8,1,14.62398456312751,right,False
sparse,0.9,7,9,0,3.5472756306902893,down,False
sparse,0.9,7,9,1,16.684499116468015,right,False
sparse,0.9,7,10,0,3.042314807545257,down,False
sparse,0.9,7,10,1,18.991764026544924,right,False
sparse,0.9,7,11,0,2.9640989764698737,up,False
sparse,0.9,7,11,1,21.570210167049538,down,False
sparse,0.9,7,12,0,2.56307033484432,up,False
sparse,0.9,7,12,1,24.56529538442087,down,False
sparse,0.9,7,13,0,2.169125073660236,left,False
sparse,0.9,7,13,1,27.485995550396016,down,False
sparse,0.9,7,14,0,1.8112336242733535,left,False
sparse,0.9,7,14,1,28.6851896684412,down,False
sparse,0.9,7,15,0,1.4886402775561025,left,False
sparse,0.9,7,15,1,26.96770795986224,down,False
sparse,0.9,7,16,0,1.1995519760022266,left,False
sparse,0.9,7,16,1,24.734920092815535,down,False
sparse,0.9,8,1,0,11.00376304812621,down,False
sparse,0.9,8,1,1,5.614254590306293,right,False
sparse,0.9,8,2,0,9.39088266622313,left,False
sparse,0.9,8,2,1,6.447084518189647,right,False
sparse,0.9,8,3,0,10.310254768021183,down,False
sparse,0.9,8,3,1,8.016454647791251,right,False
sparse,0.9,8,4,0,8.925693368055406,left,False
sparse,0.9,8,4,1,9.32408391791159,right,False
sparse,0.9,8,5,0,7.691714996944333,left,False
sparse,0.9,8,5,1,10.830128561995078,right,False
sparse,0.9,8,6,0,6.601135867584014,left,False
sparse,0.9,8,6,1,12.489513054282838,right,False
sparse,0.9,8,7,0,5.640709052695968,left,False
sparse,0.9,8,7,1,14.371263927609853,right,False
sparse,0.9,8,8,0,4.8434020243450036,down,False
sparse,0.9,8,8,1,16.49985098432292,right,False
sparse,0.9,8,9,0,4.166985156792439,down,False
sparse,0.9,8,9,1,18.875823298594998,right,False
sparse,0.9,8,10,0,3.550404295695614,down,False
sparse,0.9,8,10,1,21.577266043113468,right,False
sparse,0.9,8,11,0,3.0423017534820787,left,False
sparse,0.9,8,11,1,24.65288169453141,down,False
sparse,0.9,8,12,0,2.5911644897937425,left,False
sparse,0.9,8,12,1,28.125328985903842,down,False
sparse,0.9,8,13,0,2.1875595123449143,left,False
sparse,0.9,8,13,1,31.657572077275596,down,False
sparse,0.9,8,14,0,1.8265842410205786,left,False
sparse,0.9,8,14,1,33.17271715627494,down,False
sparse,0.9,8,15,0,1.5040246680190406,left,False
sparse,0.9,8,15,1,30.916525112984907,down,False
sparse,0.9,8,16,0,1.2161488693415656,left,False
sparse,0.9,8,16,1,28.15511606677019,down,False
sparse,0.9,9,1,0,12.997562408103848,down,False
sparse,0.9,9,1,1,6.443439855194437,down,False
sparse,0.9,9,2,0,14.579869153622337,down,False
sparse,0.9,9,2,1,7.665534219409338,down,False
sparse,0.9,9,3,0,12.169115173522384,down,False
sparse,0.9,9,3,1,8.139297848167297,right,False
sparse,0.9,9,4,0,10.088397773635469,left,False
sparse,0.9,9,4,1,9.48047495308054,right,False
sparse,0.9,9,5,0,8.504489810252263,left,False
sparse,0.9,9,5,1,11.672463537926816,right,False
sparse,0.9,9,6,0,7.17732493261635,left,False
sparse,0.9,9,6,1,13.660072606545715,right,False
sparse,0.9,9,7,0,6.081186319590218,left,False
sparse,0.9,9,7,1,16.009845808208603,right,False
sparse,0.9,9,8,0,5.639874368737565,down,False
sparse,0.9,9,8,1,18.812217762811606,right,False
sparse,0.9,9,9,0,4.877142483317753,down,False
sparse,0.9,9,9,1,21.539853634124217,right,False
sparse,0.9,9,10,0,4.168845102459594,left,False
sparse,0.9,9,10,1,24.643694007353414,right,False
sparse,0.9,9,11,0,3.5471305855438646,left,False
sparse,0.9,9,11,1,28.166177974888676,right,False
sparse,0.9,9,12,0,3.000343301673966,left,False
sparse,0.9,9,12,1,32.16303909227946,down,False
sparse,0.9,9,13,0,2.5188869229333153,left,False
sparse,0.9,9,13,1,36.44548322844375,down,False
sparse,0.9,9,14,0,2.0947818438626484,left,False
sparse,0.9,9,14,1,38.390345012710405,down,False
sparse,0.9,9,15,0,1.7211821056019403,left,False
sparse,0.9,9,15,1,35.41252794848728,down,False
sparse,0.9,9,16,0,1.3921270058628454,left,False
sparse,0.9,9,16,1,31.984261611933654,down,False
sparse,0.9,10,1,0,15.549435510484013,down,False
sparse,0.9,10,1,1,8.130044706222355,down,False
sparse,0.9,10,2,0,17.24287246010552,down,False
sparse,0.9,10,2,1,8.962621980703862,down,False
sparse,0.9,10,3,0,14.637459930651637,left,False
sparse,0.9,10,3,1,7.687499596089932,left,False
sparse,0.9,10,4,0,12.37024939527074,left,False
sparse,0.9,10,4,1,9.190373924013189,right,False
sparse,0.9,10,5,0,7.206545150108155,up,False
sparse,0.9,10,5,1,10.694441007048267,right,False
sparse,0.9,10,6,0,6.222111568357315,up,False
sparse,0.9,10,6,1,12.32141610833404,right,False
sparse,0.9,10,7,0,7.602407333804311,down,False
sparse,0.9,10,7,1,18.605962061950432,right,False
sparse,0.9,10,8,0,6.602256633994232,down,False
sparse,0.9,10,8,1,21.317072862812324,right,False
sparse,0.9,10,9,0,5.686607959597234,left,False
sparse,0.9,10,9,1,24.417442799513434,right,False
sparse,0.9,10,10,0,4.864068087313402,left,False
sparse,0.9,10,10,1,28.02324357281502,right,False
sparse,0.9,10,11,0,4.130610599550777,left,False
sparse,0.9,10,11,1,32.11144973266265,right,False
sparse,0.9,10,12,0,3.4800497333438467,left,False
sparse,0.9,10,12,1,36.73331886663825,right,False
sparse,0.9,10,13,0,2.9084376624113077,left,False
sparse,0.9,10,13,1,41.938442581937025,down,False
sparse,0.9,10,14,0,2.4087853073201044,left,False
sparse,0.9,10,14,1,44.47656112053696,down,False
sparse,0.9,10,15,0,1.973077309990218,left,False
sparse,0.9,10,15,1,40.526129655929594,down,False
sparse,0.9,10,16,0,1.5935832398745269,left,False
sparse,0.9,10,16,1,36.26187576596635,down,False
sparse,0.9,11,1,0,17.76128860157077,down,False
sparse,0.9,11,1,1,9.419034311665271,down,False
sparse,0.9,11,2,0,20.313960931115712,down,False
sparse,0.9,11,2,1,10.609781935410771,down,False
sparse,0.9,11,7,0,9.094741938323153,down,False
sparse,0.9,11,7,1,21.297594199853155,down,False
sparse,0.9,11,8,0,7.895296339259266,down,False
sparse,0.9,11,8,1,23.815716094551206,down,False
sparse,0.9,11,9,0,6.600448440253213,left,False
sparse,0.9,11,9,1,26.690228889060474,right,False
sparse,0.9,11,10,0,5.494603302022549,left,False
sparse,0.9,11,10,1,30.945192273734477,right,False
sparse,0.9,11,11,0,4.5471091554019845,left,False
sparse,0.9,11,11,1,35.87226812159031,right,False
sparse,0.9,11,12,0,3.733102272407005,left,False
sparse,0.9,11,12,1,41.58851877042714,right,False
sparse,0.9,11,13,0,3.0678003482193272,left,False
sparse,0.9,11,13,1,48.23549080984897,down,False
sparse,0.9,11,14,0,2.513109160403606,left,False
sparse,0.9,11,14,1,51.603818915456884,down,False
sparse,0.9,11,15,0,2.0427277690618637,left,False
sparse,0.9,11,15,1,46.33287546686709,down,False
sparse,0.9,11,16,0,1.64084606837682,left,False
sparse,0.9,11,16,1,41.02910455277183,down,False
sparse,0.9,12,1,0,20.172939088373592,right,False
sparse,0.9,12,1,1,10.842278957539483,right,False
sparse,0.9,12,2,1,12.496095101630454,right,False
sparse,0.9,12,3,0,20.310740719558595,left,False
sparse,0.9,12,3,1,14.414415319901211,right,False
sparse,0.9,12,4,0,17.388382309987243,left,False
sparse,0.9,12,4,1,16.467282263185737,right,False
sparse,0.9,12,5,0,14.875380368894305,left,False
sparse,0.9,12,5,1,18.766622505986994,right,False
sparse,0.9,12,6,0,12.709510281102146,left,False
sparse,0.9,12,6,1,21.337209511136244,right,False
sparse,0.9,12,7,0,10.771720129639911,left,False
sparse,0.9,12,7,1,24.204717046328838,down,False
sparse,0.9,12,8,0,9.142679451649157,left,False
sparse,0.9,12,8,1,27.217794467429137,down,False
sparse,0.9,12,13,0,2.424525805214062,up,False
sparse,0.9,12,13,1,55.483583914054734,down,False
sparse,0.9,12,14,0,2.0833581336320095,up,False
sparse,0.9,12,14,1,59.989813820211715,down,False
sparse,0.9,12,15,0,1.7301357296905289,left,False
sparse,0.9,12,15,1,52.91098938156459,down,False
sparse,0.9,12,16,0,1.4073287007063393,left,False
sparse,0.9,12,16,1,46.32850882083934,left,False
sparse,0.9,13,1,0,17.747051567314376,up,False
sparse,0.9,13,1,1,12.193082181285346,right,False
sparse,0.9,13,2,0,20.170008695856616,up,False
sparse,0.9,13,2,1,14.031507745717894,right,False
sparse,0.9,13,3,0,17.728728684715485,up,False
sparse,0.9,13,3,1,16.118607906848567,right,False
sparse,0.9,13,4,0,15.441050933402247,left,False
sparse,0.9,13,4,1,18.480651724315383,right,False
sparse,0.9,13,5,0,13.410676361144477,left,False
sparse,0.9,13,5,1,21.164840360334125,right,False
sparse,0.9,13,6,0,11.615338779989475,left,False
sparse,0.9,13,6,1,24.216270908635778,right,False
sparse,0.9,13,7,0,10.026066142192043,left,False
sparse,0.9,13,7,1,27.687175955913823,right,False
sparse,0.9,13,8,0,8.627380975278742,left,False
sparse,0.9,13,8,1,31.638567265542942,down,False
sparse,0.9,13,9,0,7.265249152973944,left,False
sparse,0.9,13,9,1,36.0405387394325,down,False
sparse,0.9,13,10,0,6.044482897286937,left,False
sparse,0.9,13,10,1,43.55332030556073,right,False
sparse,0.9,13,11,0,3.2702271905850577,down,False
sparse,0.9,13,11,1,49.357748081941374,right,False
sparse,0.9,13,12,0,2.9563881778527596,down,False
sparse,0.9,13,12,1,55.76874390629731,right,False
sparse,0.9,13,13,0,2.509269360250775,left,False
sparse,0.9,13,13,1,62.89024738607049,down,False
sparse,0.9,13,14,0,2.101755573549823,left,False
sparse,0.9,13,14,1,69.90875308834163,down,False
sparse,0.9,13,15,0,1.6252486028879343,left,False
sparse,0.9,13,15,1,60.336583810930534,left,False
sparse,0.9,13,16,0,1.26616476861383,left,False
sparse,0.9,13,16,1,51.555300626259715,left,False
sparse,0.9,14,1,0,15.534799060817326,up,False
sparse,0.9,14,1,1,13.495461090998967,right,False
sparse,0.9,14,2,0,17.208777965304595,up,False
sparse,0.9,14,2,1,15.57179437377982,right,False
sparse,0.9,14,3,0,15.424886542380808,up,False
sparse,0.9,14,3,1,17.947125406115347,right,False
sparse,0.9,14,4,0,13.460131916758263,up,False
sparse,0.9,14,4,1,20.665680679867755,right,False
sparse,0.9,14,5,0,11.714838398826343,left,False
sparse,0.9,14,5,1,23.779214228639255,right,False
sparse,0.9,14,6,0,10.175509718513997,left,False
sparse,0.9,14,6,1,27.34617071528403,right,False
sparse,0.9,14,7,0,8.817415654800305,left,False
sparse,0.9,14,7,1,31.433144339481196,right,False
sparse,0.9,14,8,0,7.619691136133845,left,False
sparse,0.9,14,8,1,36.115379087446904,right,False
sparse,0.9,14,9,0,6.5518047445065974,left,False
sparse,0.9,14,9,1,41.47676230282385,right,False
sparse,0.9,14,10,0,5.105556070998574,left,False
sparse,0.9,14,10,1,47.6215873229165,right,False
sparse,0.9,14,11,0,4.236317769197895,left,False
sparse,0.9,14,11,1,55.02283491147329,right,False
sparse,0.9,14,12,0,3.522546511496576,left,False
sparse,0.9,14,12,1,62.87309818621995,right,False
sparse,0.9,14,13,0,2.916250552528025,left,False
sparse,0.9,14,13,1,71.7767675785458,right,False
sparse,0.9,14,14,0,2.3064378015820464,left,False
sparse,0.9,14,14,1,81.83102538973822,down,False
sparse,0.9,14,16,0,0.7702910163438508,up,False
sparse,0.9,14,16,1,44.92660542793536,up,False
sparse,0.9,15,1,0,13.537638811650051,up,False
sparse,0.9,15,1,1,14.293241617353507,right,False
sparse,0.9,15,2,0,14.713288831256314,up,False
sparse,0.9,15,2,1,16.52253760291289,right,False
sparse,0.9,15,3,0,13.384235590983316,up,False
sparse,0.9,15,3,1,19.079562277713283,right,False
sparse,0.9,15,4,0,11.71245872951184,up,False
sparse,0.9,15,4,1,22.015419778434538,right,False
sparse,0.9,15,5,0,10.184250513971008,up,False
sparse,0.9,15,5,1,25.390396457829823,right,False
sparse,0.9,15,6,0,8.83828423511085,left,False
sparse,0.9,15,6,1,29.27602676755943,right,False
sparse,0.9,15,7,0,7.652252274143817,left,False
sparse,0.9,15,7,1,33.75806178319089,right,False
sparse,0.9,15,8,0,6.607639743361543,left,False
sparse,0.9,15,8,1,38.94043528349854,right,False
sparse,0.9,15,9,0,5.68616336358415,left,False
sparse,0.9,15,9,1,44.9507882641672,right,False
sparse,0.9,15,10,0,4.825035491088875,left,False
sparse,0.9,15,10,1,51.94830399061404,right,False
sparse,0.9,15,11,0,4.066632788069628,left,False
sparse,0.9,15,11,1,60.13340988911327,right,False
sparse,0.9,15,12,0,3.403586462970471,left,False
sparse,0.9,15,12,1,69.71820642333556,right,False
sparse,0.9,15,13,0,2.8242535758657805,left,False
sparse,0.9,15,13,1,81.09230036875465,right,False
sparse,0.9,15,14,1,94.71711669804534,right,False
sparse,0.9,15,15,1,0.0,,True
sparse,0.9,16,1,0,11.747825609434841,up,False
sparse,0.9,16,1,1,14.249144945181296,right,False
sparse,0.9,16,2,0,12.593570668862977,up,False
sparse,0.9,16,2,1,16.486569659101615,right,False
sparse,0.9,16,3,0,11.585537838992156,up,False
sparse,0.9,16,3,1,19.035763896555984,right,False
sparse,0.9,16,4,0,10.17185392540556,up,False
sparse,0.9,16,4,1,21.9380340845441,right,False
sparse,0.9,16,5,0,8.846502607197138,left,False
sparse,0.9,16,5,1,25.239198940105588,right,False
sparse,0.9,16,6,0,7.66475544872738,left,False
sparse,0.9,16,6,1,28.989632436515837,right,False
sparse,0.9,16,7,0,6.612446843688635,left,False
sparse,0.9,16,7,1,33.244059872429254,right,False
sparse,0.9,16,8,0,5.691621152510534,up,False
sparse,0.9,16,8,1,38.060929060310336,right,False
sparse,0.9,16,9,0,4.877781348424951,up,False
sparse,0.9,16,9,1,43.501119818566025,right,False
sparse,0.9,16,10,0,4.127753587982378,left,False
sparse,0.9,16,10,1,49.62562234877782,right,False
sparse,0.9,16,11,0,3.459318169531405,left,False
sparse,0.9,16,11,1,56.49162358087854,right,False
sparse,0.9,16,12,0,2.8731296613960846,up,False
sparse,0.9,16,12,1,64.14634801191565,right,False
sparse,0.9,16,13,0,2.3467641422168803,up,False
sparse,0.9,16,13,1,72.622969601032,right,False
sparse,0.9,16,14,0,1.7191099785318948,left,False
sparse,0.9,16,14,1,81.91471569965442,up,False
sparse,0.9,16,16,0,-9.999991791689899,up,False
sparse,0.9,16,16,1,-9.999991791689899,up,False
sparse,0.99,1,1,0,73.38817668707972,down,False
sparse,0.99,1,1,1,71.07711343424108,right,False
sparse,0.99,1,2,0,72.69431194649408,down,False
sparse,0.99,1,2,1,72.1120596328348,right,False
sparse,0.99,1,3,0,71.71861318609592,down,False
sparse,0.99,1,3,1,73.15174883178847,right,False
sparse,0.99,1,4,0,71.27877382874469,down,False
sparse,0.99,1,4,1,74.1954117032332,right,False
sparse,0.99,1,5,0,72.04749749086506,down,False
sparse,0.99,1,5,1,75.24301906347854,right,False
sparse,0.99,1,6,0,73.04805236975037,down,False
sparse,0.99,1,6,1,76.30010578959133,down,False
sparse,0.99,1,7,0,74.01814158706947,down,False
sparse,0.99,1,7,1,77.31796507731406,down,False
sparse,0.99,1,8,0,74.62834348219887,down,False
sparse,0.99,1,8,1,77.98908381409498,down,False
sparse,0.99,1,9,0,74.01703588953039,down,False
sparse,0.99,1,9,1,77.53142094940151,down,False
sparse,0.99,1,10,0,73.04346599988307,down,False
sparse,0.99,1,10,1,77.18049852633105,down,False
sparse,0.99,1,11,0,72.02277094104164,left,False
sparse,0.99,1,11,1,77.72125599064492,down,False
sparse,0.99,1,12,0,71.01200701670413,left,False
sparse,0.99,1,12,1,78.14771672585553,down,False
sparse,0.99,1,13,0,70.0057622874018,left,False
sparse,0.99,1,13,1,78.16866975156242,down,False
sparse,0.99,1,14,0,69.00509185991345,left,False
sparse,0.99,1,14,1,79.0859142848836,down,False
sparse,0.99,1,15,0,68.011199088034,left,False
sparse,0.99,1,15,1,79.22563348233825,down,False
sparse,0.99,1,16,0,67.02513985774178,left,False
sparse,0.99,1,16,1,78.66029702376599,down,False
sparse,0.99,2,1,0,74.64142716206553,down,False
sparse,0.99,2,1,1,71.89624217218221,right,False
sparse,0.99,2,2,0,73.77366129930515,down,False
sparse,0.99,2,2,1,72.99778438795636,right,False
sparse,0.99,2,3,0,72.68343143225667,left,False
sparse,0.99,2,3,1,74.11070331798689,right,False
sparse,0.99,2,4,0,72.15395059561305,down,False
sparse,0.99,2,4,1,75.2282307710919,right,False
sparse,0.99,2,5,0,73.05447183991672,right,False
sparse,0.99,2,5,1,76.30582212967515,right,False
sparse,0.99,2,6,0,74.10044709726623,down,False
sparse,0.99,2,6,1,77.39465701976368,down,False
sparse,0.99,2,7,0,75.12396262339203,down,False
sparse,0.99,2,7,1,78.46380720523878,down,False
sparse,0.99,2,8,0,75.84957185860542,down,False
sparse,0.99,2,8,1,79.24115479476026,down,False
sparse,0.99,2,9,0,75.12313983687407,down,False
sparse,0.99,2,9,1,78.6232731031557,down,False
sparse,0.99,2,10,0,74.09788525714194,down,False
sparse,0.99,2,10,1,78.16980241068995,down,False
sparse,0.99,2,11,0,73.05142975728403,left,False
sparse,0.99,2,11,1,78.84313469782632,down,False
sparse,0.99,2,12,0,72.01801754288321,left,False
sparse,0.99,2,12,1,79.31138141082954,down,False
sparse,0.99,2,13,0,70.94628549211446,left,False
sparse,0.99,2,13,1,79.16987409280209,right,False
sparse,0.99,2,14,0,69.88913165817956,left,False
sparse,0.99,2,14,1,80.30792710192856,down,False
sparse,0.99,2,15,0,68.84906692189074,left,False
sparse,0.99,2,15,1,80.44035172068428,down,False
sparse,0.99,2,16,0,67.82607408184236,left,False
sparse,0.99,2,16,1,79.82271452482533,down,False
sparse,0.99,3,1,0,75.93223914695683,down,False
sparse,0.99,3,1,1,72.17538087808998,right,False
sparse,0.99,3,2,0,74.85921754856976,left,False
sparse,0.99,3,2,1,73.36377228747573,right,False
sparse,0.99,3,3,0,73.2782725028635,left,False
sparse,0.99,3,3,1,74.62546881752569,right,False
sparse,0.99,3,4,0,73.01249769149985,right,False
sparse,0.99,3,4,1,76.24923116938467,right,False
sparse,0.99,3,5,0,74.08298472006281,right,False
sparse,0.99,3,5,1,77.37570588624162,right,False
sparse,0.99,3,6,0,75.16512889570537,down,False
sparse,0.99,3,6,1,78.50058549950404,right,False
sparse,0.99,3,7,0,76.23599841762719,down,False
sparse,0.99,3,7,1,79.61724979242538,down,False
sparse,0.99,3,8,0,77.11503625636244,down,False
sparse,0.99,3,8,1,80.54234071241062,down,False
sparse,0.99,3,9,0,76.23527977577662,down,False
sparse,0.99,3,9,1,79.72170244926278,down,False
sparse,0.99,3,10,0,75.16237735772762,down,False
sparse,0.99,3,10,1,79.14220711918274,down,False
sparse,0.99,3,11,0,74.09747788347958,left,False
sparse,0.99,3,11,1,79.99052714582812,down,False
sparse,0.99,3,12,0,73.04137859051058,left,False
sparse,0.99,3,12,1,80.5152696219158,down,False
sparse,0.99,3,13,0,71.48934476462796,left,False
sparse,0.99,3,13,1,80.07371235020187,right,False
sparse,0.99,3,14,0,70.3855500433685,left,False
sparse,0.99,3,14,1,81.57388225554722,down,False
sparse,0.99,3,15,0,69.33096907976923,left,False
sparse,0.99,3,15,1,81.67603308034802,down,False
sparse,0.99,3,16,0,68.30428518978243,left,False
sparse,0.99,3,16,1,80.99327142237357,down,False
sparse,0.99,4,1,0,77.26500622992386,down,False
sparse,0.99,4,1,1,71.24793183195109,right,False
sparse,0.99,4,2,0,75.93223914695683,left,False
sparse,0.99,4,2,1,72.05677100593626,up,False
sparse,0.99,4,3,0,74.58699487477614,left,False
sparse,0.99,4,3,1,75.64765760497296,right,False
sparse,0.99,4,4,0,73.69224933580205,right,False
sparse,0.99,4,4,1,76.97047738528484,right,False
sparse,0.99,4,5,0,74.94757497487267,right,False
sparse,0.99,4,5,1,78.27238161410676,right,False
sparse,0.99,4,6,0,76.24185551145713,right,False
sparse,0.99,4,6,1,79.61265271663166,right,False
sparse,0.99,4,7,0,77.34881574188444,down,False
sparse,0.99,4,7,1,80.77272739576493,down,False
sparse,0.99,4,8,0,78.43482287274679,down,False
sparse,0.99,4,8,1,81.9037682329337,down,False
sparse,0.99,4,9,0,77.34825230805771,down,False
sparse,0.99,4,9,1,80.82440936102908,down,False
sparse,0.99,4,10,0,76.23665953214804,left,False
sparse,0.99,4,10,1,80.08926311776354,down,False
sparse,0.99,4,11,0,75.11902495139576,left,False
sparse,0.99,4,11,1,81.16721836926685,down,False
sparse,0.99,4,12,0,74.00396333383131,left,False
sparse,0.99,4,12,1,81.77892665632427,down,False
sparse,0.99,4,13,0,72.79687532549728,left,False
sparse,0.99,4,13,1,83.02404109718246,down,False
sparse,0.99,4,14,0,70.17136318811478,down,False
sparse,0.99,4,14,1,82.90487052768027,down,False
sparse,0.99,4,15,0,69.3894527288302,down,False
sparse,0.99,4,15,1,82.93167281090133,down,False
sparse,0.99,4,16,0,68.47854893437179,left,False
sparse,0.99,4,16,1,82.1704675209648,down,False
sparse,0.99,5,1,0,78.64706936567255,down,False
sparse,0.99,5,1,1,72.05663119513797,down,False
sparse,0.99,5,6,0,77.17419882030117,right,False
sparse,0.99,5,6,1,80.49590560338304,right,False
sparse,0.99,5,7,0,78.4543239669801,right,False
sparse,0.99,5,7,1,81.92247692141157,right,False
sparse,0.99,5,8,0,77.55432973169313,up,False
sparse,0.99,5,8,1,80.98899706286699,up,False
sparse,0.99,5,9,0,78.45426205804685,left,False
sparse,0.99,5,9,1,81.92815562791672,left,False
sparse,0.99,5,10,0,77.12897318940706,left,False
sparse,0.99,5,10,1,81.00011612684877,right,False
sparse,0.99,5,11,0,75.79737668151537,left,False
sparse,0.99,5,11,1,82.37660048185877,down,False
sparse,0.99,5,12,0,74.53130395823536,left,False
sparse,0.99,5,12,1,83.47726258730529,down,False
sparse,0.99,5,13,0,72.81102255964358,left,False
sparse,0.99,5,13,1,84.36912269692677,down,False
sparse,0.99,5,14,0,71.57186453375802,left,False
sparse,0.99,5,14,1,84.67835208431816,down,False
sparse,0.99,5,15,0,70.4079689756364,left,False
sparse,0.99,5,15,1,84.20355346475436,down,False
sparse,0.99,5,16,0,69.29270847828087,left,False
sparse,0.99,5,16,1,83.35272175266421,down,False
sparse,0.99,6,1,0,79.99362327180478,down,False
sparse,0.99,6,1,1,73.31997249810688,right,False
sparse,0.99,6,2,0,79.33350319952268,down,False
sparse,0.99,6,2,1,74.47068656169844,right,False
sparse,0.99,6,3,0,79.52959414184164,down,False
sparse,0.99,6,3,1,75.59869189628216,right,False
sparse,0.99,6,4,0,78.65284626622748,down,False
sparse,0.99,6,4,1,76.74273450390031,right,False
sparse,0.99,6,5,0,77.58853389141291,down,False
sparse,0.99,6,5,1,77.91090920552047,right,False
sparse,0.99,6,6,0,76.67101558402705,left,False
sparse,0.99,6,6,1,79.10758851190444,up,False
sparse,0.99,6,11,0,74.48935803350284,up,False
sparse,0.99,6,11,1,83.57744948125949,down,False
sparse,0.99,6,12,0,73.46857834773613,up,False
sparse,0.99,6,12,1,84.68363130379485,down,False
sparse,0.99,6,13,0,72.37716330804979,left,False
sparse,0.99,6,13,1,85.63348086418694,down,False
sparse,0.99,6,14,0,71.29868394845397,left,False
sparse,0.99,6,14,1,85.97178932362591,down,False
sparse,0.99,6,15,0,70.2373378257155,left,False
sparse,0.99,6,15,1,85.43999640769331,down,False
sparse,0.99,6,16,0,69.19414853610147,left,False
sparse,0.99,6,16,1,84.53870013401485,down,False
sparse,0.99,7,1,0,81.32605776659516,down,False
sparse,0.99,7,1,1,73.79376013053594,right,False
sparse,0.99,7,2,0,80.35442509541878,down,False
sparse,0.99,7,2,1,74.88812737610917,right,False
sparse,0.99,7,3,0,80.79412316254086,down,False
sparse,0.99,7,3,1,76.00177445920374,right,False
sparse,0.99,7,4,0,79.79564594815061,down,False
sparse,0.99,7,4,1,77.06832017416126,right,False
sparse,0.99,7,5,0,78.6761004649466,left,False
sparse,0.99,7,5,1,78.12645548227897,right,False
sparse,0.99,7,6,0,77.58233392745666,left,False
sparse,0.99,7,6,1,79.16770780065345,right,False
sparse,0.99,7,7,0,76.49383113833287,left,False
sparse,0.99,7,7,1,80.1888986417959,right,False
sparse,0.99,7,8,0,75.43415902036121,left,False
sparse,0.99,7,8,1,81.31149728566446,right,False
sparse,0.99,7,9,0,74.45139955994765,down,False
sparse,0.99,7,9,1,82.44219299498819,right,False
sparse,0.99,7,10,0,73.5094444852904,down,False
sparse,0.99,7,10,1,83.58327993798719,right,False
sparse,0.99,7,11,0,73.34519381953146,up,False
sparse,0.99,7,11,1,84.73434657012514,down,False
sparse,0.99,7,12,0,72.44633588841872,left,False
sparse,0.99,7,12,1,85.8986732318127,down,False
sparse,0.99,7,13,0,71.53290932563682,left,False
sparse,0.99,7,13,1,86.91741694706094,down,False
sparse,0.99,7,14,0,70.60965676400487,left,False
sparse,0.99,7,14,1,87.29231701225982,down,False
sparse,0.99,7,15,0,69.68071929244385,left,False
sparse,0.99,7,15,1,86.69123478710463,down,False
sparse,0.99,7,16,0,68.74948322005018,left,False
sparse,0.99,7,16,1,85.73334491967894,down,False
sparse,0.99,8,1,0,82.71425500411083,down,False
sparse,0.99,8,1,1,73.97662597318066,right,False
sparse,0.99,8,2,0,81.31884745383118,left,False
sparse,0.99,8,2,1,74.97094984658234,right,False
sparse,0.99,8,3,0,82.12028551670136,down,False
sparse,0.99,8,3,1,76.55953922763732,right,False
sparse,0.99,8,4,0,80.94456289018856,left,False
sparse,0.99,8,4,1,77.72360319505222,right,False
sparse,0.99,8,5,0,79.76448503799442,left,False
sparse,0.99,8,5,1,78.91364538196865,right,False
sparse,0.99,8,6,0,78.59022036767941,left,False
sparse,0.99,8,6,1,80.06513953204586,right,False
sparse,0.99,8,7,0,77.43165035446702,left,False
sparse,0.99,8,7,1,81.22719016173588,right,False
sparse,0.99,8,8,0,76.49558601803854,down,False
sparse,0.99,8,8,1,82.39840608437389,right,False
sparse,0.99,8,9,0,75.51260456172744,down,False
sparse,0.99,8,9,1,83.5601836121061,right,False
sparse,0.99,8,10,0,74.46664361202266,down,False
sparse,0.99,8,10,1,84.73669434936716,right,False
sparse,0.99,8,11,0,73.51057466066233,left,False
sparse,0.99,8,11,1,85.92882980595323,down,False
sparse,0.99,8,12,0,72.56114269620122,left,False
sparse,0.99,8,12,1,87.12771293385262,down,False
sparse,0.99,8,13,0,71.61689024759863,left,False
sparse,0.99,8,13,1,88.2216021627497,down,False
sparse,0.99,8,14,0,70.67699865862183,left,False
sparse,0.99,8,14,1,88.64275314466846,down,False
sparse,0.99,8,15,0,69.74115849097134,left,False
sparse,0.99,8,15,1,87.95668466646804,down,False
sparse,0.99,8,16,0,68.80942257939995,left,False
sparse,0.99,8,16,1,86.93599940493354,down,False
sparse,0.99,9,1,0,84.17295184441234,down,False
sparse,0.99,9,1,1,74.68738830065018,down,False
sparse,0.99,9,2,0,85.2936303649389,down,False
sparse,0.99,9,2,1,75.87747644503796,down,False
sparse,0.99,9,3,0,83.5305655210144,down,False
sparse,0.99,9,3,1,76.54818005752301,right,False
sparse,0.99,9,4,0,81.87401830398146,left,False
sparse,0.99,9,4,1,77.71951874031396,right,False
sparse,0.99,9,5,0,80.47936649429647,left,False
sparse,0.99,9,5,1,79.47005838224946,right,False
sparse,0.99,9,6,0,79.15249655322832,left,False
sparse,0.99,9,6,1,80.76365506753893,right,False
sparse,0.99,9,7,0,77.93238929868669,left,False
sparse,0.99,9,7,1,82.1106219936762,right,False
sparse,0.99,9,8,0,77.5935666431001,down,False
sparse,0.99,9,8,1,83.52426699298046,right,False
sparse,0.99,9,9,0,76.60018160145376,down,False
sparse,0.99,9,9,1,84.71661192831783,right,False
sparse,0.99,9,10,0,75.52190513763392,left,False
sparse,0.99,9,10,1,85.9223881736511,right,False
sparse,0.99,9,11,0,74.4628154727954,left,False
sparse,0.99,9,11,1,87.13920894559908,right,False
sparse,0.99,9,12,0,73.42000315154738,left,False
sparse,0.99,9,12,1,88.36719718301899,down,False
sparse,0.99,9,13,0,72.39098190878005,left,False
sparse,0.99,9,13,1,89.54586618810114,down,False
sparse,0.99,9,14,0,71.37439962512347,left,False
sparse,0.99,9,14,1,90.02664488456554,down,False
sparse,0.99,9,15,0,70.36953882213048,left,False
sparse,0.99,9,15,1,89.2353385909816,down,False
sparse,0.99,9,16,0,69.37602238147147,left,False
sparse,0.99,9,16,1,88.14598949730402,down,False
sparse,0.99,10,1,0,85.95424268394768,down,False
sparse,0.99,10,1,1,76.34023572074122,down,False
sparse,0.99,10,2,0,86.857300689093,down,False
sparse,0.99,10,2,1,77.02671108280151,down,False
sparse,0.99,10,3,0,85.316879170191,left,False
sparse,0.99,10,3,1,75.90835183493184,left,False
sparse,0.99,10,4,0,83.78079480009484,left,False
sparse,0.99,10,4,1,77.52116954810307,right,False
sparse,0.99,10,5,0,79.17636342203744,up,False
sparse,0.99,10,5,1,78.71507753478508,right,False
sparse,0.99,10,6,0,78.10511589237615,up,False
sparse,0.99,10,6,1,79.85448116035184,right,False
sparse,0.99,10,7,0,79.82299638358903,down,False
sparse,0.99,10,7,1,83.34046931062007,right,False
sparse,0.99,10,8,0,78.78136631816439,down,False
sparse,0.99,10,8,1,84.55826407474436,right,False
sparse,0.99,10,9,0,77.70422966560744,down,False
sparse,0.99,10,9,1,85.79416482007734,right,False
sparse,0.99,10,10,0,76.58953122921505,left,False
sparse,0.99,10,10,1,87.06264594090182,right,False
sparse,0.99,10,11,0,75.4739364887248,left,False
sparse,0.99,10,11,1,88.33772349352192,right,False
sparse,0.99,10,12,0,74.36262798151,left,False
sparse,0.99,10,12,1,89.61537215250335,right,False
sparse,0.99,10,13,0,73.25522503274995,left,False
sparse,0.99,10,13,1,90.8899947265281,down,False
sparse,0.99,10,14,0,72.1587786481425,left,False
sparse,0.99,10,14,1,91.44861819625801,down,False
sparse,0.99,10,15,0,71.07716796390432,left,False
sparse,0.99,10,15,1,90.52556538784911,down,False
sparse,0.99,10,16,0,70.0122706968033,left,False
sparse,0.99,10,16,1,89.36267426333805,down,False
sparse,0.99,11,1,0,87.16654026517253,down,False
sparse,0.99,11,1,1,77.45821715554352,down,False
sparse,0.99,11,2,0,88.38568134537027,down,False
sparse,0.99,11,2,1,78.35113751867408,down,False
sparse,0.99,11,7,0,81.30206394538574,down,False
sparse,0.99,11,7,1,84.25628874796543,down,False
sparse,0.99,11,8,0,80.19036482049447,down,False
sparse,0.99,11,8,1,85.256394999374,right,False
sparse,0.99,11,9,0,78.81630152577888,left,False
sparse,0.99,11,9,1,86.40004700989525,right,False
sparse,0.99,11,10,0,77.48598712553736,left,False
sparse,0.99,11,10,1,87.80659095798985,right,False
sparse,0.99,11,11,0,76.19403053918909,left,False
sparse,0.99,11,11,1,89.24815215277725,right,False
sparse,0.99,11,12,0,74.936262327644,left,False
sparse,0.99,11,12,1,90.72872533307276,right,False
sparse,0.99,11,13,0,73.66986325681607,left,False
sparse,0.99,11,13,1,92.25335818434434,down,False
sparse,0.99,11,14,0,72.47045312441725,left,False
sparse,0.99,11,14,1,92.91474462744276,down,False
sparse,0.99,11,15,0,71.32152455741935,left,False
sparse,0.99,11,15,1,91.82480736660239,down,False
sparse,0.99,11,16,0,70.21138842045845,left,False
sparse,0.99,11,16,1,90.58552845690723,down,False
sparse,0.99,12,1,0,88.35463424965756,right,False
sparse,0.99,12,1,1,78.56450889241916,right,False
sparse,0.99,12,2,1,79.69193359334157,right,False
sparse,0.99,12,3,0,88.3842119898224,left,False
sparse,0.99,12,3,1,80.86017788832694,right,False
sparse,0.99,12,4,0,86.92140945595877,left,False
sparse,0.99,12,4,1,81.99011000407306,right,False
sparse,0.99,12,5,0,85.49975424524933,left,False
sparse,0.99,12,5,1,83.12943924887689,right,False
sparse,0.99,12,6,0,84.1146923377443,left,False
sparse,0.99,12,6,1,84.27786382524869,right,False
sparse,0.99,12,7,0,82.70746653732775,left,False
sparse,0.99,12,7,1,85.43501648608438,down,False
sparse,0.99,12,8,0,81.36192757430452,left,False
sparse,0.99,12,8,1,86.42716792057838,down,False
sparse,0.99,12,13,0,72.40481025333091,up,False
sparse,0.99,12,13,1,93.65234174021879,down,False
sparse,0.99,12,14,0,71.5171953419476,left,False
sparse,0.99,12,14,1,94.43308868421595,down,False
sparse,0.99,12,15,0,70.5887480247915,left,False
sparse,0.99,12,15,1,93.12914183238856,left,False
sparse,0.99,12,16,0,69.63157749493713,left,False
sparse,0.99,12,16,1,91.81427425553,left,False
sparse,0.99,13,1,0,87.16298340887833,up,False
sparse,0.99,13,1,1,79.59731301104857,right,False
sparse,0.99,13,2,0,88.35331036030894,up,False
sparse,0.99,13,2,1,80.74656658018071,right,False
sparse,0.99,13,3,0,87.15316764548943,up,False
sparse,0.99,13,3,1,81.90760761774465,right,False
sparse,0.99,13,4,0,85.91812145332817,left,False
sparse,0.99,13,4,1,83.07649725817505,right,False
sparse,0.99,13,5,0,84.6820432914171,left,False
sparse,0.99,13,5,1,84.25814761253638,right,False
sparse,0.99,13,6,0,83.4498225663651,left,False
sparse,0.99,13,6,1,85.45274999565908,right,False
sparse,0.99,13,7,0,82.21945328526324,left,False
sparse,0.99,13,7,1,86.66062922127209,right,False
sparse,0.99,13,8,0,80.99765615668653,left,False
sparse,0.99,13,8,1,87.88233795999844,down,False
sparse,0.99,13,9,0,79.6567818133824,left,False
sparse,0.99,13,9,1,88.77310744373649,down,False
sparse,0.99,13,10,0,78.29643122013997,left,False
sparse,0.99,13,10,1,91.14409472946087,right,False
sparse,0.99,13,11,0,74.59909095396438,down,False
sparse,0.99,13,11,1,92.45298801817148,right,False
sparse,0.99,13,12,0,73.64855617108886,down,False
sparse,0.99,13,12,1,93.71249332609935,right,False
sparse,0.99,13,13,0,72.67640673547078,left,False
sparse,0.99,13,13,1,94.97712642449461,down,False
sparse,0.99,13,14,0,71.6970784039617,left,False
sparse,0.99,13,14,1,96.0122750132927,down,False
sparse,0.99,13,15,0,70.5686705331765,left,False
sparse,0.99,13,15,1,94.41898651713016,left,False
sparse,0.99,13,16,0,69.43799601693802,left,False
sparse,0.99,13,16,1,92.80834956610546,left,False
sparse,0.99,14,1,0,85.95481274780465,up,False
sparse,0.99,14,1,1,80.48632221410038,right,False
sparse,0.99,14,2,0,86.89094369636709,up,False
sparse,0.99,14,2,1,81.67919112309242,right,False
sparse,0.99,14,3,0,85.91510534312859,up,False
sparse,0.99,14,3,1,82.88751695278411,right,False
sparse,0.99,14,4,0,84.72316305010715,up,False
sparse,0.99,14,4,1,84.11134806710092,right,False
sparse,0.99,14,5,0,83.5395497990049,left,False
sparse,0.99,14,5,1,85.35106192258151,right,False
sparse,0.99,14,6,0,82.36656301137431,left,False
sparse,0.99,14,6,1,86.60629427991871,right,False
sparse,0.99,14,7,0,81.20358207582446,left,False
sparse,0.99,14,7,1,87.87627196798947,right,False
sparse,0.99,14,8,0,80.05069015052405,left,False
sparse,0.99,14,8,1,89.1595934724275,right,False
sparse,0.99,14,9,0,78.89511856325053,left,False
sparse,0.99,14,9,1,90.45390228217175,right,False
sparse,0.99,14,10,0,77.24154881966922,left,False
sparse,0.99,14,10,1,91.79861455406484,right,False
sparse,0.99,14,11,0,75.94259747756655,left,False
sparse,0.99,14,11,1,93.63482313234147,right,False
sparse,0.99,14,12,0,74.70742664120553,left,False
sparse,0.99,14,12,1,94.98052887490677,right,False
sparse,0.99,14,13,0,73.5219599281681,left,False
sparse,0.99,14,13,1,96.33128075618029,right,False
sparse,0.99,14,14,0,72.29456495571738,left,False
sparse,0.99,14,14,1,97.67936847483817,down,False
sparse,0.99,14,16,0,68.22305841074179,up,False
sparse,0.99,14,16,1,91.30201104283732,up,False
sparse,0.99,15,1,0,84.73886559133173,up,False
sparse,0.99,15,1,1,80.97241269209461,right,False
sparse,0.99,15,2,0,85.48996163160217,up,False
sparse,0.99,15,2,1,82.2057333843386,right,False
sparse,0.99,15,3,0,84.67865182361199,up,False
sparse,0.99,15,3,1,83.4593548432673,right,False
sparse,0.99,15,4,0,83.53921404369218,up,False
sparse,0.99,15,4,1,84.73468480663668,right,False
sparse,0.99,15,5,0,82.37658967141154,left,False
sparse,0.99,15,5,1,86.03353777014922,right,False
sparse,0.99,15,6,0,81.22936501507351,left,False
sparse,0.99,15,6,1,87.35822860303841,right,False
sparse,0.99,15,7,0,80.09634641994874,left,False
sparse,0.99,15,7,1,88.71183479718121,right,False
sparse,0.99,15,8,0,78.9766180500918,left,False
sparse,0.99,15,8,1,90.09849905967309,right,False
sparse,0.99,15,9,0,77.86818752030935,left,False
sparse,0.99,15,9,1,91.52385776184322,right,False
sparse,0.99,15,10,0,76.71988107859539,left,False
sparse,0.99,15,10,1,92.99564904074519,right,False
sparse,0.99,15,11,0,75.57556371662683,left,False
sparse,0.99,15,11,1,94.51917625875078,right,False
sparse,0.99,15,12,0,74.4412361417679,left,False
sparse,0.99,15,12,1,96.04664319927403,right,False
sparse,0.99,15,13,0,73.3203410254718,left,False
sparse,0.99,15,13,1,97.64126674831809,right,False
sparse,0.99,15,14,1,99.32110378910018,right,False
sparse,0.99,15,15,1,0.0,,True
sparse,0.99,16,1,0,83.52148928066583,up,False
sparse,0.99,16,1,1,80.78107022729782,right,False
sparse,0.99,16,2,0,84.13818478328466,up,False
sparse,0.99,16,2,1,82.01701441701763,right,False
sparse,0.99,16,3,0,83.44957305323028,up,False
sparse,0.99,16,3,1,83.26889189985273,right,False
sparse,0.99,16,4,0,82.36768197357985,up,False
sparse,0.99,16,4,1,84.5363579195503,right,False
sparse,0.99,16,5,0,81.24360321925082,left,False
sparse,0.99,16,5,1,85.81884430512346,right,False
sparse,0.99,16,6,0,80.12945714332845,left,False
sparse,0.99,16,6,1,87.11547787837304,right,False
sparse,0.99,16,7,0,79.02560305559496,left,False
sparse,0.99,16,7,1,88.42497593019357,right,False
sparse,0.99,16,8,0,77.93225616758079,left,False
sparse,0.99,16,8,1,89.74549453053467,right,False
sparse,0.99,16,9,0,76.84938673610945,left,False
sparse,0.99,16,9,1,91.0744181377577,right,False
sparse,0.99,16,10,0,75.77134575114276,left,False
sparse,0.99,16,10,1,92.40806669658738,right,False
sparse,0.99,16,11,0,74.69798739495131,left,False
sparse,0.99,16,11,1,93.74128641236294,right,False
sparse,0.99,16,12,0,73.62984283555656,left,False
sparse,0.99,16,12,1,95.06755127262963,right,False
sparse,0.99,16,13,0,72.56775725558548,left,False
sparse,0.99,16,13,1,96.38541164130197,right,False
sparse,0.99,16,14,0,71.31379519504203,left,False
sparse,0.99,16,14,1,97.68531626354743,up,False
sparse,0.99,16,16,0,-99.9999013657462,up,False
sparse,0.99,16,16,1,-99.9999013657462,up,False
shaped,0.5,1,1,0,0.4912324581606009,down,False
shaped,0.5,1,1,1,0.551632566227988,right,False
shaped,0.5,1,2,0,0.34982655735544166,down,False
shaped,0.5,1,2,1,0.587350268707581,down,False
shaped,0.5,1,3,0,0.5120946955675039,down,False
shaped,0.5,1,3,1,0.5887455827594817,down,False
shaped,0.5,1,4,0,0.5568091076608918,down,False
shaped,0.5,1,4,1,0.5990514480842267,down,False
shaped,0.5,1,5,0,0.578036133087998,down,False
shaped,0.5,1,5,1,0.5997510086872498,down,False
shaped,0.5,1,6,0,0.5897081706657233,down,False
shaped,0.5,1,6,1,0.5998950974694953,down,False
shaped,0.5,1,7,0,0.5952219140807907,down,False
shaped,0.5,1,7,1,0.5998153070026233,down,False
shaped,0.5,1,8,0,0.5977832419025736,down,False
shaped,0.5,1,8,1,0.5996167643520492,down,False
shaped,0.5,1,9,0,0.5989626192710381,down,False
shaped,0.5,1,9,1,0.5991544366603518,down,False
shaped,0.5,1,10,0,0.5994990378478317,down,False
shaped,0.5,1,10,1,0.5981361643746165,down,False
shaped,0.5,1,11,0,0.5997241720803002,down,False
shaped,0.5,1,11,1,0.5951963503684216,down,False
shaped,0.5,1,12,0,0.5993339497567053,down,False
shaped,0.5,1,12,1,0.587503882457302,down,False
shaped,0.5,1,13,0,0.5893690175352335,down,False
shaped,0.5,1,13,1,0.5815993621381859,down,False
shaped,0.5,1,14,0,0.5904352958424605,down,False
shaped,0.5,1,14,1,0.5757335825498265,down,False
shaped,0.5,1,15,0,0.5932162584669797,down,False
shaped,0.5,1,15,1,0.4240418697827022,down,False
shaped,0.5,1,16,0,0.5546818705482647,down,False
shaped,0.5,1,16,1,0.5155132517346656,down,False
shaped,0.5,2,1,0,0.4729487813347284,down,False
shaped,0.5,2,1,1,0.5822171457364715,right,False
shaped,0.5,2,2,0,0.24915051362115953,down,False
shaped,0.5,2,2,1,0.5758286895403062,right,False
shaped,0.5,2,3,0,0.4169072955724963,left,False
shaped,0.5,2,3,1,0.5735638554850999,right,False
shaped,0.5,2,4,0,0.5057564333160931,left,False
shaped,0.5,2,4,1,0.5990669749985117,right,False
shaped,0.5,2,5,0,0.5517756911178984,left,False
shaped,0.5,2,5,1,0.5995093371040013,right,False
shaped,0.5,2,6,0,0.5776131931998081,left,False
shaped,0.5,2,6,1,0.5997923596279524,right,False
shaped,0.5,2,7,0,0.5896183807942205,left,False
shaped,0.5,2,7,1,0.5995994019121434,right,False
shaped,0.5,2,8,0,0.5951850672252846,left,False
shaped,0.5,2,8,1,0.5991710046244486,down,False
shaped,0.5,2,9,0,0.5977462899121924,left,False
shaped,0.5,2,9,1,0.5981671132017468,right,False
shaped,0.5,2,10,0,0.5989117825599419,left,False
shaped,0.5,2,10,1,0.5960469293182252,down,False
shaped,0.5,2,11,0,0.5994563348112694,left,False
shaped,0.5,2,11,1,0.5897859749837671,down,False
shaped,0.5,2,12,0,0.5996982668670623,left,False
shaped,0.5,2,12,1,0.5716606187129679,right,False
shaped,0.5,2,13,0,0.5747014105550582,left,False
shaped,0.5,2,13,1,0.5585938300555107,right,False
shaped,0.5,2,14,0,0.5782651208523427,left,False
shaped,0.5,2,14,1,0.5636290406292859,down,False
shaped,0.5,2,15,0,0.5899010159821142,down,False
shaped,0.5,2,15,1,0.42369890357264994,down,False
shaped,0.5,2,16,0,0.5932174494002106,left,False
shaped,0.5,2,16,1,0.5213389811152254,left,False
shaped,0.5,3,1,0,0.4421095948301834,down,False
shaped,0.5,3,1,1,0.48608309727228693,right,False
shaped,0.5,3,2,0,0.011644286992929367,down,False
shaped,0.5,3,2,1,0.3407135916163215,right,False
shaped,0.5,3,3,0,-0.16715277758839475,left,False
shaped,0.5,3,3,1,0.08999914052070856,right,False
shaped,0.5,3,4,0,0.2230613126781984,left,False
shaped,0.5,3,4,1,0.5862144314893588,right,False
shaped,0.5,3,5,0,0.4114263652161584,left,False
shaped,0.5,3,5,1,0.5921000702355229,right,False
shaped,0.5,3,6,0,0.5483503066799537,down,False
shaped,0.5,3,6,1,0.5991578088865417,right,False
shaped,0.5,3,7,0,0.5762403327987282,left,False
shaped,0.5,3,7,1,0.5988069576331804,right,False
shaped,0.5,3,8,0,0.5889712300148529,left,False
shaped,0.5,3,8,1,0.5982067783760394,down,False
shaped,0.5,3,9,0,0.5944828721887118,left,False
shaped,0.5,3,9,1,0.59581529100394,right,False
shaped,0.5,3,10,0,0.5967665032749058,left,False
shaped,0.5,3,10,1,0.5916232859091494,down,False
shaped,0.5,3,11,0,0.5981085549761593,left,False
shaped,0.5,3,11,1,0.5785016982004143,down,False
shaped,0.5,3,12,0,0.5989809289602923,left,False
shaped,0.5,3,12,1,0.37695867065983263,down,False
shaped,0.5,3,13,0,0.10707338718691528,left,False
shaped,0.5,3,13,1,0.08124676426432986,right,False
shaped,0.5,3,14,0,0.37725601482100923,down,False
shaped,0.5,3,14,1,0.5362860762246303,down,False
shaped,0.5,3,15,0,0.5783172754548518,down,False
shaped,0.5,3,15,1,0.4236263890960433,down,False
shaped,0.5,3,16,0,0.5904591168697604,left,False
shaped,0.5,3,16,1,0.5216757784244265,left,False
shaped,0.5,4,1,0,0.3985548135236285,down,False
shaped,0.5,4,1,1,0.41373698750108706,down,False
shaped,0.5,4,2,0,-0.5052588262224482,left,False
shaped,0.5,4,2,1,-0.481546906004485,left,False
shaped,0.5,4,3,0,-0.05311704285635627,left,False
shaped,0.5,4,3,1,0.3367046915934819,right,False
shaped,0.5,4,4,0,-0.7073078390835341,right,False
shaped,0.5,4,4,1,0.3884240687962126,right,False
shaped,0.5,4,5,0,-0.10773876330373659,left,False
shaped,0.5,4,5,1,0.44923050927957253,right,False
shaped,0.5,4,6,0,0.4974174482719566,down,False
shaped,0.5,4,6,1,0.5929101637294314,right,False
shaped,0.5,4,7,0,0.5483859398391586,left,False
shaped,0.5,4,7,1,0.5908861109172732,right,False
shaped,0.5,4,8,0,0.574317046560206,left,False
shaped,0.5,4,8,1,0.5961892970669289,down,False
shaped,0.5,4,9,0,0.5801414652170699,left,False
shaped,0.5,4,9,1,0.5851532039133481,right,False
shaped,0.5,4,10,0,0.5805555289072838,left,False
shaped,0.5,4,10,1,0.5822687720416583,right,False
shaped,0.5,4,11,0,0.5885829132656594,left,False
shaped,0.5,4,11,1,0.5751815531939197,down,False
shaped,0.5,4,12,0,0.5950521369041153,left,False
shaped,0.5,4,12,1,0.10992820594374852,down,False
shaped,0.5,4,13,0,0.574919087392181,down,False
shaped,0.5,4,13,1,0.5760533378145094,down,False
shaped,0.5,4,14,0,0.10746626019608199,down,False
shaped,0.5,4,14,1,0.5276061479418787,right,False
shaped,0.5,4,15,0,0.574828819026366,down,False
shaped,0.5,4,15,1,0.4268207776208332,down,False
shaped,0.5,4,16,0,0.5894271544586873,left,False
shaped,0.5,4,16,1,0.5231664423813309,left,False
shaped,0.5,5,1,0,0.35972523344255325,down,False
shaped,0.5,5,1,1,0.3928190477425205,down,False
shaped,0.5,5,6,0,0.43846273902887395,down,False
shaped,0.5,5,6,1,0.5319571184859222,right,False
shaped,0.5,5,7,0,0.4121391679619972,right,False
shaped,0.5,5,7,1,0.4494017239920262,right,False
shaped,0.5,5,8,0,0.3721804783884192,left,False
shaped,0.5,5,8,1,0.388894135431051,right,False
shaped,0.5,5,9,0,0.4138105111540439,left,False
shaped,0.5,5,9,1,0.44909999027588543,left,False
shaped,0.5,5,10,0,0.37321254301965784,left,False
shaped,0.5,5,10,1,0.45230015069001384,right,False
shaped,0.5,5,11,0,0.5291057509036361,down,False
shaped,0.5,5,11,1,0.601429332570125,right,False
shaped,0.5,5,12,0,0.5933986528697027,down,False
shaped,0.5,5,12,1,0.6059161758443533,down,False
shaped,0.5,5,13,0,0.5994829613658327,down,False
shaped,0.5,5,13,1,0.6104415829090355,down,False
shaped,0.5,5,14,0,0.599947184583913,down,False
shaped,0.5,5,14,1,0.6012709097676787,down,False
shaped,0.5,5,15,0,0.5999604285778004,down,False
shaped,0.5,5,15,1,0.4357054100734357,down,False
shaped,0.5,5,16,0,0.5994535951271701,left,False
shaped,0.5,5,16,1,0.5270871144154408,left,False
shaped,0.5,6,1,0,0.5093819640556565,down,False
shaped,0.5,6,1,1,0.5838430243030869,right,False
shaped,0.5,6,2,0,0.27142319893992695,down,False
shaped,0.5,6,2,1,0.5884028371042158,down,False
shaped,0.5,6,3,0,0.5653063119925414,down,False
shaped,0.5,6,3,1,0.5984484063518805,down,False
shaped,0.5,6,4,0,0.590647257886216,down,False
shaped,0.5,6,4,1,0.5986005354484355,down,False
shaped,0.5,6,5,0,0.5954031545164779,down,False
shaped,0.5,6,5,1,0.5917486460194489,down,False
shaped,0.5,6,6,0,0.5898316998381913,left,False
shaped,0.5,6,6,1,0.4510192713321283,down,False
shaped,0.5,6,11,0,0.45193799709034216,down,False
shaped,0.5,6,11,1,0.6060758653594581,right,False
shaped,0.5,6,12,0,0.5924230723565482,down,False
shaped,0.5,6,12,1,0.6133065983801645,down,False
shaped,0.5,6,13,0,0.5995391929737024,down,False
shaped,0.5,6,13,1,0.6252055802500907,down,False
shaped,0.5,6,14,0,0.5999375814741881,down,False
shaped,0.5,6,14,1,0.6224089126171735,down,False
shaped,0.5,6,15,0,0.5999759964275775,down,False
shaped,0.5,6,15,1,0.4482187830024466,down,False
shaped,0.5,6,16,0,0.5999617824001224,left,False
shaped,0.5,6,16,1,0.532932833515799,left,False
shaped,0.5,7,1,0,0.5258546414424154,down,False
shaped,0.5,7,1,1,0.5768234901900388,right,False
shaped,0.5,7,2,0,0.044222042978718935,down,False
shaped,0.5,7,2,1,0.5732208120072427,right,False
shaped,0.5,7,3,0,0.5555073693118197,down,False
shaped,0.5,7,3,1,0.5977461424415819,right,False
shaped,0.5,7,4,0,0.5815295461202812,down,False
shaped,0.5,7,4,1,0.5977268489129042,right,False
shaped,0.5,7,5,0,0.5909482804799204,left,False
shaped,0.5,7,5,1,0.5981694957792412,right,False
shaped,0.5,7,6,0,0.594946221225986,left,False
shaped,0.5,7,6,1,0.5972023095258479,down,False
shaped,0.5,7,7,0,0.5931050822514248,down,False
shaped,0.5,7,7,1,0.5981539791365833,down,False
shaped,0.5,7,8,0,0.5956265428232567,down,False
shaped,0.5,7,8,1,0.6011676589917285,down,False
shaped,0.5,7,9,0,0.5975362573134388,down,False
shaped,0.5,7,9,1,0.6028508182967743,down,False
shaped,0.5,7,10,0,0.5986771795019231,down,False
shaped,0.5,7,10,1,0.6062654430538386,down,False
shaped,0.5,7,11,0,0.5992998780655846,down,False
shaped,0.5,7,11,1,0.6136353702806494,down,False
shaped,0.5,7,12,0,0.5996230477252924,down,False
shaped,0.5,7,12,1,0.6293563226559425,down,False
shaped,0.5,7,13,0,0.5998029296673331,left,False
shaped,0.5,7,13,1,0.6585495187500131,down,False
shaped,0.5,7,14,0,0.5999045742320653,left,False
shaped,0.5,7,14,1,0.6718442402735685,down,False
shaped,0.5,7,15,0,0.599952614367552,left,False
shaped,0.5,7,15,1,0.47612924795728195,down,False
shaped,0.5,7,16,0,0.5999742611098176,left,False
shaped,0.5,7,16,1,0.5458193760559209,left,False
shaped,0.5,8,1,0,0.5933772714580395,down,False
shaped,0.5,8,1,1,0.36686147942657843,right,False
shaped,0.5,8,2,0,-0.5246148766646396,up,False
shaped,0.5,8,2,1,0.09404865751038016,right,False
shaped,0.5,8,3,0,0.5605496303107886,down,False
shaped,0.5,8,3,1,0.5746607885505195,right,False
shaped,0.5,8,4,0,0.5605173611879142,left,False
shaped,0.5,8,4,1,0.5705833486402971,right,False
shaped,0.5,8,5,0,0.5713267756729261,left,False
shaped,0.5,8,5,1,0.5940235780258951,right,False
shaped,0.5,8,6,0,0.5815085947839347,left,False
shaped,0.5,8,6,1,0.5934655188847884,right,False
shaped,0.5,8,7,0,0.5839411346747121,left,False
shaped,0.5,8,7,1,0.5955887526048151,right,False
shaped,0.5,8,8,0,0.5902362656749951,left,False
shaped,0.5,8,8,1,0.6027936167359564,right,False
shaped,0.5,8,9,0,0.5945526890259035,left,False
shaped,0.5,8,9,1,0.6061979288918206,right,False
shaped,0.5,8,10,0,0.5970884459787078,left,False
shaped,0.5,8,10,1,0.6136028562130029,right,False
shaped,0.5,8,11,0,0.5984621795101559,left,False
shaped,0.5,8,11,1,0.6296357121942376,right,False
shaped,0.5,8,12,0,0.5991697875705576,left,False
shaped,0.5,8,12,1,0.6643677015456714,down,False
shaped,0.5,8,13,0,0.5995351424790757,left,False
shaped,0.5,8,13,1,0.7337237288674752,down,False
shaped,0.5,8,14,0,0.5997306975944091,left,False
shaped,0.5,8,14,1,0.7877757575888932,down,False
shaped,0.5,8,15,0,0.5998398510164425,left,False
shaped,0.5,8,15,1,0.5381151708743646,down,False
shaped,0.5,8,16,0,0.5999028753281335,left,False
shaped,0.5,8,16,1,0.5744207712159379,left,False
shaped,0.5,9,1,0,0.8248483317098442,down,False
shaped,0.5,9,1,1,0.008021254318255677,down,False
shaped,0.5,9,2,0,1.8339204894393526,down,False
shaped,0.5,9,2,1,0.5104672425583364,down,False
shaped,0.5,9,3,0,0.6468867591917306,down,False
shaped,0.5,9,3,1,0.33080581830851935,right,False
shaped,0.5,9,4,0,0.14442198027374004,left,False
shaped,0.5,9,4,1,0.061752320721180254,right,False
shaped,0.5,9,5,0,0.3514519774425635,left,False
shaped,0.5,9,5,1,0.5345793823483945,right,False
shaped,0.5,9,6,0,0.46461215912643783,left,False
shaped,0.5,9,6,1,0.507398465051555,right,False
shaped,0.5,9,7,0,0.4336509138794068,left,False
shaped,0.5,9,7,1,0.4912726986639393,right,False
shaped,0.5,9,8,0,0.5375698953509486,down,False
shaped,0.5,9,8,1,0.6051214119601199,right,False
shaped,0.5,9,9,0,0.5716279898825442,left,False
shaped,0.5,9,9,1,0.6122850869819013,right,False
shaped,0.5,9,10,0,0.5866703161559546,left,False
shaped,0.5,9,10,1,0.6287060412329999,right,False
shaped,0.5,9,11,0,0.5932362571679444,left,False
shaped,0.5,9,11,1,0.664137308980951,right,False
shaped,0.5,9,12,0,0.5960753697091278,left,False
shaped,0.5,9,12,1,0.7404993258023493,down,False
shaped,0.5,9,13,0,0.5975417730080023,left,False
shaped,0.5,9,13,1,0.9027913912749317,down,False
shaped,0.5,9,14,0,0.5984283622587069,left,False
shaped,0.5,9,14,1,1.0604595324778137,down,False
shaped,0.5,9,15,0,0.598999057422057,left,False
shaped,0.5,9,15,1,0.6750133629470414,down,False
shaped,0.5,9,16,0,0.5993645935582799,left,False
shaped,0.5,9,16,1,0.6376747046484325,left,False
shaped,0.5,10,1,0,2.3047749615658897,down,False
shaped,0.5,10,1,1,0.5302423101046019,down,False
shaped,0.5,10,2,0,3.9008347606237437,down,False
shaped,0.5,10,2,1,0.48381513149125355,down,False
shaped,0.5,10,3,0,1.8449242994346764,left,False
shaped,0.5,10,3,1,-0.4525619040048743,left,False
shaped,0.5,10,4,0,0.95283233931544,left,False
shaped,0.5,10,4,1,0.18782981109500296,right,False
shaped,0.5,10,5,0,-0.6976617337900816,right,False
shaped,0.5,10,5,1,0.038376907130774005,right,False
shaped,0.5,10,6,0,-0.10087800298229503,left,False
shaped,0.5,10,6,1,-0.37567708877620515,up,False
shaped,0.5,10,7,0,0.510282406697912,down,False
shaped,0.5,10,7,1,0.5934683605288187,right,False
shaped,0.5,10,8,0,0.4682650835133327,down,False
shaped,0.5,10,8,1,0.6013541039652204,right,False
shaped,0.5,10,9,0,0.5374481949568334,left,False
shaped,0.5,10,9,1,0.6098555385868172,right,False
shaped,0.5,10,10,0,0.5632944334133576,left,False
shaped,0.5,10,10,1,0.6474195441039303,right,False
shaped,0.5,10,11,0,0.5729005230298089,left,False
shaped,0.5,10,11,1,0.7291158774446372,right,False
shaped,0.5,10,12,0,0.5764476597289722,left,False
shaped,0.5,10,12,1,0.9053822283244259,right,False
shaped,0.5,10,13,0,0.5826974630911421,left,False
shaped,0.5,10,13,1,1.2818586214262595,down,False
shaped,0.5,10,14,0,0.5885025163744428,left,False
shaped,0.5,10,14,1,1.703923237430477,down,False
shaped,0.5,10,15,0,0.5927145271528143,left,False
shaped,0.5,10,15,1,0.9752666284116558,down,False
shaped,0.5,10,16,0,0.5953967713305084,left,False
shaped,0.5,10,16,1,0.7789664321718522,down,False
shaped,0.5,11,1,0,4.336236559658763,right,False
shaped,0.5,11,1,1,0.5488489464650435,down,False
shaped,0.5,11,2,0,8.733374633954547,down,False
shaped,0.5,11,2,1,0.44982791849826304,down,False
shaped,0.5,11,7,0,0.47978300016848313,down,False
shaped,0.5,11,7,1,0.5672618810131221,right,False
shaped,0.5,11,8,0,0.5569592326054357,down,False
shaped,0.5,11,8,1,0.5431164201022374,down,False
shaped,0.5,11,9,0,0.4312168973865911,left,False
shaped,0.5,11,9,1,0.40546938007531774,right,False
shaped,0.5,11,10,0,0.37963305850150586,left,False
shaped,0.5,11,10,1,0.4867578381580605,right,False
shaped,0.5,11,11,0,0.3584191932569954,left,False
shaped,0.5,11,11,1,0.6751224241329535,right,False
shaped,0.5,11,12,0,0.34967372897643506,left,False
shaped,0.5,11,12,1,1.1122762732139158,right,False
shaped,0.5,11,13,0,0.44482632014756024,left,False
shaped,0.5,11,13,1,2.1284833706083437,down,False
shaped,0.5,11,14,0,0.5100423665160576,left,False
shaped,0.5,11,14,1,3.2276674375352705,down,False
shaped,0.5,11,15,0,0.5472715102130495,left,False
shaped,0.5,11,15,1,1.6278053626603648,down,False
shaped,0.5,11,16,0,0.5668547538115429,left,False
shaped,0.5,11,16,1,1.0781369483412349,down,False
shaped,0.5,12,1,0,8.552960190342063,right,False
shaped,0.5,12,1,1,0.5972878822138397,right,False
shaped,0.5,12,2,1,0.5997354000438772,down,False
shaped,0.5,12,3,0,8.733367034571513,left,False
shaped,0.5,12,3,1,0.600342657187334,down,False
shaped,0.5,12,4,0,3.966783700098902,left,False
shaped,0.5,12,4,1,0.6014160184983962,down,False
shaped,0.5,12,5,0,1.910450951309256,left,False
shaped,0.5,12,5,1,0.603699594037757,down,False
shaped,0.5,12,6,0,1.0220344640741013,left,False
shaped,0.5,12,6,1,0.6082649338581213,down,False
shaped,0.5,12,7,0,0.6698649614766568,left,False
shaped,0.5,12,7,1,0.6114122393772479,down,False
shaped,0.5,12,8,0,0.5285235138680078,left,False
shaped,0.5,12,8,1,0.4861996511256148,down,False
shaped,0.5,12,13,0,-0.48356079910727123,up,False
shaped,0.5,12,13,1,4.0287154627660975,down,False
shaped,0.5,12,14,0,0.053734368916146226,left,False
shaped,0.5,12,14,1,6.849632502265264,down,False
shaped,0.5,12,15,0,0.27237686496114666,left,False
shaped,0.5,12,15,1,3.0312878585654754,down,False
shaped,0.5,12,16,0,0.3635263984186852,left,False
shaped,0.5,12,16,1,1.7070995822650064,left,False
shaped,0.5,13,1,0,4.325085970848753,up,False
shaped,0.5,13,1,1,0.5990272596137295,right,False
shaped,0.5,13,2,0,8.552952970907299,up,False
shaped,0.5,13,2,1,0.5996347351559067,right,False
shaped,0.5,13,3,0,4.336092174423766,up,False
shaped,0.5,13,3,1,0.6007128058439081,right,False
shaped,0.5,13,4,0,2.3019552366958,left,False
shaped,0.5,13,4,1,0.603034787029627,right,False
shaped,0.5,13,5,0,1.3643014951111263,left,False
shaped,0.5,13,5,1,0.6080388947298663,right,False
shaped,0.5,13,6,0,0.9350492214120629,left,False
shaped,0.5,13,6,1,0.6187733631051241,right,False
shaped,0.5,13,7,0,0.7412444612915638,left,False
shaped,0.5,13,7,1,0.6417225328238148,down,False
shaped,0.5,13,8,0,0.6545930160934421,left,False
shaped,0.5,13,8,1,0.6782976440683418,down,False
shaped,0.5,13,9,0,0.4760128684473393,left,False
shaped,0.5,13,9,1,0.3513044064275873,down,False
shaped,0.5,13,10,0,0.3741407838897304,left,False
shaped,0.5,13,10,1,1.2957378647692284,right,False
shaped,0.5,13,11,0,-0.6989545420621254,right,False
shaped,0.5,13,11,1,2.204972866757951,right,False
shaped,0.5,13,12,0,-0.10178436439289928,left,False
shaped,0.5,13,12,1,4.0916237139420355,right,False
shaped,0.5,13,13,0,0.2613884973447236,left,False
shaped,0.5,13,13,1,8.061995161315771,down,False
shaped,0.5,13,14,0,0.4331315242756995,left,False
shaped,0.5,13,14,1,15.491580840526783,down,False
shaped,0.5,13,15,0,0.4703909948500895,left,False
shaped,0.5,13,15,1,6.008628135922821,left,False
shaped,0.5,13,16,0,0.5246584502774622,left,False
shaped,0.5,13,16,1,2.8135518296515922,left,False
shaped,0.5,14,1,0,2.2974498096848994,up,False
shaped,0.5,14,1,1,0.5861798539862472,right,False
shaped,0.5,14,2,0,3.8508615877440424,up,False
shaped,0.5,14,2,1,0.5872575836430064,right,False
shaped,0.5,14,3,0,2.29615912848779,up,False
shaped,0.5,14,3,1,0.5896353422506329,right,False
shaped,0.5,14,4,0,1.3835869067489208,up,False
shaped,0.5,14,4,1,0.5949687943535633,right,False
shaped,0.5,14,5,0,0.9599384449242391,left,False
shaped,0.5,14,5,1,0.6068914568477168,right,False
shaped,0.5,14,6,0,0.7645425083689,left,False
shaped,0.5,14,6,1,0.6334221255845437,right,False
shaped,0.5,14,7,0,0.6746318398837261,left,False
shaped,0.5,14,7,1,0.6921724583161816,right,False
shaped,0.5,14,8,0,0.6333853588108201,left,False
shaped,0.5,14,8,1,0.8216157443739853,right,False
shaped,0.5,14,9,0,0.6075012802309979,left,False
shaped,0.5,14,9,1,1.1065065779387675,right,False
shaped,0.5,14,10,0,0.10057403777744794,left,False
shaped,0.5,14,10,1,1.779236497346369,down,False
shaped,0.5,14,11,0,0.3341387661095545,left,False
shaped,0.5,14,11,1,3.9614947572291728,right,False
shaped,0.5,14,12,0,0.45773357837200274,left,False
shaped,0.5,14,12,1,8.044889274579276,right,False
shaped,0.5,14,13,0,0.5256058074985054,left,False
shaped,0.5,14,13,1,16.95708733399441,right,False
shaped,0.5,14,14,0,0.5177883089268424,left,False
shaped,0.5,14,14,1,36.220124189173156,down,False
shaped,0.5,14,16,0,0.3665148558941159,up,False
shaped,0.5,14,16,1,0.4949119242045086,up,False
shaped,0.5,15,1,0,1.339733611742741,up,False
shaped,0.5,15,1,1,0.42650995617015447,right,False
shaped,0.5,15,2,0,1.8753420020749318,up,False
shaped,0.5,15,2,1,0.4284343978795218,right,False
shaped,0.5,15,3,0,1.3602173992302893,up,False
shaped,0.5,15,3,1,0.4322439297276205,right,False
shaped,0.5,15,4,0,0.9597342394784729,up,False
shaped,0.5,15,4,1,0.4412095092905148,right,False
shaped,0.5,15,5,0,0.7657767599656743,up,False
shaped,0.5,15,5,1,0.4624132980820362,right,False
shaped,0.5,15,6,0,0.6762945835583718,left,False
shaped,0.5,15,6,1,0.5122894994845146,right,False
shaped,0.5,15,7,0,0.6350567846055908,left,False
shaped,0.5,15,7,1,0.6288006915125156,right,False
shaped,0.5,15,8,0,0.6160600867333895,left,False
shaped,0.5,15,8,1,0.9019646238980924,right,False
shaped,0.5,15,9,0,0.6069325638214501,left,False
shaped,0.5,15,9,1,1.5449351759009153,right,False
shaped,0.5,15,10,0,0.577329926564185,left,False
shaped,0.5,15,10,1,3.0645910765685396,right,False
shaped,0.5,15,11,0,0.5771382778594845,left,False
shaped,0.5,15,11,1,6.66580808142642,right,False
shaped,0.5,15,12,0,0.5833458965187076,left,False
shaped,0.5,15,12,1,15.149463105791979,right,False
shaped,0.5,15,13,0,0.5888591447032949,left,False
shaped,0.5,15,13,1,35.31875800523586,right,False
shaped,0.5,15,14,1,83.50315903253923,right,False
shaped,0.5,15,15,1,0.0,,True
shaped,0.5,16,1,0,0.8925974029851436,up,False
shaped,0.5,16,1,1,0.5165444041719276,right,False
shaped,0.5,16,2,0,1.0414857237731914,up,False
shaped,0.5,16,2,1,0.5234793282110447,up,False
shaped,0.5,16,3,0,0.9343823707703495,up,False
shaped,0.5,16,3,1,0.5255672753600538,up,False
shaped,0.5,16,4,0,0.7644271971075718,up,False
shaped,0.5,16,4,1,0.5299150897720403,up,False
shaped,0.5,16,5,0,0.6762888178639529,up,False
shaped,0.5,16,5,1,0.5430585288453572,right,False
shaped,0.5,16,6,0,0.6351396336299399,up,False
shaped,0.5,16,6,1,0.5819623460158063,right,False
shaped,0.5,16,7,0,0.6161478001814858,up,False
shaped,0.5,16,7,1,0.6681243852299857,right,False
shaped,0.5,16,8,0,0.6073648899348614,up,False
shaped,0.5,16,8,1,0.858195328925503,right,False
shaped,0.5,16,9,0,0.6026694688654188,up,False
shaped,0.5,16,9,1,1.2754683283832002,right,False
shaped,0.5,16,10,0,0.5905648130397108,up,False
shaped,0.5,16,10,1,2.1861203830021823,right,False
shaped,0.5,16,11,0,0.5899874583450998,up,False
shaped,0.5,16,11,1,4.158962025091793,right,False
shaped,0.5,16,12,0,0.5920782273375531,up,False
shaped,0.5,16,12,1,8.394308799429755,right,False
shaped,0.5,16,13,0,0.5848100067512108,up,False
shaped,0.5,16,13,1,17.3928005104287,right,False
shaped,0.5,16,14,0,0.3932488851546668,left,False
shaped,0.5,16,14,1,36.24305646161726,up,False
shaped,0.5,16,16,0,-1.9999999701976776,up,False
shaped,0.5,16,16,1,-1.9999999701976776,up,False
shaped,0.9,1,1,0,6.613535777525195,down,False
shaped,0.9,1,1,1,7.482502030288167,right,False
shaped,0.9,1,2,0,5.654028383714495,down,False
shaped,0.9,1,2,1,8.107478934205682,right,False
shaped,0.9,1,3,0,5.341123088115096,down,False
shaped,0.9,1,3,1,8.80622271288144,right,False
shaped,0.9,1,4,0,5.05152900580339,down,False
shaped,0.9,1,4,1,9.585087618610462,right,False
shaped,0.9,1,5,0,5.055228307373338,down,False
shaped,0.9,1,5,1,10.451915836746105,right,False
shaped,0.9,1,6,0,5.900120722014791,down,False
shaped,0.9,1,6,1,11.42070321649649,down,False
shaped,0.9,1,7,0,6.786101782023928,down,False
shaped,0.9,1,7,1,12.494418488732707,down,False
shaped,0.9,1,8,0,7.2676417279631504,down,False
shaped,0.9,1,8,1,13.283899393023333,down,False
shaped,0.9,1,9,0,6.9748990771335295,down,False
shaped,0.9,1,9,1,12.675591606091649,down,False
shaped,0.9,1,10,0,6.527900517428325,down,False
shaped,0.9,1,10,1,12.234430696205344,down,False
shaped,0.9,1,11,0,6.105675255049651,down,False
shaped,0.9,1,11,1,12.912224456465752,down,False
shaped,0.9,1,12,0,5.729509889066163,down,False
shaped,0.9,1,12,1,13.550032980110378,down,False
shaped,0.9,1,13,0,5.380988775382763,left,False
shaped,0.9,1,13,1,13.594434629273444,down,False
shaped,0.9,1,14,0,5.069196307059182,left,False
shaped,0.9,1,14,1,14.663481124175753,down,False
shaped,0.9,1,15,0,4.7916016037369396,left,False
shaped,0.9,1,15,1,14.431857007090303,down,False
shaped,0.9,1,16,0,4.545367233940116,left,False
shaped,0.9,1,16,1,14.221184822889851,down,False
shaped,0.9,2,1,0,7.290909726407809,down,False
shaped,0.9,2,1,1,7.9076890548237655,right,False
shaped,0.9,2,2,0,6.08070706362065,down,False
shaped,0.9,2,2,1,8.636949742805946,right,False
shaped,0.9,2,3,0,5.663365170914564,left,False
shaped,0.9,2,3,1,9.471106481361952,right,False
shaped,0.9,2,4,0,5.299801916957542,left,False
shaped,0.9,2,4,1,10.411670338648044,right,False
shaped,0.9,2,5,0,5.2355275442634746,down,False
shaped,0.9,2,5,1,11.425967728460925,right,False
shaped,0.9,2,6,0,6.297779186068107,down,False
shaped,0.9,2,6,1,12.577129343338049,down,False
shaped,0.9,2,7,0,7.36250439100821,down,False
shaped,0.9,2,7,1,13.848617019272112,down,False
shaped,0.9,2,8,0,7.957155070331913,down,False
shaped,0.9,2,8,1,14.886942339568249,down,False
shaped,0.9,2,9,0,7.546250382011522,down,False
shaped,0.9,2,9,1,13.998530413973704,down,False
shaped,0.9,2,10,0,7.014790038238664,down,False
shaped,0.9,2,10,1,13.377121181354413,down,False
shaped,0.9,2,11,0,6.531261553423815,left,False
shaped,0.9,2,11,1,14.293920452218522,down,False
shaped,0.9,2,12,0,6.1051529532322855,left,False
shaped,0.9,2,12,1,15.089491197769235,down,False
shaped,0.9,2,13,0,5.682807394118616,left,False
shaped,0.9,2,13,1,14.937803277621795,down,False
shaped,0.9,2,14,0,5.318408012758518,left,False
shaped,0.9,2,14,1,16.445992884587522,down,False
shaped,0.9,2,15,0,5.0059568702000385,left,False
shaped,0.9,2,15,1,16.155884822019996,down,False
shaped,0.9,2,16,0,4.737011424387873,left,False
shaped,0.9,2,16,1,15.808904247488385,down,False
shaped,0.9,3,1,0,8.093700299035063,down,False
shaped,0.9,3,1,1,7.951778414194985,right,False
shaped,0.9,3,2,0,6.548364337307826,down,False
shaped,0.9,3,2,1,8.756444134964763,right,False
shaped,0.9,3,3,0,5.606166746414849,left,False
shaped,0.9,3,3,1,9.801597704178114,right,False
shaped,0.9,3,4,0,5.194904259741676,left,False
shaped,0.9,3,4,1,11.35906320534706,right,False
shaped,0.9,3,5,0,5.405201729154398,down,False
shaped,0.9,3,5,1,12.552913066115327,right,False
shaped,0.9,3,6,0,6.755494877630077,down,False
shaped,0.9,3,6,1,13.892245438947324,right,False
shaped,0.9,3,7,0,8.027167094350288,down,False
shaped,0.9,3,7,1,15.384514677514643,down,False
shaped,0.9,3,8,0,8.771343251055745,down,False
shaped,0.9,3,8,1,16.778748709133502,down,False
shaped,0.9,3,9,0,8.192743503111346,down,False
shaped,0.9,3,9,1,15.492728745959251,down,False
shaped,0.9,3,10,0,7.566408283402061,left,False
shaped,0.9,3,10,1,14.626111949162652,down,False
shaped,0.9,3,11,0,7.012243921527866,left,False
shaped,0.9,3,11,1,15.877674080690822,down,False
shaped,0.9,3,12,0,6.522097163902039,left,False
shaped,0.9,3,12,1,16.886994530671675,down,False
shaped,0.9,3,13,0,5.586758644521346,left,False
shaped,0.9,3,13,1,16.388346819735673,right,False
shaped,0.9,3,14,0,5.2284335706420695,left,False
shaped,0.9,3,14,1,18.538279105027446,down,False
shaped,0.9,3,15,0,4.949543963084226,left,False
shaped,0.9,3,15,1,18.12908900018495,down,False
shaped,0.9,3,16,0,4.7071047421026115,left,False
shaped,0.9,3,16,1,17.60010171004532,down,False
shaped,0.9,4,1,0,9.049881224672504,down,False
shaped,0.9,4,1,1,7.060518023180192,down,False
shaped,0.9,4,2,0,7.1046893100240744,left,False
shaped,0.9,4,2,1,6.910759012266502,up,False
shaped,0.9,4,3,0,6.351572868565572,left,False
shaped,0.9,4,3,1,10.67414014450727,right,False
shaped,0.9,4,4,0,4.238689219964496,right,False
shaped,0.9,4,4,1,12.043505191841088,right,False
shaped,0.9,4,5,0,5.596758064987418,right,False
shaped,0.9,4,5,1,13.579547272352992,right,False
shaped,0.9,4,6,0,7.286919004881464,down,False
shaped,0.9,4,6,1,15.371702558181722,right,False
shaped,0.9,4,7,0,8.791321753845226,down,False
shaped,0.9,4,7,1,17.116840561371344,down,False
shaped,0.9,4,8,0,9.738265690672497,down,False
shaped,0.9,4,8,1,19.027495556973403,down,False
shaped,0.9,4,9,0,8.919924812514088,left,False
shaped,0.9,4,9,1,17.175404564878605,down,False
shaped,0.9,4,10,0,8.181131752449012,left,False
shaped,0.9,4,10,1,15.976077353839088,down,False
shaped,0.9,4,11,0,7.517960196335991,left,False
shaped,0.9,4,11,1,17.696520135424628,down,False
shaped,0.9,4,12,0,6.931308606789649,left,False
shaped,0.9,4,12,1,19.00423979115735,down,False
shaped,0.9,4,13,0,6.326622456013349,left,False
shaped,0.9,4,13,1,20.959817434777225,down,False
shaped,0.9,4,14,0,4.747895838204807,down,False
shaped,0.9,4,14,1,21.01626372393693,down,False
shaped,0.9,4,15,0,4.828174154488135,down,False
shaped,0.9,4,15,1,20.384214898372782,down,False
shaped,0.9,4,16,0,4.6344673387451065,left,False
shaped,0.9,4,16,1,19.617325758506382,down,False
shaped,0.9,5,1,0,10.188847050763625,down,False
shaped,0.9,5,1,1,7.698754291652762,down,False
shaped,0.9,5,6,0,7.905544196092397,down,False
shaped,0.9,5,6,1,16.636391827656613,right,False
shaped,0.9,5,7,0,9.665354348951901,right,False
shaped,0.9,5,7,1,19.05682323751025,right,False
shaped,0.9,5,8,0,8.786262685061422,left,False
shaped,0.9,5,8,1,17.14017319014625,right,False
shaped,0.9,5,9,0,9.678073332776293,left,False
shaped,0.9,5,9,1,19.062615281813166,left,False
shaped,0.9,5,10,0,8.642323799252026,left,False
shaped,0.9,5,10,1,17.41333907057194,right,False
shaped,0.9,5,11,0,7.738259795946592,left,False
shaped,0.9,5,11,1,19.78929387829854,down,False
shaped,0.9,5,12,0,7.0154280075172295,left,False
shaped,0.9,5,12,1,21.826624180332196,down,False
shaped,0.9,5,13,0,5.925244234643113,left,False
shaped,0.9,5,13,1,23.69162794224825,down,False
shaped,0.9,5,14,0,5.463839087860656,left,False
shaped,0.9,5,14,1,24.285140019379764,down,False
shaped,0.9,5,15,0,5.11633537300367,left,False
shaped,0.9,5,15,1,22.954433117990117,down,False
shaped,0.9,5,16,0,4.828250230271259,left,False
shaped,0.9,5,16,1,21.884982082482303,down,False
shaped,0.9,6,1,0,11.43729803003635,down,False
shaped,0.9,6,1,1,8.60135905438231,right,False
shaped,0.9,6,2,0,10.185746441179717,down,False
shaped,0.9,6,2,1,9.433604789027484,right,False
shaped,0.9,6,3,0,10.821558735834255,down,False
shaped,0.9,6,3,1,10.320443893428646,right,False
shaped,0.9,6,4,0,10.135442768980571,down,False
shaped,0.9,6,4,1,11.314622967235001,right,False
shaped,0.9,6,5,0,9.310043117741866,left,False
shaped,0.9,6,5,1,12.432759012786471,right,False
shaped,0.9,6,6,0,8.561337954220015,down,False
shaped,0.9,6,6,1,13.689176293476423,up,False
shaped,0.9,6,11,0,5.990780475721055,up,False
shaped,0.9,6,11,1,22.163468313496068,down,False
shaped,0.9,6,12,0,5.778479775829033,left,False
shaped,0.9,6,12,1,24.462973911781926,down,False
shaped,0.9,6,13,0,5.497111646550067,left,False
shaped,0.9,6,13,1,26.72440161704746,down,False
shaped,0.9,6,14,0,5.226140149768682,left,False
shaped,0.9,6,14,1,27.48193683883099,down,False
shaped,0.9,6,15,0,4.975950620445172,left,False
shaped,0.9,6,15,1,25.832114067809073,down,False
shaped,0.9,6,16,0,4.748741124683965,left,False
shaped,0.9,6,16,1,24.429770436721927,down,False
shaped,0.9,7,1,0,12.821144482815145,down,False
shaped,0.9,7,1,1,9.069730222597471,right,False
shaped,0.9,7,2,0,11.086735183682444,down,False
shaped,0.9,7,2,1,9.931786163848733,right,False
shaped,0.9,7,3,0,12.073127370721984,down,False
shaped,0.9,7,3,1,10.94528229567629,right,False
shaped,0.9,7,4,0,11.143886947442667,down,False
shaped,0.9,7,4,1,12.052449010862126,right,False
shaped,0.9,7,5,0,10.162449371989847,left,False
shaped,0.9,7,5,1,13.306708559251812,right,False
shaped,0.9,7,6,0,9.295713413532564,left,False
shaped,0.9,7,6,1,14.725500065716135,right,False
shaped,0.9,7,7,0,8.548551452604915,left,False
shaped,0.9,7,7,1,16.33717209532348,right,False
shaped,0.9,7,8,0,7.883296690431109,left,False
shaped,0.9,7,8,1,18.072361106748822,right,False
shaped,0.9,7,9,0,7.292519354602893,left,False
shaped,0.9,7,9,1,20.010515191935124,right,False
shaped,0.9,7,10,0,6.768322104210626,left,False
shaped,0.9,7,10,1,22.177044992902545,right,False
shaped,0.9,7,11,0,6.315447435346125,left,False
shaped,0.9,7,11,1,24.59317849058479,down,False
shaped,0.9,7,12,0,5.930325695925799,left,False
shaped,0.9,7,12,1,27.448702247268066,down,False
shaped,0.9,7,13,0,5.592602520392027,left,False
shaped,0.9,7,13,1,30.207443957628186,down,False
shaped,0.9,7,14,0,5.294158292724142,left,False
shaped,0.9,7,14,1,31.183125593324867,down,False
shaped,0.9,7,15,0,5.02955032268211,left,False
shaped,0.9,7,15,1,29.111195018068482,down,False
shaped,0.9,7,16,0,4.7946017471003115,left,False
shaped,0.9,7,16,1,27.286390043491856,down,False
shaped,0.9,8,1,0,14.457549045597723,down,False
shaped,0.9,8,1,1,9.3857985525775,down,False
shaped,0.9,8,2,0,12.008681551200143,left,False
shaped,0.9,8,2,1,10.023983110548125,right,False
shaped,0.9,8,3,0,13.572738026278783,down,False
shaped,0.9,8,3,1,11.540878416077545,right,False
shaped,0.9,8,4,0,12.28150700083139,left,False
shaped,0.9,8,4,1,12.81447534610744,right,False
shaped,0.9,8,5,0,11.121632102603991,left,False
shaped,0.9,8,5,1,14.282224453171212,right,False
shaped,0.9,8,6,0,10.091438331334125,left,False
shaped,0.9,8,6,1,15.896781007448324,right,False
shaped,0.9,8,7,0,9.180757379189192,left,False
shaped,0.9,8,7,1,17.71918455428017,right,False
shaped,0.9,8,8,0,8.431588249075235,left,False
shaped,0.9,8,8,1,19.758640766090455,right,False
shaped,0.9,8,9,0,7.780211061980369,left,False
shaped,0.9,8,9,1,22.023293664123702,right,False
shaped,0.9,8,10,0,7.206213105750957,left,False
shaped,0.9,8,10,1,24.600249225780747,right,False
shaped,0.9,8,11,0,6.700947527773102,left,False
shaped,0.9,8,11,1,27.53730727634644,down,False
shaped,0.9,8,12,0,6.2571151405775,left,False
shaped,0.9,8,12,1,30.8564530929568,down,False
shaped,0.9,8,13,0,5.866977457066055,left,False
shaped,0.9,8,13,1,34.20913812774281,down,False
shaped,0.9,8,14,0,5.52368738403001,left,False
shaped,0.9,8,14,1,35.4784001187669,down,False
shaped,0.9,8,15,0,5.22134217867402,left,False
shaped,0.9,8,15,1,32.84574807049302,down,False
shaped,0.9,8,16,0,4.954875706084837,left,False
shaped,0.9,8,16,1,30.486954705488085,down,False
shaped,0.9,9,1,0,16.410539294285993,down,False
shaped,0.9,9,1,1,10.24849750402249,down,False
shaped,0.9,9,2,0,17.682667464870665,down,False
shaped,0.9,9,2,1,11.229887735843395,down,False
shaped,0.9,9,3,0,15.398084800827698,down,False
shaped,0.9,9,3,1,11.437564002992463,right,False
shaped,0.9,9,4,0,13.402064407120266,left,False
shaped,0.9,9,4,1,12.739481431628612,right,False
shaped,0.9,9,5,0,11.82585131695892,left,False
shaped,0.9,9,5,1,14.877092860841705,right,False
shaped,0.9,9,6,0,10.524989002681325,left,False
shaped,0.9,9,6,1,16.81859024946831,right,False
shaped,0.9,9,7,0,9.39502388771311,left,False
shaped,0.9,9,7,1,19.140196823510337,right,False
shaped,0.9,9,8,0,9.021624821335738,down,False
shaped,0.9,9,8,1,21.94840920348883,right,False
shaped,0.9,9,9,0,8.368230897021547,down,False
shaped,0.9,9,9,1,24.55742060319337,right,False
shaped,0.9,9,10,0,7.725690574957058,left,False
shaped,0.9,9,10,1,27.527265971667582,right,False
shaped,0.9,9,11,0,7.15648691612511,left,False
shaped,0.9,9,11,1,30.897505649527858,right,False
shaped,0.9,9,12,0,6.652262310528256,left,False
shaped,0.9,9,12,1,34.721212509151066,down,False
shaped,0.9,9,13,0,6.205781433499697,left,False
shaped,0.9,9,13,1,38.804168525955106,down,False
shaped,0.9,9,14,0,5.810992984414191,left,False
shaped,0.9,9,14,1,40.47702827906343,down,False
shaped,0.9,9,15,0,5.462530368122464,left,False
shaped,0.9,9,15,1,37.09564741154177,down,False
shaped,0.9,9,16,0,5.1555020022279345,left,False
shaped,0.9,9,16,1,34.06529368840248,down,False
shaped,0.9,10,1,0,18.850209286058185,down,False
shaped,0.9,10,1,1,11.868670600603554,down,False
shaped,0.9,10,2,0,20.305404578208936,down,False
shaped,0.9,10,2,1,12.469641944738955,down,False
shaped,0.9,10,3,0,17.76452629492849,left,False
shaped,0.9,10,3,1,10.293981275254254,left,False
shaped,0.9,10,4,0,15.556752449438832,left,False
shaped,0.9,10,4,1,11.82968656303237,right,False
shaped,0.9,10,5,0,9.726867273310749,up,False
shaped,0.9,10,5,1,13.136752004879002,right,False
shaped,0.9,10,6,0,8.912740051675888,left,False
shaped,0.9,10,6,1,14.521536065227966,right,False
shaped,0.9,10,7,0,10.894796527361331,down,False
shaped,0.9,10,7,1,21.72387985501515,right,False
shaped,0.9,10,8,0,9.892960959318915,down,False
shaped,0.9,10,8,1,24.31987444712735,right,False
shaped,0.9,10,9,0,9.11246182132666,down,False
shaped,0.9,10,9,1,27.28547415357305,right,False
shaped,0.9,10,10,0,8.355612773155086,left,False
shaped,0.9,10,10,1,30.744883040969473,right,False
shaped,0.9,10,11,0,7.67671582951609,left,False
shaped,0.9,10,11,1,34.665277645199,right,False
shaped,0.9,10,12,0,7.071681869624447,left,False
shaped,0.9,10,12,1,39.09453032410777,right,False
shaped,0.9,10,13,0,6.534717764260072,left,False
shaped,0.9,10,13,1,44.078231743077495,down,False
shaped,0.9,10,14,0,6.0633165303523,left,False
shaped,0.9,10,14,1,46.31395117317877,down,False
shaped,0.9,10,15,0,5.652162480706504,left,False
shaped,0.9,10,15,1,41.92616449231922,down,False
shaped,0.9,10,16,0,5.294903595912493,left,False
shaped,0.9,10,16,1,38.05667915195485,down,False
shaped,0.9,11,1,0,20.925283386491866,down,False
shaped,0.9,11,1,1,13.080864543781564,down,False
shaped,0.9,11,2,0,23.347331077666855,down,False
shaped,0.9,11,2,1,14.131948994321878,down,False
shaped,0.9,11,7,0,12.364282550516386,down,False
shaped,0.9,11,7,1,24.343917099639174,down,False
shaped,0.9,11,8,0,11.225105213533313,down,False
shaped,0.9,11,8,1,26.6552914248973,down,False
shaped,0.9,11,9,0,9.958458590838886,left,False
shaped,0.9,11,9,1,29.32211677541806,right,False
shaped,0.9,11,10,0,8.881423445041712,left,False
shaped,0.9,11,10,1,33.42699109973453,right,False
shaped,0.9,11,11,0,7.9621201154796495,left,False
shaped,0.9,11,11,1,38.18267003759885,right,False
shaped,0.9,11,12,0,7.174920715836866,left,False
shaped,0.9,11,12,1,43.703270480759784,right,False
shaped,0.9,11,13,0,6.49540543461663,left,False
shaped,0.9,11,13,1,50.12703945600237,down,False
shaped,0.9,11,14,0,5.948115238753006,left,False
shaped,0.9,11,14,1,53.15771598887926,down,False
shaped,0.9,11,15,0,5.499409396909169,left,False
shaped,0.9,11,15,1,47.40667744869055,down,False
shaped,0.9,11,16,0,5.126126995592183,left,False
shaped,0.9,11,16,1,42.49753225551415,down,False
shaped,0.9,12,1,0,23.167705673218865,right,False
shaped,0.9,12,1,1,14.405154618544795,right,False
shaped,0.9,12,2,1,16.003883022073012,right,False
shaped,0.9,12,3,0,23.342115182345957,left,False
shaped,0.9,12,3,1,17.87310221940438,right,False
shaped,0.9,12,4,0,20.492174242412545,left,False
shaped,0.9,12,4,1,19.807870753933873,right,False
shaped,0.9,12,5,0,18.04482115807896,left,False
shaped,0.9,12,5,1,21.97175298218968,right,False
shaped,0.9,12,6,0,15.938058178659674,left,False
shaped,0.9,12,6,1,24.386698407286882,right,False
shaped,0.9,12,7,0,14.001718960766544,left,False
shaped,0.9,12,7,1,27.074983795042904,down,False
shaped,0.9,12,8,0,12.383414598349079,left,False
shaped,0.9,12,8,1,29.896317189086318,down,False
shaped,0.9,12,13,0,4.903754671451976,up,False
shaped,0.9,12,13,1,57.096598157965076,down,False
shaped,0.9,12,14,0,4.730275978859171,left,False
shaped,0.9,12,14,1,61.221779815912356,down,False
shaped,0.9,12,15,0,4.53413113048242,left,False
shaped,0.9,12,15,1,53.607923759298814,down,False
shaped,0.9,12,16,0,4.333454513171738,left,False
shaped,0.9,12,16,1,47.42521303074407,left,False
shaped,0.9,13,1,0,20.907048806022527,up,False
shaped,0.9,13,1,1,15.61201148568762,right,False
shaped,0.9,13,2,0,23.16295920847685,up,False
shaped,0.9,13,2,1,17.37082238458767,right,False
shaped,0.9,13,3,0,20.872544889358334,up,False
shaped,0.9,13,3,1,19.365067520284455,right,False
shaped,0.9,13,4,0,18.683951436737,left,False
shaped,0.9,13,4,1,21.61666932114731,right,False
shaped,0.9,13,5,0,16.738019992386885,left,False
shaped,0.9,13,5,1,24.17635956162284,right,False
shaped,0.9,13,6,0,15.015130097371689,left,False
shaped,0.9,13,6,1,27.08785798000191,right,False
shaped,0.9,13,7,0,13.483684917612258,left,False
shaped,0.9,13,7,1,30.40210054356849,right,False
shaped,0.9,13,8,0,12.13241641532408,left,False
shaped,0.9,13,8,1,34.17902791738151,down,False
shaped,0.9,13,9,0,10.783342909429855,left,False
shaped,0.9,13,9,1,38.3972503989439,down,False
shaped,0.9,13,10,0,9.57654287945933,left,False
shaped,0.9,13,10,1,45.76049025286776,right,False
shaped,0.9,13,11,0,6.054281235250782,down,False
shaped,0.9,13,11,1,51.28761533453015,right,False
shaped,0.9,13,12,0,5.6714323993915405,left,False
shaped,0.9,13,12,1,57.384371058844856,right,False
shaped,0.9,13,13,0,5.41175637342922,left,False
shaped,0.9,13,13,1,64.1499224171057,down,False
shaped,0.9,13,14,0,5.158247154733082,left,False
shaped,0.9,13,14,1,70.77551783799805,down,False
shaped,0.9,13,15,0,4.815395333133227,left,False
shaped,0.9,13,15,1,60.59679778208296,left,False
shaped,0.9,13,16,0,4.528096329123321,left,False
shaped,0.9,13,16,1,52.25255578947391,left,False
shaped,0.9,14,1,0,18.830468548279203,up,False
shaped,0.9,14,1,1,16.761727256838515,right,False
shaped,0.9,14,2,0,20.251680428865054,up,False
shaped,0.9,14,2,1,18.751381088847694,right,False
shaped,0.9,14,3,0,18.662306993517728,up,False
shaped,0.9,14,3,1,21.027626770133338,right,False
shaped,0.9,14,4,0,16.793593717576375,up,False
shaped,0.9,14,4,1,23.6331340991646,right,False
shaped,0.9,14,5,0,15.128233930101535,left,False
shaped,0.9,14,5,1,26.618267195826537,right,False
shaped,0.9,14,6,0,13.659227408597317,left,False
shaped,0.9,14,6,1,30.039363688630825,right,False
shaped,0.9,14,7,0,12.36262823372946,left,False
shaped,0.9,14,7,1,33.960576683332654,right,False
shaped,0.9,14,8,0,11.218399564353744,left,False
shaped,0.9,14,8,1,38.4542865729936,right,False
shaped,0.9,14,9,0,10.194469206086996,left,False
shaped,0.9,14,9,1,43.60096356058538,right,False
shaped,0.9,14,10,0,8.7849680613166,left,False
shaped,0.9,14,10,1,49.499589880532824,right,False
shaped,0.9,14,11,0,7.877727027991949,left,False
shaped,0.9,14,11,1,56.610919911712706,right,False
shaped,0.9,14,12,0,7.132455489619311,left,False
shaped,0.9,14,12,1,64.1314835914746,right,False
shaped,0.9,14,13,0,6.522079171518119,left,False
shaped,0.9,14,13,1,72.66046168943032,right,False
shaped,0.9,14,14,0,5.95619697518574,left,False
shaped,0.9,14,14,1,82.2893236389876,down,False
shaped,0.9,14,16,0,4.122230923132673,up,False
shaped,0.9,14,16,1,45.05102459563563,up,False
shaped,0.9,15,1,0,16.945918554636286,up,False
shaped,0.9,15,1,1,17.285020435069864,right,False
shaped,0.9,15,2,0,17.809428110644397,up,False
shaped,0.9,15,2,1,19.42350888598668,right,False
shaped,0.9,15,3,0,16.700950354936552,up,False
shaped,0.9,15,3,1,21.876823798991357,right,False
shaped,0.9,15,4,0,15.124897662731005,up,False
shaped,0.9,15,4,1,24.69423865851372,right,False
shaped,0.9,15,5,0,13.671385045908053,left,False
shaped,0.9,15,5,1,27.933921994069852,right,False
shaped,0.9,15,6,0,12.394858557341772,left,False
shaped,0.9,15,6,1,31.6649028714571,right,False
shaped,0.9,15,7,0,11.271698410603177,left,False
shaped,0.9,15,7,1,35.97001446506775,right,False
shaped,0.9,15,8,0,10.282108429881825,left,False
shaped,0.9,15,8,1,40.9497810756422,right,False
shaped,0.9,15,9,0,9.408007310040139,left,False
shaped,0.9,15,9,1,46.727847896631005,right,False
shaped,0.9,15,10,0,8.58957081980691,left,False
shaped,0.9,15,10,1,53.45870468157312,right,False
shaped,0.9,15,11,0,7.862941251904735,left,False
shaped,0.9,15,11,1,61.337403841591936,right,False
shaped,0.9,15,12,0,7.222923483554089,left,False
shaped,0.9,15,12,1,70.57064199765256,right,False
shaped,0.9,15,13,0,6.662812726484279,left,False
shaped,0.9,15,13,1,81.54061835355274,right,False
shaped,0.9,15,14,1,94.69978188809719,right,False
shaped,0.9,15,15,1,0.0,,True
shaped,0.9,16,1,0,15.250443248461563,up,False
shaped,0.9,16,1,1,17.68376204493319,right,False
shaped,0.9,16,2,0,15.742688852909941,up,False
shaped,0.9,16,2,1,19.828571696851267,right,False
shaped,0.9,16,3,0,14.970674676493717,up,False
shaped,0.9,16,3,1,22.272061728327568,right,False
shaped,0.9,16,4,0,13.657204713083349,up,False
shaped,0.9,16,4,1,25.053697265095643,right,False
shaped,0.9,16,5,0,12.443529722584326,left,False
shaped,0.9,16,5,1,28.217198655515002,right,False
shaped,0.9,16,6,0,11.357009527935688,left,False
shaped,0.9,16,6,1,31.81055249590606,right,False
shaped,0.9,16,7,0,10.386263425349432,left,False
shaped,0.9,16,7,1,35.88577987894912,right,False
shaped,0.9,16,8,0,9.520329038396653,left,False
shaped,0.9,16,8,1,40.498275538871674,right,False
shaped,0.9,16,9,0,8.748744577526598,left,False
shaped,0.9,16,9,1,45.705486727174204,right,False
shaped,0.9,16,10,0,8.057315900661287,left,False
shaped,0.9,16,10,1,51.56456473754408,right,False
shaped,0.9,16,11,0,7.438386990272037,left,False
shaped,0.9,16,11,1,58.128431235866024,right,False
shaped,0.9,16,12,0,6.885386534632676,left,False
shaped,0.9,16,12,1,65.43959177624278,right,False
shaped,0.9,16,13,0,6.392452143207817,left,False
shaped,0.9,16,13,1,73.52593157860026,right,False
shaped,0.9,16,14,0,5.759226272084913,left,False
shaped,0.9,16,14,1,82.37491956209233,up,False
shaped,0.9,16,16,0,-9.999991791689899,up,False
shaped,0.9,16,16,1,-9.999991791689899,up,False
shaped,0.99,1,1,0,84.38662053868724,down,False
shaped,0.99,1,1,1,81.21095860264016,right,False
shaped,0.99,1,2,0,83.0936258527699,down,False
shaped,0.99,1,2,1,81.85841251791375,right,False
shaped,0.99,1,3,0,82.45928330515736,left,False
shaped,0.99,1,3,1,82.50593588217,right,False
shaped,0.99,1,4,0,81.82774767116634,down,False
shaped,0.99,1,4,1,83.15201933196388,right,False
shaped,0.99,1,5,0,82.03475640621572,down,False
shaped,0.99,1,5,1,83.79659160431858,right,False
shaped,0.99,1,6,0,83.3723691226873,down,False
shaped,0.99,1,6,1,84.44499887261716,down,False
shaped,0.99,1,7,0,84.72250012734159,down,False
shaped,0.99,1,7,1,85.08674701313697,down,False
shaped,0.99,1,8,0,85.40491952120654,down,False
shaped,0.99,1,8,1,85.51177017009027,down,False
shaped,0.99,1,9,0,85.05871791015525,down,False
shaped,0.99,1,9,1,85.20161394198449,down,False
shaped,0.99,1,10,0,84.42948945179643,down,False
shaped,0.99,1,10,1,85.01735928913043,down,False
shaped,0.99,1,11,0,83.78161394220237,left,False
shaped,0.99,1,11,1,85.34124977429546,down,False
shaped,0.99,1,12,0,83.13801929835248,left,False
shaped,0.99,1,12,1,85.3950376780895,down,False
shaped,0.99,1,13,0,82.49357069843956,left,False
shaped,0.99,1,13,1,84.9905772863254,down,False
shaped,0.99,1,14,0,81.84952356356774,left,False
shaped,0.99,1,14,1,85.48392157567352,down,False
shaped,0.99,1,15,0,81.20727907869464,left,False
shaped,0.99,1,15,1,85.16173650804554,down,False
shaped,0.99,1,16,0,80.56806931947189,left,False
shaped,0.99,1,16,1,85.09116845624847,down,False
shaped,0.99,2,1,0,85.28544967920828,down,False
shaped,0.99,2,1,1,81.60819178576865,right,False
shaped,0.99,2,2,0,83.80793102554202,down,False
shaped,0.99,2,2,1,82.32048949456203,right,False
shaped,0.99,2,3,0,83.08750083386875,left,False
shaped,0.99,2,3,1,83.04493857494701,right,False
shaped,0.99,2,4,0,82.3773203784601,left,False
shaped,0.99,2,4,1,83.76837239877918,right,False
shaped,0.99,2,5,0,82.55043540861641,down,False
shaped,0.99,2,5,1,84.44737301392165,right,False
shaped,0.99,2,6,0,84.04469788619333,down,False
shaped,0.99,2,6,1,85.13326811804174,down,False
shaped,0.99,2,7,0,85.49690473686375,down,False
shaped,0.99,2,7,1,85.80937737109713,down,False
shaped,0.99,2,8,0,86.23305421148275,down,False
shaped,0.99,2,8,1,86.30457378223895,down,False
shaped,0.99,2,9,0,85.78928209826763,down,False
shaped,0.99,2,9,1,85.88286632010308,down,False
shaped,0.99,2,10,0,85.11906136163259,down,False
shaped,0.99,2,10,1,85.64850477426606,down,False
shaped,0.99,2,11,0,84.43513652627834,left,False
shaped,0.99,2,11,1,86.07376575068268,down,False
shaped,0.99,2,12,0,83.76077924839701,left,False
shaped,0.99,2,12,1,86.15175100894953,down,False
shaped,0.99,2,13,0,83.044403181807,left,False
shaped,0.99,2,13,1,85.57267717197328,right,False
shaped,0.99,2,14,0,82.33851250111513,left,False
shaped,0.99,2,14,1,86.28641731064494,down,False
shaped,0.99,2,15,0,81.64581603594148,left,False
shaped,0.99,2,15,1,85.95303357940058,down,False
shaped,0.99,2,16,0,80.96631743957582,left,False
shaped,0.99,2,16,1,85.82844806159515,down,False
shaped,0.99,3,1,0,86.2186931684823,down,False
shaped,0.99,3,1,1,81.51999196377926,right,False
shaped,0.99,3,2,0,84.51895066255983,left,False
shaped,0.99,3,2,1,82.27187175687402,right,False
shaped,0.99,3,3,0,83.3146506507968,left,False
shaped,0.99,3,3,1,83.15454528059657,right,False
shaped,0.99,3,4,0,82.53608786455133,left,False
shaped,0.99,3,4,1,84.38386927160393,right,False
shaped,0.99,3,5,0,83.04880757628247,right,False
shaped,0.99,3,5,1,85.11072823843479,right,False
shaped,0.99,3,6,0,84.73233738862474,down,False
shaped,0.99,3,6,1,85.83061847212736,right,False
shaped,0.99,3,7,0,86.28713040302247,down,False
shaped,0.99,3,7,1,86.53665533203198,down,False
shaped,0.99,3,8,0,87.09055772071305,down,False
shaped,0.99,3,8,1,87.13010310203299,down,False
shaped,0.99,3,9,0,86.5219983036985,down,False
shaped,0.99,3,9,1,86.56503982703165,down,False
shaped,0.99,3,10,0,85.81672211843753,left,False
shaped,0.99,3,10,1,86.26868459502307,down,False
shaped,0.99,3,11,0,85.11575906653819,left,False
shaped,0.99,3,11,1,86.82517730826304,down,False
shaped,0.99,3,12,0,84.41906271765325,left,False
shaped,0.99,3,12,1,86.94287015101841,down,False
shaped,0.99,3,13,0,83.22224765586907,left,False
shaped,0.99,3,13,1,86.05825768279068,right,False
shaped,0.99,3,14,0,82.46709442758362,left,False
shaped,0.99,3,14,1,87.12799488164006,down,False
shaped,0.99,3,15,0,81.75953036633854,left,False
shaped,0.99,3,15,1,86.75967412569295,down,False
shaped,0.99,3,16,0,81.07668966143879,left,False
shaped,0.99,3,16,1,86.56828456961688,down,False
shaped,0.99,4,1,0,87.19149801667818,down,False
shaped,0.99,4,1,1,80.62079338933275,down,False
shaped,0.99,4,2,0,85.21980304639574,left,False
shaped,0.99,4,2,1,80.44185287555464,up,False
shaped,0.99,4,3,0,84.24221357067073,left,False
shaped,0.99,4,3,1,83.74820099562099,right,False
shaped,0.99,4,4,0,81.77302860255253,right,False
shaped,0.99,4,4,1,84.67781453822656,right,False
shaped,0.99,4,5,0,83.51821473776417,right,False
shaped,0.99,4,5,1,85.58170181951178,right,False
shaped,0.99,4,6,0,85.43949435438579,down,False
shaped,0.99,4,6,1,86.51913035830185,right,False
shaped,0.99,4,7,0,87.09174720605812,down,False
shaped,0.99,4,7,1,87.26457562650265,right,False
shaped,0.99,4,8,0,87.98289643781271,down,False
shaped,0.99,4,8,1,87.99625666829002,down,False
shaped,0.99,4,9,0,87.25274949447297,left,False
shaped,0.99,4,9,1,87.24565636997866,down,False
shaped,0.99,4,10,0,86.51022613239076,left,False
shaped,0.99,4,10,1,86.87254179119809,right,False
shaped,0.99,4,11,0,85.75592558216258,left,False
shaped,0.99,4,11,1,87.59751690455167,down,False
shaped,0.99,4,12,0,85.00065041781491,left,False
shaped,0.99,4,12,1,87.78713394811122,down,False
shaped,0.99,4,13,0,84.15105119685641,left,False
shaped,0.99,4,13,1,88.59788582329709,down,False
shaped,0.99,4,14,0,81.85415703560514,down,False
shaped,0.99,4,14,1,88.029065192677,down,False
shaped,0.99,4,15,0,81.44096759731414,down,False
shaped,0.99,4,15,1,87.58048290406377,down,False
shaped,0.99,4,16,0,80.88359782606713,left,False
shaped,0.99,4,16,1,87.30911194290556,down,False
shaped,0.99,5,1,0,88.2105798124165,down,False
shaped,0.99,5,1,1,81.33281743574356,down,False
shaped,0.99,5,6,0,86.17311631559012,right,False
shaped,0.99,5,6,1,86.95308316536503,right,False
shaped,0.99,5,7,0,87.9077405525637,right,False
shaped,0.99,5,7,1,87.92334815500791,right,False
shaped,0.99,5,8,0,87.11791039397771,left,False
shaped,0.99,5,8,1,87.13127051348506,right,False
shaped,0.99,5,9,0,87.92543114807211,left,False
shaped,0.99,5,9,1,87.92126934657743,left,False
shaped,0.99,5,10,0,86.97164689942265,left,False
shaped,0.99,5,10,1,87.42129927157453,right,False
shaped,0.99,5,11,0,85.99359937092743,left,False
shaped,0.99,5,11,1,88.39167803833338,down,False
shaped,0.99,5,12,0,85.09565805751997,left,False
shaped,0.99,5,12,1,89.05781449249267,down,False
shaped,0.99,5,13,0,83.75286412137348,left,False
shaped,0.99,5,13,1,89.51020468227152,down,False
shaped,0.99,5,14,0,82.89210501891696,left,False
shaped,0.99,5,14,1,89.36541248569225,down,False
shaped,0.99,5,15,0,82.1084973055664,left,False
shaped,0.99,5,15,1,88.41162041368825,down,False
shaped,0.99,5,16,0,81.37130517688763,left,False
shaped,0.99,5,16,1,88.04929552153483,down,False
shaped,0.99,6,1,0,89.17283460802781,down,False
shaped,0.99,6,1,1,82.20823179730597,right,False
shaped,0.99,6,2,0,87.96397035999829,down,False
shaped,0.99,6,2,1,82.91634864685932,right,False
shaped,0.99,6,3,0,88.64392577353402,down,False
shaped,0.99,6,3,1,83.57267688055789,right,False
shaped,0.99,6,4,0,88.16990213530713,down,False
shaped,0.99,6,4,1,84.22585666080244,right,False
shaped,0.99,6,5,0,87.48267964846342,left,False
shaped,0.99,6,5,1,84.87997848620445,down,False
shaped,0.99,6,6,0,86.78460461490369,down,False
shaped,0.99,6,6,1,85.3777527386552,down,False
shaped,0.99,6,11,0,84.06281206010684,up,False
shaped,0.99,6,11,1,89.16697698950848,down,False
shaped,0.99,6,12,0,83.57235317557316,left,False
shaped,0.99,6,12,1,89.83021225145552,down,False
shaped,0.99,6,13,0,82.99140274069576,left,False
shaped,0.99,6,13,1,90.33624395382728,down,False
shaped,0.99,6,14,0,82.38661705317428,left,False
shaped,0.99,6,14,1,90.21610075908107,down,False
shaped,0.99,6,15,0,81.77064988333385,left,False
shaped,0.99,6,15,1,89.20147010223835,down,False
shaped,0.99,6,16,0,81.15049622321611,left,False
shaped,0.99,6,16,1,88.78745561104512,down,False
shaped,0.99,7,1,0,90.12157943963791,down,False
shaped,0.99,7,1,1,82.692270129846,right,False
shaped,0.99,7,2,0,88.58599884119147,down,False
shaped,0.99,7,2,1,83.41484890321597,right,False
shaped,0.99,7,3,0,89.52862676325603,down,False
shaped,0.99,7,3,1,84.1626605457286,right,False
shaped,0.99,7,4,0,88.93102045268861,down,False
shaped,0.99,7,4,1,84.87428172029365,right,False
shaped,0.99,7,5,0,88.19527143537653,left,False
shaped,0.99,7,5,1,85.59245095411381,right,False
shaped,0.99,7,6,0,87.46482761721002,left,False
shaped,0.99,7,6,1,86.31595624670973,right,False
shaped,0.99,7,7,0,86.76671795535557,left,False
shaped,0.99,7,7,1,87.07154110911016,right,False
shaped,0.99,7,8,0,86.08510582493946,left,False
shaped,0.99,7,8,1,87.76889188131058,right,False
shaped,0.99,7,9,0,85.42048415435563,left,False
shaped,0.99,7,9,1,88.46845476053372,right,False
shaped,0.99,7,10,0,84.7607299883089,left,False
shaped,0.99,7,10,1,89.17288800845503,right,False
shaped,0.99,7,11,0,84.14170087595589,left,False
shaped,0.99,7,11,1,89.8816354225417,down,False
shaped,0.99,7,12,0,83.5367260229703,left,False
shaped,0.99,7,12,1,90.60529466927434,down,False
shaped,0.99,7,13,0,82.93500482450338,left,False
shaped,0.99,7,13,1,91.17633707801028,down,False
shaped,0.99,7,14,0,82.3344210673782,left,False
shaped,0.99,7,14,1,91.08821599435677,down,False
shaped,0.99,7,15,0,81.73442367645184,left,False
shaped,0.99,7,15,1,90.00014901716646,down,False
shaped,0.99,7,16,0,81.13517477882667,left,False
shaped,0.99,7,16,1,89.52847470382582,down,False
shaped,0.99,8,1,0,91.12314291645934,down,False
shaped,0.99,8,1,1,82.71812980369337,right,False
shaped,0.99,8,2,0,89.142207609981,left,False
shaped,0.99,8,2,1,83.32629530262473,right,False
shaped,0.99,8,3,0,90.47278011762867,down,False
shaped,0.99,8,3,1,84.53065062707864,right,False
shaped,0.99,8,4,0,89.692366832101,left,False
shaped,0.99,8,4,1,85.32020964864711,right,False
shaped,0.99,8,5,0,88.90018132979057,left,False
shaped,0.99,8,5,1,86.13228016753006,right,False
shaped,0.99,8,6,0,88.10602811632673,left,False
shaped,0.99,8,6,1,86.8979612845213,right,False
shaped,0.99,8,7,0,87.31989297924272,left,False
shaped,0.99,8,7,1,87.66157746778045,right,False
shaped,0.99,8,8,0,86.70141139019027,down,False
shaped,0.99,8,8,1,88.41167085573855,right,False
shaped,0.99,8,9,0,86.10557989618555,down,False
shaped,0.99,8,9,1,89.14293370246962,right,False
shaped,0.99,8,10,0,85.41812393148138,down,False
shaped,0.99,8,10,1,89.88400849459539,right,False
shaped,0.99,8,11,0,84.7372154673199,left,False
shaped,0.99,8,11,1,90.63585269879607,down,False
shaped,0.99,8,12,0,84.06905014981297,left,False
shaped,0.99,8,12,1,91.38959014106022,down,False
shaped,0.99,8,13,0,83.41180750486882,left,False
shaped,0.99,8,13,1,92.03116101301868,down,False
shaped,0.99,8,14,0,82.76386018290161,left,False
shaped,0.99,8,14,1,91.98452508956345,down,False
shaped,0.99,8,15,0,82.1239177034167,left,False
shaped,0.99,8,15,1,90.80694019955351,down,False
shaped,0.99,8,16,0,81.49103132301421,left,False
shaped,0.99,8,16,1,90.2716426205146,down,False
shaped,0.99,9,1,0,92.19302173527997,down,False
shaped,0.99,9,1,1,83.2037291026244,down,False
shaped,0.99,9,2,0,92.85519732189125,down,False
shaped,0.99,9,2,1,83.9388885309097,down,False
shaped,0.99,9,3,0,91.500198545281,down,False
shaped,0.99,9,3,1,84.09031506386863,right,False
shaped,0.99,9,4,0,90.23993893053463,left,False
shaped,0.99,9,4,1,84.85747339044664,right,False
shaped,0.99,9,5,0,89.21712047135651,left,False
shaped,0.99,9,5,1,86.21658773466568,right,False
shaped,0.99,9,6,0,88.26329867705854,left,False
shaped,0.99,9,6,1,87.11830567287794,right,False
shaped,0.99,9,7,0,87.3738750861792,left,False
shaped,0.99,9,7,1,88.07526848720806,right,False
shaped,0.99,9,8,0,87.4145070398016,down,False
shaped,0.99,9,8,1,89.10451582962472,right,False
shaped,0.99,9,9,0,86.82543674159098,down,False
shaped,0.99,9,9,1,89.86284801471945,right,False
shaped,0.99,9,10,0,86.1170292809272,left,False
shaped,0.99,9,10,1,90.62926509405906,right,False
shaped,0.99,9,11,0,85.41447400875772,left,False
shaped,0.99,9,11,1,91.4012202447805,right,False
shaped,0.99,9,12,0,84.71757195375294,left,False
shaped,0.99,9,12,1,92.17873204998808,down,False
shaped,0.99,9,13,0,84.0258010968799,left,False
shaped,0.99,9,13,1,92.90040859240771,down,False
shaped,0.99,9,14,0,83.33940356944504,left,False
shaped,0.99,9,14,1,92.90852660292778,down,False
shaped,0.99,9,15,0,82.65891408676642,left,False
shaped,0.99,9,15,1,91.62068130840377,down,False
shaped,0.99,9,16,0,81.98491109903382,left,False
shaped,0.99,9,16,1,91.01624106228265,down,False
shaped,0.99,10,1,0,93.56470713209598,down,False
shaped,0.99,10,1,1,84.45279034962691,down,False
shaped,0.99,10,2,0,94.02723297236832,down,False
shaped,0.99,10,2,1,84.69290171518544,down,False
shaped,0.99,10,3,0,92.88356067713488,left,False
shaped,0.99,10,3,1,82.97638107630397,left,False
shaped,0.99,10,4,0,91.73977137670784,left,False
shaped,0.99,10,4,1,84.01247625631657,right,False
shaped,0.99,10,5,0,87.33303925983628,up,False
shaped,0.99,10,5,1,84.765595001625,right,False
shaped,0.99,10,6,0,86.67517656795796,up,False
shaped,0.99,10,6,1,85.45247337213662,right,False
shaped,0.99,10,7,0,88.91766573795472,down,False
shaped,0.99,10,7,1,88.91381780383632,right,False
shaped,0.99,10,8,0,88.21815046572267,down,False
shaped,0.99,10,8,1,89.70085643685654,right,False
shaped,0.99,10,9,0,87.557846775049,down,False
shaped,0.99,10,9,1,90.4981780169714,right,False
shaped,0.99,10,10,0,86.81706174111599,left,False
shaped,0.99,10,10,1,91.32304867907027,right,False
shaped,0.99,10,11,0,86.06871198988576,left,False
shaped,0.99,10,11,1,92.14863680817301,right,False
shaped,0.99,10,12,0,85.31790478773073,left,False
shaped,0.99,10,12,1,92.97079645846773,right,False
shaped,0.99,10,13,0,84.5627794598542,left,False
shaped,0.99,10,13,1,93.78380048708212,down,False
shaped,0.99,10,14,0,83.81158527887773,left,False
shaped,0.99,10,14,1,93.86482159437809,down,False
shaped,0.99,10,15,0,83.06907683967353,left,False
shaped,0.99,10,15,1,92.43955720902517,down,False
shaped,0.99,10,16,0,82.33776809430714,left,False
shaped,0.99,10,16,1,91.76159816614228,down,False
shaped,0.99,11,1,0,94.35998113857828,down,False
shaped,0.99,11,1,1,85.16081671112435,down,False
shaped,0.99,11,2,0,95.16269502431119,down,False
shaped,0.99,11,2,1,85.62804765658873,down,False
shaped,0.99,11,7,0,90.02932621416709,down,False
shaped,0.99,11,7,1,89.40694874355901,down,False
shaped,0.99,11,8,0,89.29955871968312,down,False
shaped,0.99,11,8,1,89.94901394224588,right,False
shaped,0.99,11,9,0,88.29464743254037,left,False
shaped,0.99,11,9,1,90.64546979485382,right,False
shaped,0.99,11,10,0,87.32991107540784,left,False
shaped,0.99,11,10,1,91.6063745725797,right,False
shaped,0.99,11,11,0,86.39965822277658,left,False
shaped,0.99,11,11,1,92.59641625084136,right,False
shaped,0.99,11,12,0,85.49944715474406,left,False
shaped,0.99,11,12,1,93.61951514898855,right,False
shaped,0.99,11,13,0,84.57014706444785,left,False
shaped,0.99,11,13,1,94.68064936849794,down,False
shaped,0.99,11,14,0,83.7097272050318,left,False
shaped,0.99,11,14,1,94.85948129098921,down,False
shaped,0.99,11,15,0,82.89968489103516,left,False
shaped,0.99,11,15,1,93.26078491506773,down,False
shaped,0.99,11,16,0,82.1267983684985,left,False
shaped,0.99,11,16,1,92.50717649495039,down,False
shaped,0.99,12,1,0,95.12277297784371,right,False
shaped,0.99,12,1,1,85.84939285192014,right,False
shaped,0.99,12,2,1,86.56559354063779,right,False
shaped,0.99,12,3,0,95.16074591559624,left,False
shaped,0.99,12,3,1,87.32008534249898,right,False
shaped,0.99,12,4,0,94.10128924996364,left,False
shaped,0.99,12,4,1,88.01957323206379,right,False
shaped,0.99,12,5,0,93.0783127495548,left,False
shaped,0.99,12,5,1,88.72297625815678,right,False
shaped,0.99,12,6,0,92.08721305899495,left,False
shaped,0.99,12,6,1,89.42987914434232,right,False
shaped,0.99,12,7,0,91.05526086580292,left,False
shaped,0.99,12,7,1,90.1397833808893,down,False
shaped,0.99,12,8,0,90.08268349578165,left,False
shaped,0.99,12,8,1,90.68098058053376,down,False
shaped,0.99,12,13,0,82.65525001378789,up,False
shaped,0.99,12,13,1,95.60761202138906,down,False
shaped,0.99,12,14,0,82.14973522606257,left,False
shaped,0.99,12,14,1,95.90060517287398,down,False
shaped,0.99,12,15,0,81.59335694466968,left,False
shaped,0.99,12,15,1,94.08015883113598,left,False
shaped,0.99,12,16,0,80.99806963093172,left,False
shaped,0.99,12,16,1,93.25271251939216,left,False
shaped,0.99,13,1,0,94.35540162564982,up,False
shaped,0.99,13,1,1,86.44971629629995,right,False
shaped,0.99,13,2,0,95.12101683089153,up,False
shaped,0.99,13,2,1,87.18090132703341,right,False
shaped,0.99,13,3,0,94.3422422804755,up,False
shaped,0.99,13,3,1,87.91813024037435,right,False
shaped,0.99,13,4,0,93.51465504106085,left,False
shaped,0.99,13,4,1,88.65695238009401,right,False
shaped,0.99,13,5,0,92.6801889028047,left,False
shaped,0.99,13,5,1,89.40340733616297,right,False
shaped,0.99,13,6,0,91.84399261118219,left,False
shaped,0.99,13,6,1,90.15770375139515,right,False
shaped,0.99,13,7,0,91.00287704925637,left,False
shaped,0.99,13,7,1,90.92021245975576,right,False
shaped,0.99,13,8,0,90.16424825067797,left,False
shaped,0.99,13,8,1,91.69157190448595,down,False
shaped,0.99,13,9,0,89.19520189266471,left,False
shaped,0.99,13,9,1,92.12866577770008,down,False
shaped,0.99,13,10,0,88.2026436147811,left,False
shaped,0.99,13,10,1,94.04894439073804,right,False
shaped,0.99,13,11,0,84.64895599243205,down,False
shaped,0.99,13,11,1,94.88617376044746,right,False
shaped,0.99,13,12,0,84.02064377195771,down,False
shaped,0.99,13,12,1,95.66832482435738,right,False
shaped,0.99,13,13,0,83.4289459256187,left,False
shaped,0.99,13,13,1,96.44987186762248,down,False
shaped,0.99,13,14,0,82.82337597822632,left,False
shaped,0.99,13,14,1,96.99686345766916,down,False
shaped,0.99,13,15,0,82.05755395369319,left,False
shaped,0.99,13,15,1,94.88951341038451,left,False
shaped,0.99,13,16,0,81.26846355830271,left,False
shaped,0.99,13,16,1,93.76784093062994,left,False
shaped,0.99,14,1,0,93.563861871759,up,False
shaped,0.99,14,1,1,86.90255103989291,right,False
shaped,0.99,14,2,0,94.05617635293146,up,False
shaped,0.99,14,2,1,87.67422642559373,right,False
shaped,0.99,14,3,0,93.51018886425466,up,False
shaped,0.99,14,3,1,88.4559142063888,right,False
shaped,0.99,14,4,0,92.72294463815999,up,False
shaped,0.99,14,4,1,89.24763656443038,right,False
shaped,0.99,14,5,0,91.93766816240993,left,False
shaped,0.99,14,5,1,90.04981126768173,right,False
shaped,0.99,14,6,0,91.15806977091268,left,False
shaped,0.99,14,6,1,90.86199442402722,right,False
shaped,0.99,14,7,0,90.38347550995532,left,False
shaped,0.99,14,7,1,91.68332279489738,right,False
shaped,0.99,14,8,0,89.61397940994469,left,False
shaped,0.99,14,8,1,92.51228908961845,right,False
shaped,0.99,14,9,0,88.83628576519148,left,False
shaped,0.99,14,9,1,93.3464074046375,right,False
shaped,0.99,14,10,0,87.55537371643744,left,False
shaped,0.99,14,10,1,94.22474017960181,right,False
shaped,0.99,14,11,0,86.60208401659709,left,False
shaped,0.99,14,11,1,95.58716461891042,right,False
shaped,0.99,14,12,0,85.7082468207963,left,False
shaped,0.99,14,12,1,96.45315300594947,right,False
shaped,0.99,14,13,0,84.86592229154745,left,False
shaped,0.99,14,13,1,97.31820483295687,right,False
shaped,0.99,14,14,0,83.9881516945061,left,False
shaped,0.99,14,14,1,98.17457615548794,down,False
shaped,0.99,14,16,0,80.40476700520666,up,False
shaped,0.99,14,16,1,91.75078555743009,up,False
shaped,0.99,15,1,0,92.75754488691513,up,False
shaped,0.99,15,1,1,86.92971512615134,right,False
shaped,0.99,15,2,0,93.05019536037769,up,False
shaped,0.99,15,2,1,87.73972871472209,right,False
shaped,0.99,15,3,0,92.67380550556936,up,False
shaped,0.99,15,3,1,88.56455710669572,right,False
shaped,0.99,15,4,0,91.93703620608365,up,False
shaped,0.99,15,4,1,89.40553287673869,right,False
shaped,0.99,15,5,0,91.16926573342998,left,False
shaped,0.99,15,5,1,90.26438745022263,right,False
shaped,0.99,15,6,0,90.41294260380775,left,False
shaped,0.99,15,6,1,91.1433343341451,right,False
shaped,0.99,15,7,0,89.66666084359686,left,False
shaped,0.99,15,7,1,92.04534143842152,right,False
shaped,0.99,15,8,0,88.92935585093889,left,False
shaped,0.99,15,8,1,92.9744323899134,right,False
shaped,0.99,15,9,0,88.1988796478937,left,False
shaped,0.99,15,9,1,93.93611384242988,right,False
shaped,0.99,15,10,0,87.42397649032777,left,False
shaped,0.99,15,10,1,94.93798289638065,right,False
shaped,0.99,15,11,0,86.64627666593792,left,False
shaped,0.99,15,11,1,95.9852145041831,right,False
shaped,0.99,15,12,0,85.8722479416928,left,False
shaped,0.99,15,12,1,97.03000626905303,right,False
shaped,0.99,15,13,0,85.10631477616676,left,False
shaped,0.99,15,13,1,98.13538588803809,right,False
shaped,0.99,15,14,1,99.31918035054531,right,False
shaped,0.99,15,15,1,0.0,,True
shaped,0.99,16,1,0,91.94329554711592,up,False
shaped,0.99,16,1,1,87.23734778931343,right,False
shaped,0.99,16,2,0,92.09023977287531,up,False
shaped,0.99,16,2,1,88.04900070793236,right,False
shaped,0.99,16,3,0,91.83938169991626,up,False
shaped,0.99,16,3,1,88.87110668571914,right,False
shaped,0.99,16,4,0,91.15953537364311,up,False
shaped,0.99,16,4,1,89.70325248771472,right,False
shaped,0.99,16,5,0,90.43741323366805,left,False
shaped,0.99,16,5,1,90.54480143514371,right,False
shaped,0.99,16,6,0,89.71954783445291,left,False
shaped,0.99,16,6,1,91.39481279733893,right,False
shaped,0.99,16,7,0,89.00652753429834,left,False
shaped,0.99,16,7,1,92.25193968601263,right,False
shaped,0.99,16,8,0,88.2987525376329,left,False
shaped,0.99,16,8,1,93.11427885693642,right,False
shaped,0.99,16,9,0,87.59633861814287,left,False
shaped,0.99,16,9,1,93.97916217613418,right,False
shaped,0.99,16,10,0,86.89375566938024,left,False
shaped,0.99,16,10,1,94.84286597259637,right,False
shaped,0.99,16,11,0,86.19071684803218,left,False
shaped,0.99,16,11,1,95.70020446283793,right,False
shaped,0.99,16,12,0,85.48768067688022,left,False
shaped,0.99,16,12,1,96.54463129432176,right,False
shaped,0.99,16,13,0,84.78553635841249,left,False
shaped,0.99,16,13,1,97.3746744640753,right,False
shaped,0.99,16,14,0,83.87798602975397,left,False
shaped,0.99,16,14,1,98.18078092072736,up,False
shaped,0.99,16,16,0,-99.9999013657462,up,False
shaped,0.99,16,16,1,-99.9999013657462,up,False
